user_id,date,age,gender,height_cm,weight_kg,steps,calories_burned,sleep_hours,heart_rate_avg,workout_type,workout_duration_minutes,water_intake_liters,stress_level,mood
1102,2015-01-01,38,Female,165.5,59.6,2713,372.5,7.8,74,None,0,1.09,2,Tired
1435,2015-01-02,21,Female,173.4,52.1,1635,245.4,7.8,96,Running,20,2.93,3,Neutral
1860,2015-01-03,24,Male,165.7,85.1,16193,900,10,60,Running,43,2.24,1,Tired
1270,2015-01-04,43,Female,170.9,74.8,15633,819.5,6.5,66,Running,62,2.61,1,Happy
1106,2015-01-05,29,Female,157.8,75,10309,629.3,7.1,75,None,0,3.59,2,Neutral
1071,2015-01-06,48,Female,169.9,93.8,16778,865.3,9.9,82,None,0,2.41,2,Neutral
1700,2015-01-07,34,Female,165.2,49.5,8445,556,7.4,81,Yoga,36,2.94,6,Neutral
1020,2015-01-08,50,Female,158.8,49.1,13415,763.5,5.4,76,Running,58,2.54,8,Happy
1614,2015-01-09,28,Male,189.8,67.6,15281,843.3,7.5,79,Walking,74,2.42,4,Tired
1121,2015-01-10,45,Male,159.2,71,7602,504.2,8.1,76,Running,87,2.34,3,Tired
1466,2015-01-11,49,Male,170.1,64.7,1037,120,6.5,85,Walking,64,2.99,2,Tired
1214,2015-01-12,18,Female,162,106.9,10824,662.7,8.2,69,Yoga,47,1.99,1,Happy
1330,2015-01-13,45,Female,173,65.3,4775,292.5,8.1,71,Yoga,75,1.71,8,Tired
1458,2015-01-14,59,Female,157.3,61.7,11555,631.9,6.3,82,Running,48,2.55,7,Tired
1087,2015-01-15,24,Male,178.4,71.9,6120,325.2,9.3,91,None,0,2.63,2,Happy
1372,2015-01-16,19,Female,190.4,84.6,15678,900,5.8,69,Walking,88,1.22,7,Happy
1099,2015-01-17,59,Female,161.6,59.1,18425,900,7.7,77,Walking,30,2.49,6,Tired
1871,2015-01-18,41,Female,182.2,67.8,5715,412.3,6.1,71,Walking,21,1.64,8,Happy
1663,2015-01-19,21,Male,166.2,85,2394,366.7,4.5,81,Walking,87,2.94,6,Happy
1130,2015-01-20,36,Female,185.1,85.8,3869,381.4,7.5,59,Cycling,29,1.24,4,Happy
1661,2015-01-21,43,Male,191.9,73.3,4676,393.3,9.9,72,Yoga,46,3.85,8,Neutral
1308,2015-01-22,28,Female,167.7,106.3,4721,408.6,6.9,69,Walking,54,2.26,1,Neutral
1769,2015-01-23,57,Male,154.8,99.7,6690,448.5,4.8,72,Cycling,69,1.89,10,Tired
1343,2015-01-24,28,Male,179.5,48.9,6818,410.7,7.3,50,Cycling,21,2.3,1,Tired
1491,2015-01-25,20,Male,172.2,45,1234,297.4,5.8,95,Yoga,36,2.89,4,Happy
1413,2015-01-26,29,Female,175,81.9,4140,362.1,8.6,50,Gym,43,3.12,1,Tired
1805,2015-01-27,20,Female,166.6,90.5,9638,497.6,6.7,80,Running,76,2.31,5,Neutral
1385,2015-01-28,59,Male,161.2,66.6,13897,781.2,4.3,62,Yoga,35,1.49,9,Tired
1191,2015-01-29,44,Male,181.6,62.5,18383,900,7.8,63,Gym,55,1.65,9,Tired
1955,2015-01-30,19,Female,173.2,57.7,18718,900,7.3,76,None,0,2.7,9,Neutral
1276,2015-01-31,33,Female,155.6,52.5,9325,586.4,6.6,82,Running,29,3.19,6,Neutral
1160,2015-02-01,19,Male,176.9,87,11624,605.9,5.4,64,Running,82,3.28,1,Happy
1459,2015-02-02,47,Female,174.9,64.3,7090,394.1,9.7,64,Running,62,2.62,10,Happy
1313,2015-02-03,37,Female,166.7,74.5,12377,758.3,6.3,62,Cycling,70,3.18,5,Happy
1021,2015-02-04,55,Female,186.2,45,18495,900,8.3,77,Walking,22,3.84,10,Tired
1252,2015-02-05,45,Female,163.8,85,15870,791.5,6.3,65,Running,85,3.33,2,Tired
1747,2015-02-06,42,Male,168.3,78.8,3103,288.1,8,88,Walking,54,3.15,1,Tired
1856,2015-02-07,49,Female,177.7,49.8,6125,509.9,7.1,63,Running,88,1.94,5,Neutral
1560,2015-02-08,27,Female,170.8,73.9,7590,527.2,7,80,Cycling,55,3.17,5,Tired
1474,2015-02-09,59,Male,156.2,70.1,11212,703.3,5.8,90,None,0,2.82,1,Neutral
1058,2015-02-10,57,Male,171.8,63.2,10600,636.3,7.8,76,Running,20,2.96,7,Tired
1510,2015-02-11,50,Female,165.9,45,3921,315,9.1,57,Yoga,61,3.38,3,Tired
1681,2015-02-12,30,Female,178.6,60.1,5734,518.7,5.4,79,Gym,60,2.75,6,Neutral
1475,2015-02-13,58,Female,171.5,74.5,17037,861.9,5.8,73,Running,76,2.43,2,Neutral
1699,2015-02-14,59,Female,170.9,61.8,1836,313.7,10,75,Gym,39,1.75,9,Neutral
1975,2015-02-15,54,Male,159.5,66.7,13094,778,5.5,91,Gym,33,2.29,2,Happy
1782,2015-02-16,33,Male,167.7,92.5,10028,601.4,6.2,76,Cycling,71,2.65,2,Happy
1189,2015-02-17,39,Male,179.7,68.8,11749,614.3,9.1,80,None,0,2.69,1,Tired
1957,2015-02-18,37,Female,162.2,45,16432,823.4,9.1,68,Gym,68,2.67,1,Tired
1686,2015-02-19,44,Female,169.7,67.2,12051,715.9,3.4,72,Cycling,49,3.17,4,Tired
1957,2015-02-20,58,Female,160.6,71.5,16586,890.1,8.1,86,None,0,3.11,7,Happy
1562,2015-02-21,33,Female,158.2,57.6,6312,517.5,6.7,76,Running,31,2.46,4,Tired
1875,2015-02-22,51,Male,169.2,81,4822,449.8,6.8,78,Walking,50,1.91,5,Neutral
1566,2015-02-23,49,Male,171.7,48.1,12622,657.2,8.7,85,Cycling,56,2.77,6,Neutral
1243,2015-02-24,43,Female,189.9,67.9,17099,900,6.5,91,Gym,46,4.07,5,Happy
1831,2015-02-25,42,Male,165.4,47.9,18188,876.2,6.2,63,Gym,43,2.72,5,Neutral
1504,2015-02-26,19,Female,169.5,65.6,2075,312.7,6.5,70,Running,60,2.29,4,Neutral
1130,2015-02-27,29,Female,157.5,80.6,15063,900,6.5,90,Cycling,83,2.88,9,Tired
1484,2015-02-28,57,Male,176.1,67.6,17383,900,7.5,95,Running,30,2.92,5,Neutral
1818,2015-03-01,26,Female,174,66.7,10605,535.3,9,72,Cycling,35,2.91,9,Neutral
1646,2015-03-02,29,Female,184.9,70.4,5452,401.8,7.6,78,Walking,33,3.46,4,Happy
1020,2015-03-03,43,Male,181.1,71.2,19047,900,7,79,Yoga,66,2.77,9,Neutral
1840,2015-03-04,26,Female,173.5,80.4,13298,721.6,7.8,77,Running,49,3.43,5,Neutral
1166,2015-03-05,27,Female,165.3,80.5,13368,801.1,8.2,77,Gym,43,2.66,8,Tired
1273,2015-03-06,49,Male,172,91.3,8428,489.3,7.9,89,Running,32,3.56,1,Tired
1387,2015-03-07,51,Female,168.9,72.5,19437,900,6,57,Cycling,28,3.34,4,Tired
1600,2015-03-08,37,Male,179.5,45.1,16817,861.9,7.6,68,Running,68,3.15,4,Happy
1315,2015-03-09,56,Female,178.3,82.9,3420,434.3,3.8,81,Walking,45,3.05,2,Tired
1013,2015-03-10,19,Male,167,90.2,19912,900,9.3,70,Cycling,68,4.11,3,Neutral
1241,2015-03-11,18,Male,155.4,106.9,5317,318.4,9.3,78,None,0,3.25,8,Happy
1776,2015-03-12,53,Male,183.3,91.8,9412,695.6,8.3,86,Gym,64,1.91,8,Neutral
1345,2015-03-13,41,Female,175.8,62.6,17321,900,8.9,91,Gym,40,2.67,1,Neutral
1564,2015-03-14,44,Male,166.8,72.8,1227,281.8,6.9,78,Cycling,48,2.31,2,Tired
1897,2015-03-15,19,Male,175.4,65.9,19721,900,5.9,90,None,0,3.95,4,Happy
1339,2015-03-16,48,Male,170.7,63.9,12456,711.1,5.1,76,Walking,61,3.38,6,Happy
1091,2015-03-17,31,Male,183.2,68.3,1955,279.2,8.5,72,Running,60,3.92,3,Tired
1366,2015-03-18,19,Male,150.7,89.3,18881,900,5.9,60,Yoga,67,1.97,7,Happy
1955,2015-03-19,46,Female,166,46.2,10472,652.3,6.4,65,Gym,62,3.27,3,Neutral
1454,2015-03-20,32,Female,186,55,2978,233.8,7.3,75,Walking,27,1.54,8,Happy
1427,2015-03-21,29,Female,175.6,88.3,18913,900,6.9,75,Walking,82,1.39,6,Neutral
1508,2015-03-22,54,Female,187.7,91.8,13675,807.6,7.4,77,Walking,82,2.22,8,Happy
1775,2015-03-23,45,Female,157.8,60.1,17128,848.8,4.3,93,Running,25,3.56,7,Happy
1942,2015-03-24,37,Female,180.7,94.8,16668,842.1,6.6,83,Walking,71,1.81,5,Tired
1034,2015-03-25,56,Female,180.1,84.6,8445,542.3,8.2,83,Walking,40,2.49,5,Tired
1205,2015-03-26,41,Male,153.2,66,5284,392.8,6.4,93,Cycling,33,3.33,3,Happy
1080,2015-03-27,38,Female,167,45,18585,900,5.7,71,Cycling,77,3.09,4,Neutral
1931,2015-03-28,27,Male,168.9,45,8131,534,8.4,70,Walking,44,4.05,8,Tired
1561,2015-03-29,31,Male,153.8,60.1,11614,589.2,6.4,87,Walking,75,2.5,5,Tired
1871,2015-03-30,54,Female,167.3,81.4,1759,233.6,7.3,80,Cycling,28,2.19,9,Tired
1387,2015-03-31,35,Male,178.7,81.4,14684,745.2,6.7,75,Running,55,1.73,3,Happy
1001,2015-04-01,41,Male,166.1,63,10680,604,7,74,Cycling,76,2.24,10,Neutral
1389,2015-04-02,31,Male,172.4,66.5,5371,420.4,9.3,73,Cycling,24,1.73,3,Neutral
1565,2015-04-03,51,Male,172.5,69.5,13651,761.4,7.9,74,Cycling,26,1.24,8,Happy
1105,2015-04-04,29,Female,169.9,66.7,2665,188.2,5.2,75,Cycling,25,3.87,8,Neutral
1771,2015-04-05,39,Female,162.9,72.5,7918,568,6.4,72,Yoga,71,2.53,7,Tired
1821,2015-04-06,23,Female,176.6,69.5,11194,643.2,6.4,81,Gym,89,4.31,6,Neutral
1476,2015-04-07,53,Female,154.1,45,12213,632.5,7.3,82,Running,74,1.91,7,Tired
1702,2015-04-08,53,Female,170.1,66.9,16745,900,8.4,69,None,0,2.2,7,Tired
1401,2015-04-09,39,Female,183.9,69.7,8636,440.2,7,84,Running,20,1.96,6,Happy
1729,2015-04-10,31,Female,165.5,84.8,18749,871.2,7,62,Walking,56,2.05,9,Tired
1555,2015-04-11,33,Female,162.7,57.5,8344,640.2,3.7,80,Yoga,68,3.11,5,Neutral
1161,2015-04-12,53,Female,177.3,73.1,4201,375.4,9,81,Walking,31,2.9,5,Neutral
1201,2015-04-13,42,Female,171.6,78.4,5752,393.2,6.7,74,Running,24,3.11,6,Neutral
1957,2015-04-14,49,Male,177.5,67.8,10575,628.4,7.4,76,Running,89,3.44,10,Neutral
1995,2015-04-15,50,Female,170.4,45,11327,644,7.4,73,None,0,3.28,4,Neutral
1269,2015-04-16,53,Male,150,85.2,16891,877.4,5.8,70,None,0,1.79,10,Tired
1862,2015-04-17,37,Male,181.8,81.2,14029,785.6,6.6,75,Walking,74,2.13,10,Happy
1815,2015-04-18,35,Male,190.7,73.4,7091,473.7,5.8,70,Gym,69,2.59,9,Happy
1270,2015-04-19,55,Male,182.8,70.6,18905,900,9.1,86,Walking,72,5,2,Neutral
1455,2015-04-20,20,Female,150,45,16866,866.7,3.7,54,Gym,74,3.04,3,Tired
1461,2015-04-21,40,Male,174.5,81.6,8521,499.8,5.6,74,Gym,22,2.57,9,Happy
1726,2015-04-22,49,Female,165.3,92.3,16410,801.1,6.5,56,Cycling,35,2.97,1,Neutral
1251,2015-04-23,33,Female,159.2,53.3,19007,900,9.2,64,Running,64,2.08,5,Tired
1701,2015-04-24,22,Male,171.2,90.2,6820,505.2,8.1,69,Cycling,55,2.68,3,Happy
1295,2015-04-25,21,Female,168.5,87,12453,750,4.5,88,Running,38,3.17,3,Tired
1724,2015-04-26,38,Male,175.1,52.9,5696,428,6.8,87,Cycling,23,2.48,1,Neutral
1719,2015-04-27,57,Male,170.6,64.1,2867,326,8.1,76,Gym,78,1.97,8,Tired
1748,2015-04-28,31,Female,158.8,49.1,16723,860,10,76,Cycling,31,2.45,3,Happy
1337,2015-04-29,56,Female,164.2,69,12817,770.6,6.5,85,Yoga,82,2.28,4,Happy
1878,2015-04-30,48,Male,162.6,76.7,1168,229.5,5.2,86,Cycling,75,1.55,5,Tired
1052,2015-05-01,31,Female,152.8,50.2,11213,599.3,7.5,69,None,0,2.1,5,Happy
1791,2015-05-02,23,Female,156.3,75.8,16223,875,6.9,82,None,0,1.53,2,Tired
1921,2015-05-03,29,Female,167.9,79.6,12452,690.5,7.7,65,Cycling,43,1.63,7,Tired
1216,2015-05-04,33,Male,184.2,79.8,9027,573.6,8,71,Cycling,45,1.7,6,Neutral
1763,2015-05-05,34,Male,164.6,76.8,17291,900,7.5,81,Yoga,41,3.17,7,Neutral
1187,2015-05-06,40,Female,162.4,51.6,11641,636.7,7.8,68,Running,89,3.54,10,Tired
1379,2015-05-07,31,Female,158.2,68.2,1224,238,9.5,71,Cycling,38,1.42,10,Happy
1492,2015-05-08,24,Female,170.3,75.3,9749,574.4,6.6,58,Running,53,3.61,3,Neutral
1040,2015-05-09,49,Female,181.8,91.9,7582,567.6,5.2,80,None,0,1.71,8,Happy
1156,2015-05-10,32,Female,190,70,2573,303.6,7.5,66,Walking,64,3.02,6,Tired
1014,2015-05-11,34,Male,172.9,76.4,9577,590.9,5.1,67,Gym,56,2.68,7,Happy
1812,2015-05-12,58,Female,171.4,56,9712,530.7,5.3,89,Walking,42,2.95,9,Happy
1064,2015-05-13,51,Male,164.6,52.7,7763,547.1,5.8,68,Yoga,59,1.68,8,Tired
1856,2015-05-14,22,Female,166.2,50.8,13164,748,5.1,83,Yoga,62,1.23,8,Neutral
1838,2015-05-15,44,Male,176.3,63.7,6217,406.9,8.8,86,Running,23,1.94,3,Neutral
1520,2015-05-16,40,Female,166.9,100.9,17272,900,7.1,84,Running,34,2.8,1,Happy
1343,2015-05-17,57,Male,168.4,64,13734,766.2,8.1,73,Cycling,42,3.87,1,Tired
1128,2015-05-18,31,Female,169.7,75.5,12353,662.9,7.8,71,Walking,31,1.78,10,Tired
1647,2015-05-19,32,Male,164.1,78.4,4501,379.9,6.7,66,Running,87,2.43,2,Neutral
1471,2015-05-20,50,Male,169.3,53.6,14530,762.8,8.4,57,None,0,1.98,8,Tired
1062,2015-05-21,48,Male,150,63.5,13394,813,6.3,83,Running,71,2.49,10,Tired
1138,2015-05-22,52,Male,175.5,79.4,2499,346.6,6.7,82,None,0,1.15,6,Happy
1498,2015-05-23,34,Male,193.5,76.4,10669,649.5,5.9,80,Running,78,3.55,6,Happy
1592,2015-05-24,45,Male,164.5,45,11519,746.6,9.1,50,Gym,77,2.52,1,Neutral
1391,2015-05-25,36,Female,173.7,78.9,14239,717.6,6.8,73,Running,78,3.14,2,Neutral
1674,2015-05-26,40,Male,178.5,61.7,19128,900,7.9,81,Gym,42,2.34,5,Happy
1418,2015-05-27,49,Female,182.8,62.1,3039,348.9,6.1,88,Yoga,20,2.63,3,Tired
1288,2015-05-28,57,Female,167.4,76.1,9311,560.9,8.3,78,Cycling,75,3.29,2,Tired
1378,2015-05-29,30,Female,152,92.8,4857,383,8.2,77,Walking,23,2.59,9,Happy
1772,2015-05-30,37,Female,172.7,67,5950,484.2,4.6,68,Running,48,2.62,10,Happy
1489,2015-05-31,52,Female,171.3,87.7,16441,900,7,79,Gym,36,1.94,7,Happy
1230,2015-06-01,22,Male,166.5,48.4,13735,678.3,7.2,73,Running,68,2.13,1,Happy
1040,2015-06-02,26,Male,168.7,72,2743,400.5,6.6,68,Running,70,1.79,1,Tired
1027,2015-06-03,46,Male,171.4,61.9,14283,828.5,9.1,63,Gym,68,1.98,3,Tired
1134,2015-06-04,23,Female,173.6,74.2,10638,611.4,5.2,66,Running,43,3.38,10,Neutral
1200,2015-06-05,42,Male,173.2,65.6,4616,345.1,6.3,78,Walking,63,3.77,6,Happy
1839,2015-06-06,48,Male,167.8,49.9,16383,900,5.7,61,None,0,1.63,2,Neutral
1779,2015-06-07,39,Male,173.8,56.7,4894,420.6,8.5,72,None,0,2.78,8,Tired
1929,2015-06-08,19,Male,167.1,45.4,19108,900,5.5,88,None,0,2.28,4,Neutral
1032,2015-06-09,22,Male,176.4,50.4,7227,517.6,4.3,61,None,0,3.48,8,Tired
1047,2015-06-10,44,Female,163.7,77.2,11464,719.3,7.6,79,Yoga,50,2.59,7,Tired
1502,2015-06-11,42,Male,170.7,66.2,8847,596.7,6.8,80,Cycling,35,2.49,2,Neutral
1406,2015-06-12,25,Female,153.8,73.5,5281,384.5,8.6,72,Running,51,1.98,9,Neutral
1573,2015-06-13,18,Female,166.3,97.2,19584,900,8.2,81,Gym,61,1.43,5,Happy
1727,2015-06-14,37,Female,175.7,65.6,3143,343.5,6.9,73,Walking,53,3.03,6,Tired
1804,2015-06-15,40,Female,159.7,79.5,15780,900,4.8,83,Running,56,2.75,2,Happy
1098,2015-06-16,49,Female,166.8,70.4,4181,359.8,5.2,64,Yoga,35,2.76,3,Happy
1683,2015-06-17,28,Male,150,111.4,7520,519,4.3,94,Yoga,32,2.08,10,Tired
1871,2015-06-18,56,Male,156.3,45,14052,806.8,6.8,89,Gym,85,2.4,8,Neutral
1725,2015-06-19,41,Male,158.9,59.2,13271,709.9,6,53,Running,52,3.05,5,Happy
1986,2015-06-20,28,Female,171,79.8,18480,900,6.7,87,None,0,3.19,10,Happy
1546,2015-06-21,46,Male,173.3,58.7,13499,740.7,7.3,69,Running,56,1.68,1,Tired
1960,2015-06-22,43,Male,169.4,78.5,9915,659.1,9.8,89,Running,59,2.06,9,Neutral
1738,2015-06-23,33,Female,166.2,69.1,17122,837.7,7.9,85,Yoga,27,1.53,1,Neutral
1612,2015-06-24,52,Female,166.2,83,12431,812.9,7.1,64,Running,73,2.64,9,Happy
1942,2015-06-25,37,Female,177.2,53,7918,501.1,4.7,81,None,0,3.12,10,Tired
1461,2015-06-26,20,Female,172.1,72.6,9148,592,7,68,Running,21,2.3,6,Happy
1642,2015-06-27,18,Male,166.7,77,14038,761.8,8.3,80,Running,75,2.04,7,Neutral
1768,2015-06-28,18,Female,182.9,72,14805,738.3,7.6,75,Running,76,2.27,1,Happy
1004,2015-06-29,34,Female,189.5,72.2,8749,591.6,5.4,68,None,0,4.11,10,Tired
1217,2015-06-30,19,Male,157.5,88,3871,341.6,6.4,62,None,0,3.33,1,Happy
1502,2015-07-01,46,Male,175.2,45,5489,445.8,7.1,77,Gym,27,3.01,5,Neutral
1766,2015-07-02,37,Female,200,71.9,5607,384,6.4,80,Yoga,82,2.72,2,Tired
1397,2015-07-03,23,Male,172.8,51.9,13973,745.9,6.1,73,Cycling,65,2.49,10,Tired
1870,2015-07-04,25,Female,171.2,81.4,13111,709.7,3.8,67,Gym,86,1.87,5,Tired
1794,2015-07-05,46,Female,169.4,57.4,6834,500.9,5.8,70,None,0,1.76,5,Tired
1392,2015-07-06,50,Male,174.9,45,10912,651.9,7.4,64,Running,86,2.1,6,Tired
1206,2015-07-07,20,Male,177.5,81.7,4399,367.1,8.3,82,Cycling,61,1.83,9,Happy
1014,2015-07-08,52,Female,157.6,66,19241,900,7.1,53,Walking,83,2.07,6,Tired
1857,2015-07-09,22,Female,169.7,75.3,8604,559.9,8.6,85,Cycling,72,2.43,10,Neutral
1553,2015-07-10,44,Female,150,91.4,11957,688.2,6.9,74,Gym,26,2.48,1,Tired
1891,2015-07-11,29,Male,167.9,75.6,8731,555.7,5.7,80,Yoga,26,2.07,5,Neutral
1460,2015-07-12,37,Female,161,72.5,19780,900,6.3,81,Gym,55,2.85,2,Neutral
1690,2015-07-13,37,Female,173.4,69.3,16808,899.9,7.7,76,Yoga,32,2.37,8,Neutral
1574,2015-07-14,26,Female,153.4,52.8,3261,426.6,6.6,71,Yoga,86,2.65,7,Neutral
1863,2015-07-15,56,Female,164.9,66.8,12809,708.9,6,86,None,0,1.98,6,Neutral
1742,2015-07-16,21,Female,179.7,99.6,18696,900,4.7,58,Yoga,72,2.99,2,Happy
1240,2015-07-17,36,Male,163.2,64.4,11056,617,5.7,88,Walking,71,2.13,3,Neutral
1563,2015-07-18,55,Female,151,67.7,19689,900,6.4,64,Cycling,80,3.63,9,Neutral
1095,2015-07-19,44,Female,172.6,88.9,1997,263.6,6.1,72,Gym,80,2.34,9,Neutral
1899,2015-07-20,30,Female,164.1,46.9,16155,822.8,5.5,89,Gym,75,2.43,7,Happy
1733,2015-07-21,30,Female,168.1,79.3,7353,399.1,9.3,97,Yoga,59,2.92,2,Tired
1484,2015-07-22,39,Male,162.7,46.2,19703,900,7.9,77,None,0,3.07,7,Neutral
1406,2015-07-23,45,Male,189.7,76,4207,349.1,10,61,Walking,76,3.14,1,Happy
1230,2015-07-24,39,Male,154.4,69.7,10275,684.7,4.6,84,Walking,23,3.74,9,Happy
1748,2015-07-25,36,Female,198.3,79.2,16874,870.1,7.5,75,Running,45,2.96,9,Happy
1654,2015-07-26,25,Female,166.1,54.8,4086,395.7,6.3,64,Walking,81,2.45,6,Tired
1170,2015-07-27,25,Male,171.8,62,16973,882.6,7,77,Yoga,73,2.13,10,Happy
1540,2015-07-28,59,Male,164.3,80,18105,900,9.8,62,Yoga,81,2.41,1,Neutral
1035,2015-07-29,43,Male,163.8,62.4,15870,784.3,4.4,77,Cycling,37,3.54,8,Neutral
1524,2015-07-30,43,Female,162.2,81.3,2154,345.3,6.1,66,Yoga,29,1.53,6,Neutral
1159,2015-07-31,40,Female,176,73.1,17029,862.8,5.9,55,Cycling,55,1.93,9,Tired
1838,2015-08-01,30,Male,155.9,63.3,8167,573,6.1,58,Walking,21,2.35,9,Happy
1698,2015-08-02,45,Male,173.6,65.3,1016,167.6,3.8,69,Running,79,1.92,7,Neutral
1242,2015-08-03,26,Male,150,70.1,8097,486.2,8.9,80,None,0,2.21,4,Neutral
1085,2015-08-04,37,Female,172.7,66.7,14165,785.2,9,88,Gym,51,3.76,1,Neutral
1795,2015-08-05,36,Female,178.5,81,19616,900,7.9,89,Yoga,88,2.29,3,Tired
1577,2015-08-06,56,Female,157.3,64.4,12654,729,5,60,Walking,70,2.79,6,Neutral
1681,2015-08-07,29,Male,176.8,61.4,18830,900,7.4,73,Yoga,86,1.34,1,Happy
1556,2015-08-08,32,Male,170.5,83.7,17205,900,8.3,69,Cycling,86,1.73,4,Happy
1573,2015-08-09,48,Female,186,63.7,10657,653.3,7.6,74,Walking,87,3.15,8,Tired
1952,2015-08-10,31,Male,161.4,61.9,12959,696.7,6.9,89,Gym,75,3.67,8,Tired
1645,2015-08-11,28,Female,198.2,45,12819,693.1,9.1,77,Cycling,33,2.65,6,Tired
1795,2015-08-12,43,Male,150,54.4,4083,423.5,5.9,84,Walking,35,2.29,6,Happy
1027,2015-08-13,59,Male,166.7,57.4,10735,553,6.7,97,None,0,2.85,3,Tired
1619,2015-08-14,44,Male,153,61.9,7952,546,7.9,59,None,0,0.68,7,Tired
1555,2015-08-15,28,Male,188.5,59.2,15637,769.7,7.5,70,Gym,32,2.66,8,Happy
1339,2015-08-16,55,Female,167.4,84.7,10463,674,7.8,81,None,0,1.77,2,Neutral
1797,2015-08-17,51,Male,168.3,58.4,6391,434,7.8,78,Cycling,45,3.06,5,Tired
1957,2015-08-18,36,Female,174.4,59.5,15468,845,7.8,85,Gym,32,0.97,6,Neutral
1330,2015-08-19,23,Female,170,72.3,16091,845.5,6.5,71,Walking,87,2.06,1,Neutral
1639,2015-08-20,55,Female,164.1,53.5,15964,769.2,6,77,Cycling,52,2.47,5,Neutral
1505,2015-08-21,59,Male,157.4,93.5,9964,630.6,7.2,67,None,0,1.97,3,Neutral
1347,2015-08-22,45,Female,171.7,82,8914,520.5,9.3,86,Running,36,2.24,3,Tired
1472,2015-08-23,18,Female,173.8,52.5,15476,859.1,7,75,Yoga,25,3.13,6,Tired
1230,2015-08-24,52,Female,177,85.2,17866,864.5,7.9,89,None,0,2.48,1,Tired
1189,2015-08-25,57,Male,189.1,88.3,8437,549.6,7.2,89,Running,52,1.85,5,Happy
1224,2015-08-26,25,Male,150,52.9,12371,696.8,10,62,Gym,73,3.16,5,Happy
1384,2015-08-27,24,Female,169.3,52.5,10773,600.8,6.8,91,Walking,35,2.68,5,Neutral
1376,2015-08-28,28,Male,181.9,60.8,6203,517.1,7.9,84,Yoga,65,2.7,3,Happy
1282,2015-08-29,56,Female,168.8,48.8,16430,858.9,5.9,73,Walking,43,1.88,6,Neutral
1957,2015-08-30,21,Female,150,58.3,13462,717.4,5.3,83,Gym,24,0.72,1,Neutral
1632,2015-08-31,42,Male,157.1,64,10033,616.3,7,70,Walking,86,1.87,10,Tired
1627,2015-09-01,29,Female,173.3,77.6,19256,897.5,8.8,89,Cycling,69,1.79,1,Tired
1972,2015-09-02,43,Male,172.9,71.2,16754,900,8,76,Cycling,60,2.07,2,Happy
1744,2015-09-03,55,Male,176.7,67.8,4320,318.5,3.9,84,None,0,1.91,4,Tired
1258,2015-09-04,29,Female,162.2,62.8,15979,866.7,8.1,69,None,0,2.58,10,Happy
1358,2015-09-05,54,Male,172.6,50.4,3728,352.2,4.7,78,None,0,3.12,9,Tired
1709,2015-09-06,41,Male,160.5,78.9,18338,900,8.3,84,None,0,3.25,10,Tired
1455,2015-09-07,33,Female,172.6,78.5,2595,312.7,7.8,78,Gym,69,3.09,8,Happy
1410,2015-09-08,30,Female,170.5,60.7,3288,299.6,6.8,81,Walking,52,1.87,10,Neutral
1648,2015-09-09,42,Male,161.8,53.5,7845,420.9,8.1,67,None,0,2.54,2,Happy
1317,2015-09-10,21,Male,185.6,93.3,8663,457.5,6.6,78,Gym,29,3.6,1,Tired
1676,2015-09-11,28,Female,152.9,73.7,18127,900,7.2,67,Yoga,60,1.39,4,Neutral
1224,2015-09-12,49,Male,168.6,76,18878,900,4.8,75,None,0,3.44,5,Tired
1818,2015-09-13,24,Male,161.6,76.6,7944,434.2,6.6,70,Walking,25,1.8,2,Tired
1233,2015-09-14,28,Male,188.3,52,13302,824.5,8.4,73,Cycling,52,2.71,10,Tired
1683,2015-09-15,45,Male,176,92.5,11180,701.5,5,57,Running,35,2.79,6,Neutral
1663,2015-09-16,58,Male,163.5,63.9,1207,180.8,8.2,75,Cycling,43,2.63,8,Tired
1974,2015-09-17,40,Male,167.2,82.3,2083,229.1,4,74,Walking,79,4.06,5,Happy
1826,2015-09-18,40,Male,188.6,91.9,19796,900,5.2,60,Walking,30,2.29,4,Happy
1373,2015-09-19,45,Female,160.5,71.2,4311,387.4,6.5,78,Walking,63,1.35,7,Happy
1671,2015-09-20,43,Female,152.4,52.3,9588,580.7,7.2,83,Walking,22,2.75,5,Neutral
1607,2015-09-21,42,Female,172.9,45,17592,899,6.1,78,None,0,2.38,8,Happy
1471,2015-09-22,46,Female,173.1,69.4,14444,752.5,6.1,83,Yoga,59,2.89,7,Tired
1232,2015-09-23,36,Female,176.7,73.8,6850,482.9,8.7,70,Running,38,3.12,5,Neutral
1691,2015-09-24,50,Male,176.7,61.3,19820,900,8.8,73,None,0,2.48,8,Tired
1112,2015-09-25,53,Male,187.7,72,13719,742.4,6.4,76,Cycling,72,2.81,1,Tired
1829,2015-09-26,31,Male,152.8,76.5,17517,867.5,6.4,76,Yoga,55,2.6,8,Tired
1496,2015-09-27,31,Male,158,84.9,18022,900,6.6,52,Gym,86,3.75,3,Happy
1441,2015-09-28,52,Female,176.6,66.6,2228,278.1,10,66,Walking,39,2.24,1,Happy
1563,2015-09-29,47,Male,158.9,69.3,5019,428.4,7,85,Cycling,47,2.02,9,Neutral
1267,2015-09-30,45,Male,155.4,67.3,10482,614.3,9.4,67,Gym,76,3.12,6,Neutral
1509,2015-10-01,34,Female,188.7,70.5,15105,858.5,8.1,73,Running,22,1.85,8,Happy
1806,2015-10-02,20,Male,153.8,62.3,19580,900,6.8,74,Cycling,56,2.77,10,Happy
1385,2015-10-03,33,Male,166.5,62.2,10895,695.7,6,62,Yoga,37,2.38,4,Tired
1386,2015-10-04,47,Female,169.4,63.2,15135,777.8,8.2,91,None,0,2.43,2,Happy
1112,2015-10-05,46,Male,183.1,72.3,17245,861.7,5.8,75,Gym,24,4.21,6,Tired
1612,2015-10-06,32,Male,151.3,57.3,11387,699.2,6.4,66,Cycling,76,3.36,2,Happy
1624,2015-10-07,42,Male,174.2,63.2,18359,900,8,81,None,0,3.22,1,Tired
1951,2015-10-08,55,Male,161.1,97.1,15904,834.4,6.6,72,None,0,2.87,7,Happy
1080,2015-10-09,59,Male,176.3,83.4,7121,450.1,6.4,76,None,0,2.02,7,Happy
1698,2015-10-10,55,Female,160.9,55.6,2028,351.6,6.5,89,Yoga,41,2.68,6,Neutral
1112,2015-10-11,40,Female,185.7,83,17909,900,6,70,Walking,36,2.91,2,Neutral
1001,2015-10-12,42,Female,161,79.4,3327,327.1,7.7,86,Cycling,63,2.64,5,Tired
1641,2015-10-13,59,Female,150,68.4,19930,900,7.1,72,None,0,2.57,1,Neutral
1219,2015-10-14,24,Female,162.1,59.4,18219,894.3,5,76,Walking,41,2.22,2,Neutral
1565,2015-10-15,39,Female,167.4,57.7,3483,346,6.3,78,None,0,2.69,5,Happy
1854,2015-10-16,34,Male,180.8,73.4,3734,368.7,6.4,72,Gym,20,2.13,5,Tired
1996,2015-10-17,35,Female,157.4,57.3,10730,586.1,6.4,65,Gym,49,2.99,7,Neutral
1735,2015-10-18,58,Female,157.6,86.5,11102,581.8,7.9,80,Gym,58,1.09,5,Neutral
1224,2015-10-19,27,Male,179.6,90.7,8304,536.1,5.9,86,Walking,54,3.45,6,Happy
1384,2015-10-20,27,Male,156.2,69.4,5049,445.2,10,81,Walking,88,1.58,2,Happy
1402,2015-10-21,24,Female,168.2,87.1,15947,841.6,9.1,81,None,0,1.75,5,Happy
1637,2015-10-22,55,Male,168.4,63.8,10495,607.3,9.1,70,Yoga,30,2.79,8,Tired
1129,2015-10-23,44,Female,172.2,59.3,1392,199.2,5.4,82,Cycling,70,2.88,1,Happy
1052,2015-10-24,50,Male,162.5,86.5,12776,679.3,4,79,Yoga,82,3.95,10,Tired
1683,2015-10-25,18,Female,160.7,93.7,11867,718.6,6.5,84,Walking,53,2.71,7,Happy
1729,2015-10-26,51,Male,173.3,99.4,3466,276,7.4,76,Cycling,74,2.47,8,Neutral
1671,2015-10-27,21,Male,161,75,2225,377.6,6.8,81,Gym,39,2.63,5,Tired
1709,2015-10-28,34,Female,156.4,82.9,15987,843.7,6.2,70,Yoga,77,3.61,4,Happy
1415,2015-10-29,21,Female,182.3,74.7,1461,179.1,4.4,82,Yoga,36,4.2,1,Happy
1246,2015-10-30,43,Female,174.9,91.1,10993,664.9,6,62,Yoga,53,2.37,9,Neutral
1835,2015-10-31,21,Female,187.7,76.5,12465,721.1,6.6,72,Walking,81,2.88,2,Neutral
1438,2015-11-01,18,Female,177.8,82.1,17535,879.5,6.3,68,Cycling,53,2.45,5,Neutral
1202,2015-11-02,24,Male,157.3,53,11461,705.4,6.2,110,Gym,38,2.43,7,Happy
1183,2015-11-03,47,Female,171,66.5,13366,703.6,5.8,82,Walking,85,3.82,8,Neutral
1122,2015-11-04,26,Female,159.8,82.2,2785,343,9.5,64,Gym,61,1.85,10,Neutral
1400,2015-11-05,52,Male,153.5,80.9,7242,487.9,8.1,61,Running,70,0.87,4,Tired
1766,2015-11-06,25,Male,165.5,83.5,15312,798.3,8.4,58,Running,68,2.72,10,Tired
1293,2015-11-07,41,Female,179.8,71.8,7356,561.4,7.4,64,Gym,48,3.34,1,Tired
1279,2015-11-08,36,Male,172.7,60.2,19220,900,5,67,Running,49,2.65,7,Happy
1836,2015-11-09,53,Male,156.1,69.1,10589,568.2,8.1,65,Cycling,44,2.85,10,Tired
1883,2015-11-10,44,Female,165.2,70.7,2493,318.7,9,70,Cycling,87,3.03,9,Happy
1609,2015-11-11,49,Male,168.6,73.6,18932,900,9.2,83,Walking,81,2.58,1,Neutral
1197,2015-11-12,31,Male,153.1,55.5,6163,515,7.9,73,Gym,57,2.89,1,Happy
1981,2015-11-13,35,Female,177.1,66,10612,579,7,82,Walking,36,2.88,7,Happy
1906,2015-11-14,45,Female,167.7,68.7,15297,891.7,7,64,Cycling,20,1.13,9,Neutral
1510,2015-11-15,46,Male,156.1,45,6704,514.7,7.8,71,Cycling,37,2.58,5,Tired
1751,2015-11-16,33,Male,155.5,82.5,7688,455.1,4.5,66,Cycling,82,1.4,4,Tired
1143,2015-11-17,52,Female,181,72.5,16835,883.8,8,79,Yoga,65,2.47,6,Tired
1608,2015-11-18,48,Male,166.2,74,19447,900,6.3,73,Running,38,2.15,9,Neutral
1200,2015-11-19,21,Male,181.9,62.3,19404,900,10,93,Walking,69,3.22,2,Happy
1123,2015-11-20,54,Male,185.7,78.8,11341,688.9,6.5,68,Walking,73,2.67,5,Neutral
1186,2015-11-21,34,Female,180.2,57.5,8353,655.6,7.3,65,Cycling,50,2.83,4,Neutral
1325,2015-11-22,56,Male,164.7,59.9,10142,673.9,7.2,78,Yoga,84,2.37,3,Neutral
1463,2015-11-23,43,Male,150,79.4,16266,858.7,6,73,Walking,65,3.24,5,Neutral
1348,2015-11-24,56,Female,173.1,75.4,9216,554.6,7.7,80,None,0,1.38,7,Happy
1770,2015-11-25,58,Male,190.9,50.8,16932,893.7,7.5,74,Walking,68,1.87,3,Tired
1659,2015-11-26,21,Male,169.6,93.7,13017,671.9,8.5,74,Yoga,53,3.4,3,Tired
1763,2015-11-27,47,Female,150.1,58.6,1569,238.9,8.1,68,Cycling,48,2.2,6,Neutral
1954,2015-11-28,47,Female,163.3,68,6112,346.4,7.3,72,Yoga,25,1,5,Happy
1931,2015-11-29,39,Female,168.2,96.2,2355,315.9,5.8,60,Running,20,3.52,3,Neutral
1402,2015-11-30,28,Female,159,45,9056,545.4,5.8,87,Walking,74,3.25,1,Happy
1345,2015-12-01,19,Male,150,45,17086,900,9.5,88,Running,46,3,10,Neutral
1962,2015-12-02,29,Male,169,76.6,18214,900,7.1,84,Walking,31,2.57,2,Tired
1510,2015-12-03,47,Female,162.2,45,15220,758.3,10,70,Running,23,3.66,3,Tired
1146,2015-12-04,53,Female,187.7,45,15498,829.9,5.8,69,Walking,71,3.38,4,Neutral
1147,2015-12-05,35,Male,171,87.6,1834,237.7,10,80,None,0,3.58,5,Tired
1863,2015-12-06,43,Female,174.7,63.9,12308,775.1,5.6,65,Cycling,71,2.99,10,Neutral
1710,2015-12-07,24,Male,168.8,102.9,1969,236.6,6.3,86,None,0,2.59,9,Happy
1819,2015-12-08,18,Female,170.9,54.5,1592,240.2,7.7,51,Gym,47,2.22,4,Happy
1488,2015-12-09,43,Male,153.5,65.2,1254,199.5,8.5,70,Yoga,85,1.61,9,Happy
1928,2015-12-10,40,Female,159.6,78.1,11306,597.2,8,64,Walking,46,2.85,5,Happy
1935,2015-12-11,43,Female,180.9,77.1,3661,347.9,4.1,87,Yoga,74,2.91,3,Neutral
1639,2015-12-12,23,Male,172.1,66.2,16309,790.1,6.1,86,Walking,73,2.26,7,Tired
1550,2015-12-13,23,Female,166,60.3,9794,582.4,5.3,81,Gym,65,2.93,8,Happy
1337,2015-12-14,25,Male,174.9,73.5,19223,900,4.9,94,Cycling,55,2.27,9,Tired
1871,2015-12-15,41,Male,175.1,90.7,6905,455,7,75,Cycling,40,3.11,9,Neutral
1640,2015-12-16,39,Male,189.9,81.4,3431,227.1,3.8,81,Yoga,68,1.88,6,Tired
1778,2015-12-17,36,Male,171.6,60.5,8756,616.9,8.5,59,None,0,1.76,9,Tired
1987,2015-12-18,54,Male,159.4,55.1,6353,467.4,8.1,72,Gym,53,2.33,3,Tired
1952,2015-12-19,35,Female,168.8,59.6,18349,900,9.4,76,Yoga,59,3.08,2,Neutral
1472,2015-12-20,48,Female,176.1,50.9,2737,297.9,5.4,66,Cycling,26,1.69,5,Neutral
1945,2015-12-21,54,Male,180,72.2,17868,900,5.5,78,Running,71,3.23,7,Neutral
1150,2015-12-22,47,Female,153.8,82.2,13326,779.9,8.6,55,Yoga,68,1.35,7,Tired
1414,2015-12-23,59,Male,172.5,68.9,13911,808.3,8.7,80,Walking,56,2.33,6,Happy
1989,2015-12-24,50,Female,161,95.8,19411,900,9,71,Cycling,81,1.51,3,Happy
1297,2015-12-25,27,Female,164.3,96.6,6213,379.7,8.7,67,Walking,34,0.67,6,Tired
1610,2015-12-26,54,Female,178.5,74.6,7227,509.3,7.3,82,Gym,21,2.76,1,Happy
1262,2015-12-27,29,Female,177.5,80.5,12279,704.5,6.3,90,None,0,2.38,3,Happy
1763,2015-12-28,47,Male,163.2,56.5,16836,846,8.1,84,None,0,1.52,2,Tired
1143,2015-12-29,44,Male,168.4,64.6,9796,551.7,6.3,67,Cycling,64,2.14,4,Neutral
1345,2015-12-30,56,Female,164.6,89.1,17351,900,7.2,82,Cycling,87,2.81,8,Happy
1623,2015-12-31,26,Female,198.9,61.3,18352,900,6.4,72,None,0,2.24,3,Neutral
1571,2016-01-01,38,Male,172.8,92.3,17820,893.3,7.4,86,Yoga,65,2.36,6,Happy
1880,2016-01-02,29,Female,161.6,86.7,11966,762.3,8.9,77,None,0,2.22,10,Tired
1001,2016-01-03,46,Male,183.2,81.3,14967,832.3,6.5,60,None,0,2.09,1,Tired
1896,2016-01-04,50,Male,183.6,52.4,2809,334.1,6.2,73,Yoga,86,2.08,4,Neutral
1303,2016-01-05,32,Male,187.9,65.3,7546,562.8,6.8,67,Walking,23,2.06,5,Neutral
1253,2016-01-06,19,Female,190.9,79.7,9107,580.8,5.2,67,Yoga,44,1.97,5,Neutral
1651,2016-01-07,56,Male,177.1,55.2,6505,425,8,72,Running,40,1.79,1,Neutral
1452,2016-01-08,35,Female,166.5,67.1,6257,430.8,7.2,78,Cycling,33,2.23,9,Tired
1036,2016-01-09,20,Male,168,81.3,16051,878.6,6.9,84,None,0,2.05,5,Tired
1159,2016-01-10,24,Female,167.1,61.5,5909,467.6,7.5,70,Gym,67,1.75,9,Tired
1008,2016-01-11,35,Female,166,57.3,15866,857,4.8,87,Cycling,70,3.04,7,Neutral
1232,2016-01-12,55,Female,182.4,45,11021,584,9.1,58,None,0,3.36,5,Tired
1098,2016-01-13,54,Male,170,64.2,16358,895,6.2,67,Walking,78,2.5,9,Tired
1658,2016-01-14,50,Male,179.7,81.6,1461,255.2,6.4,95,None,0,2.55,5,Happy
1815,2016-01-15,48,Female,176.8,56.9,16732,899.3,8.3,64,Yoga,26,2.02,10,Happy
1207,2016-01-16,28,Female,159,70.3,4233,327.8,7.9,88,Cycling,88,3.25,9,Happy
1130,2016-01-17,21,Female,152.8,66.6,13128,823.4,10,75,Yoga,77,3.72,5,Neutral
1403,2016-01-18,35,Male,157.6,60,6202,460.5,5.6,74,None,0,2.39,1,Neutral
1151,2016-01-19,21,Male,165.7,82.6,3939,336.7,5.6,84,Walking,44,2.13,7,Tired
1053,2016-01-20,51,Male,171.3,94.6,16197,880.2,5.2,83,Yoga,61,2.74,5,Tired
1119,2016-01-21,46,Male,163.5,85.1,14722,831.8,7.2,88,Gym,63,2.59,5,Neutral
1672,2016-01-22,41,Female,177,59.6,13998,791.6,6.6,73,None,0,2.15,6,Happy
1919,2016-01-23,39,Female,164.7,99.9,17472,849.1,6,76,Walking,47,2.83,6,Tired
1627,2016-01-24,19,Male,172.6,85,19047,900,6.9,72,Cycling,79,3.16,7,Happy
1586,2016-01-25,23,Male,171.2,63.1,4301,354.8,5.5,64,Cycling,40,1.95,8,Tired
1624,2016-01-26,59,Female,187.3,58.4,16640,864.8,9.3,77,Gym,68,4.28,1,Happy
1967,2016-01-27,42,Male,160.2,86.8,17805,801.8,6,73,Running,75,1.43,10,Tired
1419,2016-01-28,38,Male,192.1,72.6,17131,862,6.1,56,Yoga,76,1.9,3,Happy
1421,2016-01-29,33,Male,164.1,57.2,5433,393.8,3.4,86,None,0,2.66,6,Happy
1103,2016-01-30,48,Male,156.6,67.8,1265,273.1,4.5,76,Cycling,57,4.07,1,Neutral
1851,2016-01-31,31,Male,167.8,63.9,3850,327.8,6.1,68,None,0,2.11,5,Tired
1253,2016-02-01,56,Male,200,57.6,2378,214,6.5,78,Gym,22,1.75,5,Happy
1226,2016-02-02,45,Female,179,85.2,7503,512.3,8.1,70,Yoga,62,2.88,10,Neutral
1111,2016-02-03,49,Male,176,81.7,8157,513.8,4.8,77,Walking,54,2.33,9,Tired
1509,2016-02-04,45,Male,178,82.6,11006,603.8,7.7,89,None,0,2.97,2,Neutral
1472,2016-02-05,26,Female,162.3,82.4,1849,278.3,7.9,79,Gym,77,2.45,7,Happy
1098,2016-02-06,39,Female,173.3,56.3,5814,343.6,8,70,Walking,53,1.9,9,Tired
1152,2016-02-07,49,Female,170,60.9,11000,671,8.6,65,Walking,44,4.14,8,Happy
1860,2016-02-08,22,Male,188.1,91.9,16288,842.4,5.3,68,Walking,75,0.5,1,Happy
1913,2016-02-09,40,Female,168.9,71.6,4274,357.6,7.8,83,Yoga,51,3.77,1,Neutral
1895,2016-02-10,22,Male,166.2,47.9,18100,900,9.6,74,Running,41,3.15,2,Happy
1877,2016-02-11,59,Male,158.4,73.3,15227,782.3,9.1,81,None,0,1.98,1,Tired
1337,2016-02-12,49,Male,171.4,79.8,18279,900,9.8,72,Walking,40,3.81,8,Neutral
1705,2016-02-13,27,Female,172.9,77.9,10368,608.2,7.4,66,Cycling,40,1.54,7,Happy
1821,2016-02-14,56,Female,158,55.9,12945,878.6,6.1,81,Yoga,47,3.21,6,Happy
1162,2016-02-15,32,Female,174.5,98.3,10968,663.1,3.2,67,Yoga,38,1.04,2,Happy
1719,2016-02-16,24,Female,172.3,47.5,10651,569,5.1,71,Walking,33,1.7,9,Neutral
1956,2016-02-17,46,Female,180.1,71.7,14903,883.7,6.2,63,Cycling,43,1.7,1,Tired
1680,2016-02-18,20,Male,182.1,96,19927,900,6.5,66,Gym,39,1.97,1,Neutral
1995,2016-02-19,36,Male,170.9,78.9,8771,553.1,5.8,84,Yoga,51,2.51,2,Happy
1160,2016-02-20,27,Male,159.6,82.5,14460,756.5,7.5,85,Walking,71,1.92,7,Neutral
1579,2016-02-21,45,Male,161.7,54.2,5637,359.2,7.3,86,None,0,1.07,10,Happy
1800,2016-02-22,46,Female,187.6,75.2,13922,778.4,7.1,86,Walking,71,2.82,1,Neutral
1397,2016-02-23,32,Female,171.7,69.5,9066,528.9,8.2,71,None,0,2.53,3,Happy
1276,2016-02-24,52,Male,187.5,53,4553,338.1,6.3,82,None,0,2.79,10,Neutral
1815,2016-02-25,23,Female,175,83,2349,332.7,8.6,86,Running,89,2.62,8,Happy
1915,2016-02-26,29,Female,177.5,57.7,3986,436.7,5.2,66,Running,34,3.17,7,Happy
1503,2016-02-27,55,Male,179.4,59.5,12522,677.1,6.5,77,Gym,66,2.45,8,Neutral
1895,2016-02-28,30,Male,157.8,76.5,3122,365.2,7.5,74,Gym,29,3.21,6,Neutral
1391,2016-02-29,46,Female,173.1,67.9,14892,806.3,4.1,56,None,0,1.96,8,Happy
1134,2016-03-01,36,Female,157.6,72.5,9689,605.5,6.2,78,Gym,38,2,5,Tired
1194,2016-03-02,20,Male,167.2,66.9,15062,761.5,8.1,68,Gym,87,3.46,9,Happy
1400,2016-03-03,25,Male,176.4,91.2,2363,283.9,6.4,86,Walking,41,3.45,10,Happy
1639,2016-03-04,25,Male,159.7,56.1,17691,852.8,4.3,67,Walking,82,2.9,1,Tired
1032,2016-03-05,37,Female,175.6,63,3751,288.9,5.7,78,Walking,57,1.88,7,Happy
1687,2016-03-06,21,Male,155,77.2,8782,577.2,5,76,Cycling,34,1.82,6,Neutral
1459,2016-03-07,38,Male,181.4,55.2,18648,900,7.7,58,None,0,3.43,8,Neutral
1954,2016-03-08,20,Female,163.4,54.5,13540,695.8,7.2,72,Gym,63,3.39,2,Tired
1882,2016-03-09,25,Female,159.7,72.1,14223,708.4,4.7,79,Cycling,49,2.46,1,Happy
1469,2016-03-10,40,Female,155.6,83,6339,377.9,4.5,85,Yoga,43,4.14,1,Neutral
1374,2016-03-11,33,Female,164.2,85,6848,376.1,5.9,75,None,0,2.82,2,Happy
1021,2016-03-12,30,Female,150.9,71.4,17877,900,7,84,Yoga,23,1.72,5,Tired
1749,2016-03-13,20,Male,164.5,59.9,19405,844.8,6,80,Walking,25,2.31,7,Neutral
1669,2016-03-14,26,Male,181,74.1,19131,900,7.5,81,Yoga,57,2.5,9,Tired
1037,2016-03-15,31,Female,168.1,78.5,16861,897.7,7.5,81,Walking,45,2.56,4,Happy
1229,2016-03-16,30,Female,158.2,73.9,14465,773.6,7.8,72,None,0,3.38,9,Happy
1364,2016-03-17,24,Female,172.3,88.5,4302,375.8,4.9,65,None,0,1.83,3,Happy
1562,2016-03-18,32,Female,171.4,54.8,15437,803.2,6.6,91,Gym,87,1.57,6,Tired
1437,2016-03-19,24,Female,189.6,59.5,16162,857.7,8.6,83,Cycling,88,2.92,9,Neutral
1775,2016-03-20,55,Male,177.9,86.4,15512,831.2,6,74,Walking,66,2.15,1,Tired
1282,2016-03-21,51,Male,173.1,47.9,6022,506,5.8,81,Running,48,4.2,4,Neutral
1026,2016-03-22,58,Male,179.1,61.9,11471,735.5,6.3,79,Running,83,3.16,5,Happy
1225,2016-03-23,39,Male,168.7,59,7155,561.3,6.2,66,Gym,31,2.13,6,Happy
1276,2016-03-24,41,Female,169.2,46.5,6254,410.3,7.2,72,Cycling,30,3.35,8,Tired
1797,2016-03-25,54,Male,186.6,67.2,5354,452,6.1,88,Walking,27,3.01,2,Neutral
1608,2016-03-26,18,Female,153.6,81.2,3516,365.9,4,75,Gym,79,2.94,6,Happy
1283,2016-03-27,27,Female,179.7,72.3,16872,842.4,8.8,79,Cycling,45,2.41,7,Happy
1878,2016-03-28,33,Female,168.9,82,11156,601.9,7.8,88,Running,51,2.79,6,Tired
1959,2016-03-29,25,Male,167.1,87.9,9838,574.7,7.2,75,Walking,58,1.03,4,Tired
1480,2016-03-30,42,Female,164.5,64.2,13734,696.3,6.9,66,Cycling,23,3.42,6,Neutral
1452,2016-03-31,29,Male,171.5,109.7,12022,611.4,6.5,76,Yoga,63,0.5,4,Happy
1828,2016-04-01,42,Male,169.6,64.8,6208,473.2,5.8,69,Walking,54,2.19,9,Neutral
1815,2016-04-02,34,Female,165.9,66.8,17578,900,4.2,61,Yoga,70,1.38,1,Neutral
1658,2016-04-03,43,Female,163,59.4,14725,790.4,9.4,83,None,0,2.15,9,Neutral
1515,2016-04-04,31,Female,150.9,78.2,10337,659.8,7,72,None,0,2.45,4,Tired
1546,2016-04-05,58,Male,162.8,65.6,11701,658.2,4.6,50,None,0,1.66,3,Neutral
1191,2016-04-06,53,Female,164.9,68.8,11275,692.5,5.5,78,Gym,79,0.56,5,Neutral
1048,2016-04-07,40,Male,171.5,66.9,7210,451.5,7.5,78,Cycling,34,2.64,3,Neutral
1511,2016-04-08,23,Female,189.6,66.6,12544,664.5,7.4,95,None,0,3.96,1,Tired
1016,2016-04-09,22,Female,163.8,72.4,17327,893.8,5.9,75,Cycling,69,2.25,8,Tired
1171,2016-04-10,42,Male,159.8,63.2,15041,900,5.4,86,Cycling,74,3.17,9,Happy
1219,2016-04-11,35,Male,162.9,64,17705,900,6.1,81,Cycling,31,3.55,6,Tired
1157,2016-04-12,30,Male,171.5,86.1,11479,714.1,4.1,69,Walking,69,1.17,2,Tired
1476,2016-04-13,31,Male,175.9,65.6,12323,624.3,6.3,78,Yoga,81,2.18,6,Neutral
1045,2016-04-14,45,Male,177.3,75.8,13937,764.7,6.3,73,Yoga,24,1.61,6,Happy
1372,2016-04-15,35,Male,178.3,56.7,2702,349.1,9.3,68,Gym,46,1.94,6,Tired
1517,2016-04-16,45,Female,179.7,63.3,11404,760.4,6.3,70,None,0,3.69,10,Happy
1098,2016-04-17,44,Female,167.2,51.5,1830,189,7.4,68,Gym,54,2.66,9,Neutral
1891,2016-04-18,49,Male,190.5,97.8,9380,611.7,9.4,75,Cycling,32,3.05,4,Tired
1744,2016-04-19,26,Female,166.5,90.6,1091,296.9,5.4,75,Running,63,2.47,2,Neutral
1036,2016-04-20,57,Male,171.1,78.9,4877,417.7,6.1,70,Running,65,1.65,8,Neutral
1279,2016-04-21,49,Female,183,102.3,11103,576.6,6.2,73,Cycling,87,2.97,6,Happy
1348,2016-04-22,37,Female,175.7,81.6,19720,900,4.5,56,None,0,3.38,10,Tired
1496,2016-04-23,45,Male,150,67.4,8676,568.5,6.6,65,Yoga,20,2.72,1,Happy
1301,2016-04-24,50,Male,170.1,75.6,2580,312.1,8.7,72,Gym,30,2.84,6,Neutral
1180,2016-04-25,21,Male,178.6,90.4,16787,837.2,8.3,92,Walking,69,1.64,2,Tired
1606,2016-04-26,51,Female,156.6,56.8,10600,583.6,8.8,81,Running,28,2.99,4,Neutral
1098,2016-04-27,20,Male,177.5,52.4,16412,879.3,6,65,Gym,57,3.44,2,Happy
1699,2016-04-28,43,Female,173.9,76.1,1473,225.1,5.3,91,Running,32,2.78,4,Happy
1992,2016-04-29,25,Male,181.8,61.2,12624,672.3,10,75,Yoga,24,1.24,7,Neutral
1115,2016-04-30,23,Female,163.1,45,17653,899.1,7.3,64,Yoga,44,3.64,8,Happy
1190,2016-05-01,33,Female,180,51.4,18077,900,4.6,74,Cycling,29,1.84,3,Happy
1252,2016-05-02,41,Male,171.6,65.3,13663,798.5,10,85,Cycling,24,2.77,1,Neutral
1980,2016-05-03,56,Female,187.7,70.7,18799,892.2,6.9,64,Running,41,3.17,10,Tired
1927,2016-05-04,47,Female,197.9,71.2,15517,755.9,3,65,Running,61,3.26,1,Tired
1982,2016-05-05,30,Male,185.4,100.1,19467,900,9.2,93,Gym,39,1.24,10,Tired
1160,2016-05-06,22,Female,174.8,66.9,18619,854.8,3.5,78,Cycling,47,2.58,7,Neutral
1255,2016-05-07,42,Male,193.2,74.2,4967,428,7.4,70,Yoga,40,2.54,1,Neutral
1322,2016-05-08,37,Male,176,45.6,14211,668.8,8.3,74,None,0,3.51,3,Happy
1127,2016-05-09,35,Male,160.9,69.5,7634,540.7,8,78,Gym,88,2.82,5,Tired
1017,2016-05-10,35,Male,169.6,75,1840,329.1,9.3,73,Gym,56,3.51,5,Happy
1792,2016-05-11,19,Female,177.6,49.4,2461,311.4,8.5,88,Walking,68,2.88,4,Neutral
1734,2016-05-12,27,Female,178.3,56,16405,763.3,9.8,76,None,0,2.45,8,Tired
1565,2016-05-13,29,Female,158.7,77.3,16003,845.4,6.9,82,Yoga,52,2.64,3,Neutral
1569,2016-05-14,30,Male,159.1,61.8,4472,339,6.4,76,Gym,64,3.57,8,Happy
1322,2016-05-15,28,Female,166.6,68.5,16847,813.8,6.5,75,None,0,1.59,6,Happy
1871,2016-05-16,36,Female,175.3,78.1,7575,532,9.1,84,Walking,25,3.13,4,Neutral
1685,2016-05-17,52,Male,176.6,100.6,5843,472.1,6,84,None,0,2.06,10,Neutral
1791,2016-05-18,56,Male,171.4,66.7,8739,613.8,8.3,59,Cycling,34,1.91,3,Tired
1625,2016-05-19,43,Female,161.7,96.5,15852,819.8,5.7,75,Yoga,28,3.22,10,Neutral
1287,2016-05-20,31,Male,187.4,45,17324,900,5.7,95,Cycling,80,1.88,10,Happy
1942,2016-05-21,41,Male,159.3,72.2,19893,900,8.8,71,Walking,75,2.76,2,Happy
1853,2016-05-22,58,Male,183,65,10157,711,7.7,80,Yoga,24,2.16,6,Neutral
1662,2016-05-23,18,Male,177.4,62,19422,900,3.8,87,Running,45,0.85,1,Neutral
1961,2016-05-24,39,Female,182.8,79.9,15516,803.1,5.7,64,Running,76,2.83,10,Tired
1638,2016-05-25,40,Male,165.6,66.8,13432,737.6,3.1,71,Running,54,2.59,8,Happy
1154,2016-05-26,36,Male,168.6,45,19234,900,6.4,59,None,0,1.16,5,Happy
1489,2016-05-27,35,Male,170.6,46.2,8432,572.6,6.6,76,Gym,40,2.01,7,Happy
1385,2016-05-28,29,Male,165.2,80.8,19837,900,6.3,79,None,0,1.24,7,Neutral
1985,2016-05-29,45,Male,172.3,45.4,16148,862,8.8,81,None,0,3.01,10,Happy
1784,2016-05-30,45,Male,185.8,81.2,12194,704.1,7.6,91,None,0,3.47,6,Neutral
1103,2016-05-31,50,Male,157,71.9,15819,851.9,10,76,None,0,3.09,5,Tired
1928,2016-06-01,36,Male,163.4,67.4,7625,453.9,7.8,63,Running,42,3.19,2,Neutral
1392,2016-06-02,45,Female,162.3,68.8,8404,548.5,7.8,66,Gym,58,2.14,3,Tired
1810,2016-06-03,54,Male,169.1,77.7,15674,900,7.4,67,Gym,41,2.88,3,Tired
1245,2016-06-04,43,Female,168.6,52.3,11507,637.4,6.6,77,Walking,74,2.49,5,Neutral
1175,2016-06-05,52,Male,177.7,70.6,19697,900,6,98,Running,50,2.63,2,Tired
1038,2016-06-06,51,Male,170.3,52.9,5623,332.8,6.6,74,Yoga,66,3.17,1,Neutral
1476,2016-06-07,52,Male,173,72.5,8015,533.2,6.7,89,None,0,3.32,4,Happy
1681,2016-06-08,57,Male,174,79.7,16261,861.3,6.9,74,Gym,67,2.23,10,Neutral
1758,2016-06-09,33,Female,172.5,72.5,8782,557.1,8,63,Walking,58,1.51,3,Tired
1537,2016-06-10,55,Male,177,79.1,6214,485.1,7.5,67,Gym,40,2.37,3,Tired
1866,2016-06-11,30,Male,168.8,59.5,7938,503.6,6.2,68,Yoga,34,2.35,10,Happy
1817,2016-06-12,40,Female,186.5,69.1,3988,418.3,5.9,74,Yoga,64,2.7,6,Neutral
1920,2016-06-13,39,Female,195.4,66.4,6156,402.1,7.3,79,Running,38,3.08,9,Happy
1407,2016-06-14,33,Male,177.1,65.4,6512,532.6,5.6,68,Gym,72,1.16,10,Tired
1524,2016-06-15,45,Female,172.3,58,10788,642.2,6.4,83,Yoga,74,2.03,10,Neutral
1827,2016-06-16,52,Female,176.2,63.5,15185,803.8,6.2,85,Cycling,68,1.83,2,Tired
1505,2016-06-17,25,Female,159,53.3,19734,900,10,72,Yoga,80,3.38,5,Neutral
1902,2016-06-18,39,Male,171.8,45,10971,583.4,5.1,84,Yoga,79,2.35,2,Happy
1824,2016-06-19,38,Male,162.7,59.5,11640,683.1,5.8,56,Gym,43,2.14,6,Happy
1035,2016-06-20,43,Male,175.1,79.4,7487,463.6,6.2,51,None,0,2.88,1,Tired
1684,2016-06-21,57,Female,162.7,73.5,14688,837.3,6.3,83,Yoga,80,2.08,1,Happy
1019,2016-06-22,38,Male,166.6,51.2,13452,752.5,8.5,71,Walking,42,2.49,9,Happy
1320,2016-06-23,42,Female,151.3,63.9,16372,783.6,6.6,97,None,0,3.77,10,Tired
1775,2016-06-24,58,Male,158.3,80.4,12999,758,5,74,Yoga,30,3.75,5,Tired
1511,2016-06-25,18,Male,173.5,63.3,14434,769.2,9.1,65,Cycling,61,2.21,9,Tired
1399,2016-06-26,23,Female,161.3,48.7,13416,734.4,7.4,92,Yoga,44,2.37,8,Neutral
1653,2016-06-27,40,Male,180.6,103.9,14945,850,7.6,82,Running,53,2.07,9,Tired
1971,2016-06-28,40,Female,160.5,67.5,2017,211,8,90,Gym,41,1.15,9,Neutral
1882,2016-06-29,40,Female,174.5,52.5,5690,371.4,5.2,69,Cycling,21,3.23,8,Tired
1470,2016-06-30,49,Male,162.4,72.6,9373,591.2,7,79,Walking,70,4.19,3,Neutral
1142,2016-07-01,47,Female,173.9,68.7,15378,730.2,8.2,66,Yoga,35,2.19,7,Tired
1091,2016-07-02,30,Male,154.7,46.9,19835,900,6,58,Yoga,30,1.93,4,Neutral
1353,2016-07-03,35,Male,165.5,71.4,19336,900,7.5,82,Walking,88,2.31,8,Happy
1833,2016-07-04,40,Female,161.5,84.8,5700,422.6,7.8,70,Yoga,81,2.56,7,Tired
1799,2016-07-05,32,Male,178.8,66.5,14901,727.3,4.8,65,Running,38,1.71,9,Tired
1726,2016-07-06,50,Female,174.6,45,1660,275.9,5.5,61,None,0,2.18,8,Neutral
1958,2016-07-07,38,Male,157.7,75.1,18699,900,3.6,77,None,0,3.21,3,Happy
1853,2016-07-08,56,Male,168,79,8381,500.1,7.3,76,Cycling,42,2.59,5,Happy
1050,2016-07-09,40,Male,162.3,61.2,3919,534.6,9.8,70,Yoga,79,3.39,3,Neutral
1664,2016-07-10,44,Male,179.5,61.3,19456,900,6,68,Walking,37,2.76,9,Tired
1697,2016-07-11,35,Male,182.7,103.9,19403,900,6.7,83,Walking,74,1.74,1,Happy
1574,2016-07-12,41,Female,155.6,60.1,11932,722.2,8.5,50,Cycling,37,2.1,7,Tired
1189,2016-07-13,57,Female,178.3,53.2,1815,258.1,7.4,81,Running,46,2.67,9,Neutral
1124,2016-07-14,59,Female,161.8,70.4,15510,794.5,5.5,80,Cycling,20,1.71,3,Tired
1149,2016-07-15,24,Female,167.5,78.6,13289,746.5,9.3,63,Yoga,33,1.62,7,Happy
1313,2016-07-16,37,Female,170.3,78,5734,454.8,7.3,56,None,0,1.67,7,Neutral
1569,2016-07-17,44,Female,188.2,45,3753,396.4,6.7,81,Running,52,2.86,2,Happy
1341,2016-07-18,23,Male,160,60.1,7505,571.4,6.8,63,Running,55,2.24,5,Tired
1304,2016-07-19,44,Male,178.3,87.3,12559,761.7,7.9,91,Walking,58,3.33,10,Tired
1691,2016-07-20,26,Female,158.3,74.9,15905,879,6.1,96,Running,64,1.87,7,Neutral
1681,2016-07-21,48,Female,157.6,51.5,5685,475.4,9.4,79,Yoga,44,0.78,2,Happy
1837,2016-07-22,38,Male,170.3,88.6,17585,900,8.9,74,Yoga,34,2.41,10,Happy
1782,2016-07-23,43,Male,170.2,84.5,18388,900,7,73,Yoga,39,3.65,10,Happy
1053,2016-07-24,57,Male,150,65.6,18696,868.6,7.1,58,None,0,2.52,2,Neutral
1443,2016-07-25,30,Female,181.6,83.2,19409,900,5.7,72,Gym,77,1.54,6,Tired
1612,2016-07-26,40,Female,150,100,12765,779.4,6,70,Running,79,1.36,2,Tired
1992,2016-07-27,37,Female,168.5,54.2,5221,368.7,5.3,69,Running,49,3.34,10,Tired
1263,2016-07-28,54,Male,183.3,78.3,16327,833.5,6.7,79,Yoga,32,1.93,1,Happy
1052,2016-07-29,45,Male,192.1,99.8,4671,383.8,7.1,76,Walking,86,3.58,3,Neutral
1571,2016-07-30,34,Female,166.4,79.8,5941,447.1,4.6,83,None,0,2.96,1,Happy
1619,2016-07-31,45,Female,155.7,58.7,13466,710.9,8,71,Running,59,1.96,6,Neutral
1004,2016-08-01,58,Male,182.9,73.6,18988,900,5.7,81,Gym,57,3.32,4,Happy
1102,2016-08-02,19,Male,178.7,90.5,19286,900,7.6,75,Running,66,1.85,2,Neutral
1195,2016-08-03,42,Male,165.1,54.8,13191,627.1,8.2,81,Cycling,48,1.49,7,Happy
1773,2016-08-04,58,Male,163.8,69.5,5588,427.3,9,74,Gym,53,1.89,7,Happy
1876,2016-08-05,23,Female,162.8,66.3,11811,653.3,8.6,93,Walking,30,3.04,8,Neutral
1991,2016-08-06,28,Male,166.6,60.5,19733,900,9.5,51,Gym,39,3.3,7,Tired
1883,2016-08-07,55,Male,173.2,73.6,8928,585.3,8.2,81,Gym,39,2.22,1,Tired
1349,2016-08-08,23,Male,164.3,68.5,16325,868.6,7.3,84,Running,75,1.19,3,Neutral
1046,2016-08-09,28,Female,165.6,79.7,8120,533,6.3,62,Gym,42,1.41,1,Neutral
1866,2016-08-10,31,Female,176.4,87.1,15274,841.5,6.8,93,Yoga,44,1.75,2,Tired
1822,2016-08-11,19,Male,155.2,50.9,5719,444.8,9.4,75,None,0,1.59,1,Happy
1935,2016-08-12,57,Male,166.2,71,9081,526.3,6.7,74,Gym,50,2.69,9,Tired
1819,2016-08-13,20,Male,153.2,69.2,15550,858.1,7,79,Running,20,3.86,7,Neutral
1655,2016-08-14,52,Female,171.1,73.1,17354,900,9.2,84,Yoga,73,3.06,9,Happy
1268,2016-08-15,50,Female,150.6,69.8,11864,620.3,6.7,76,Walking,35,1.71,8,Neutral
1369,2016-08-16,41,Female,178.9,55.3,17931,900,5.8,76,Cycling,78,2.01,10,Tired
1635,2016-08-17,36,Male,156.9,91.8,13624,730.8,8.7,83,Gym,85,2.15,2,Happy
1105,2016-08-18,35,Female,152.3,98.2,4361,405.1,5.8,85,Yoga,22,2.77,1,Tired
1669,2016-08-19,41,Male,166.4,78.2,14707,795.9,7.6,78,Yoga,34,3.6,5,Tired
1658,2016-08-20,52,Male,187.1,79,2924,308.4,7.3,60,Walking,51,2.17,7,Tired
1656,2016-08-21,18,Male,177.1,72,13647,772.8,7.5,65,Walking,69,3.58,2,Happy
1119,2016-08-22,53,Female,150.8,84.5,7681,490.6,3.4,86,Cycling,79,3.97,4,Tired
1830,2016-08-23,42,Male,156.6,45,3701,402.1,8.2,72,Cycling,27,2.26,7,Happy
1786,2016-08-24,51,Female,166,69.9,15175,869.2,6.9,69,Running,26,2.24,9,Tired
1603,2016-08-25,42,Female,192.4,61.4,11122,617.5,7.9,79,Cycling,23,2.25,6,Tired
1057,2016-08-26,33,Male,160.6,72.2,17805,900,7.8,78,Cycling,29,2.54,7,Neutral
1950,2016-08-27,51,Male,160.7,86.4,17719,890.1,7.5,73,Yoga,79,2.25,8,Tired
1345,2016-08-28,46,Female,185.3,70.3,10718,647.5,6.4,82,Gym,44,3.12,8,Happy
1740,2016-08-29,36,Male,171.9,64.6,1056,307.7,6.4,62,Gym,61,1.42,9,Neutral
1473,2016-08-30,40,Female,180.5,49,14973,715.5,6.9,58,None,0,2.13,10,Happy
1116,2016-08-31,36,Male,162.7,68.4,16352,783.2,7.3,90,Cycling,51,2.73,2,Tired
1829,2016-09-01,42,Female,169,80.1,16052,837.9,6.4,64,None,0,3.11,7,Neutral
1790,2016-09-02,33,Female,183.2,57.4,4147,375.2,8.4,60,None,0,4.04,2,Neutral
1126,2016-09-03,26,Female,168.6,45,4537,334.4,6.5,72,Running,68,1.6,7,Neutral
1392,2016-09-04,18,Female,181.2,104.1,1721,277.9,5.5,75,Running,35,2.04,9,Happy
1907,2016-09-05,59,Male,173.9,75,13269,693.7,7.9,70,Gym,57,0.91,4,Neutral
1640,2016-09-06,36,Male,159.6,66.7,17769,888.4,9.8,73,Walking,24,1.72,5,Neutral
1057,2016-09-07,50,Female,169.8,90.9,8426,600.5,5.2,61,Yoga,26,1.26,5,Happy
1633,2016-09-08,51,Female,179.8,72.1,14788,774.4,6.8,82,Cycling,27,2.14,2,Happy
1512,2016-09-09,33,Male,176.7,90,15007,782.2,8.6,60,Yoga,52,2.34,3,Happy
1750,2016-09-10,57,Male,169.6,88.7,12079,689.7,7.9,75,Cycling,81,2.83,10,Tired
1801,2016-09-11,35,Male,151.1,50.9,15346,868.5,7.9,77,Cycling,51,2.29,1,Happy
1095,2016-09-12,51,Male,152,76.9,8115,522.4,7,81,None,0,2.83,3,Happy
1637,2016-09-13,42,Male,154.2,95.9,11911,648.5,3,77,Gym,39,2.58,5,Neutral
1117,2016-09-14,23,Male,164.9,55,1259,279.3,7.4,64,Yoga,74,1.78,9,Tired
1559,2016-09-15,38,Female,166.2,55.2,9791,632.3,7.6,71,Yoga,82,1.32,1,Neutral
1600,2016-09-16,23,Male,155.2,57.7,8536,598.7,8.7,68,Walking,25,2.91,6,Happy
1487,2016-09-17,49,Male,180.2,83.4,9947,596.1,5.9,59,Walking,71,3.65,2,Happy
1236,2016-09-18,58,Female,157.4,74.3,12769,734.5,9.5,79,Yoga,21,4.27,6,Neutral
1884,2016-09-19,56,Male,156.3,45,11950,717.5,6.5,67,Walking,58,3.15,10,Tired
1896,2016-09-20,48,Male,170.9,75.1,17860,900,6.3,76,Walking,51,3.52,6,Tired
1271,2016-09-21,59,Male,179.7,66.2,6283,517.3,5.9,74,Cycling,70,2.82,1,Neutral
1188,2016-09-22,27,Male,190.5,68.3,10791,664.2,8.6,64,Gym,88,2.71,5,Happy
1998,2016-09-23,47,Male,175.8,57.4,3359,428.5,5.4,63,Cycling,51,2.58,10,Tired
1703,2016-09-24,35,Female,185.8,75.2,8405,582.1,7.9,72,None,0,2.43,2,Tired
1446,2016-09-25,41,Male,157.9,85.8,18645,849.5,5.8,62,Walking,81,2.92,1,Neutral
1580,2016-09-26,26,Female,191.6,60.4,15357,794.4,6.9,85,Cycling,32,2.14,9,Tired
1789,2016-09-27,48,Female,151.4,45,7323,412,4.7,88,Cycling,89,2.4,6,Happy
1860,2016-09-28,32,Male,165,65.5,6937,445.5,8.2,83,Running,40,1.68,1,Neutral
1246,2016-09-29,21,Female,175.6,81.3,18966,900,6.8,78,Cycling,80,2.83,10,Tired
1962,2016-09-30,57,Male,153.9,63.7,12030,724.6,7.8,76,Cycling,33,1.83,9,Happy
1075,2016-10-01,26,Female,160.7,47.5,18882,900,6.7,65,Gym,41,2.52,9,Happy
1153,2016-10-02,26,Female,159.1,81.4,14003,829.8,7.8,83,Yoga,51,2.85,7,Neutral
1655,2016-10-03,43,Male,166.9,91.2,11578,629.7,6.9,89,Running,60,2.91,9,Neutral
1434,2016-10-04,21,Male,184.2,70.3,13979,744.7,8.1,72,Running,51,3.04,1,Happy
1996,2016-10-05,34,Male,170.2,45.9,3209,266.4,7.8,75,Running,61,2.35,3,Happy
1085,2016-10-06,33,Male,165.4,65.2,13060,794.6,7.3,67,None,0,2.84,8,Tired
1696,2016-10-07,32,Male,150,72.3,8228,608,5.6,72,Running,73,2.16,3,Tired
1284,2016-10-08,52,Female,174.7,57.9,10300,605.4,6.3,62,Gym,81,1.12,8,Tired
1973,2016-10-09,22,Female,177.9,78.8,9681,513.2,5.8,72,Yoga,62,2.87,3,Tired
1219,2016-10-10,22,Female,153,56.4,9196,557.4,9.1,79,None,0,2.71,4,Tired
1068,2016-10-11,37,Female,169.3,70.4,9267,582.3,8.2,78,Gym,57,3.21,4,Neutral
1046,2016-10-12,32,Female,171.9,66.6,6372,423.1,7.1,78,Running,58,2.48,5,Tired
1093,2016-10-13,35,Female,179.6,79.2,7150,603.5,6.2,51,Yoga,89,1.38,10,Tired
1749,2016-10-14,19,Female,162.8,69.8,11920,768.1,5.8,75,Gym,64,2.44,10,Tired
1957,2016-10-15,46,Male,161.2,67.1,17001,792.6,7.2,81,Yoga,65,3.12,4,Happy
1452,2016-10-16,30,Male,165.4,58,17856,856.5,9.8,75,None,0,2.83,7,Tired
1203,2016-10-17,21,Female,182.8,70.5,16147,868.8,7,86,Gym,71,2.4,4,Neutral
1911,2016-10-18,59,Female,180.4,66.1,18221,875.2,8.8,74,Yoga,28,1.34,1,Happy
1217,2016-10-19,27,Male,169.8,56.9,2186,296.6,7.4,79,Gym,76,1.78,5,Happy
1473,2016-10-20,48,Male,180.2,72.4,7461,499,7.8,65,Running,88,2.83,8,Tired
1431,2016-10-21,58,Male,150,75.5,18865,900,6.3,81,Running,62,1.33,6,Happy
1340,2016-10-22,25,Male,177.9,64.9,12464,749.5,6.7,83,Running,26,2.28,4,Tired
1550,2016-10-23,20,Female,158.8,84,15052,892.5,5.8,68,None,0,2.53,4,Tired
1611,2016-10-24,26,Male,187.7,74,8332,553.1,7.5,61,Gym,63,3.3,1,Tired
1288,2016-10-25,47,Female,159.4,50.7,17615,844,6.6,70,Yoga,87,2.93,10,Neutral
1253,2016-10-26,28,Female,161.5,90.1,1327,260.3,7.5,65,Yoga,63,3.17,1,Happy
1733,2016-10-27,52,Female,175.6,81.5,6239,420.4,5.5,81,Walking,59,2.71,3,Happy
1356,2016-10-28,54,Male,176.6,85,18333,900,7.7,70,Cycling,62,1.91,4,Happy
1022,2016-10-29,59,Male,165.5,76,11078,677.8,7.3,82,Running,81,2.07,4,Happy
1761,2016-10-30,30,Female,173.7,45,8038,541.6,7.2,59,Running,62,1.85,2,Happy
1521,2016-10-31,53,Female,175,86.4,9048,594.4,7.6,67,Running,38,2.91,9,Tired
1757,2016-11-01,30,Female,173.9,70.9,15954,836.2,6.6,67,Walking,68,2.01,8,Tired
1836,2016-11-02,29,Male,166,75.3,3297,394.5,10,78,Walking,84,2.22,3,Tired
1099,2016-11-03,54,Female,175.1,78.1,18691,900,7.7,54,Walking,44,2.52,2,Neutral
1801,2016-11-04,27,Male,184.1,99,13703,796.1,7.2,72,Running,60,3.65,1,Neutral
1179,2016-11-05,26,Female,157.7,61.8,3779,430.8,8.1,71,Yoga,42,2.96,10,Neutral
1222,2016-11-06,24,Female,161.6,62.2,14706,747.5,6.2,79,Running,77,1.96,9,Neutral
1905,2016-11-07,19,Female,170.3,57.2,14225,785.9,6.2,76,Walking,62,2.61,5,Happy
1761,2016-11-08,40,Male,159.4,54,8318,553.5,8.2,65,Walking,59,3.66,8,Neutral
1658,2016-11-09,56,Male,152,54.2,14531,727.5,8.3,52,Cycling,49,2.93,4,Happy
1441,2016-11-10,57,Female,180.9,45,6335,385,8.8,67,Gym,53,1.38,2,Happy
1607,2016-11-11,56,Male,150,76.4,10530,575.4,4.9,62,Cycling,29,1.86,5,Happy
1768,2016-11-12,38,Female,166,99.8,8502,537.5,6.8,63,Cycling,79,1.81,8,Tired
1324,2016-11-13,40,Male,177.6,100.8,2649,326.9,7.5,68,Running,20,3.51,6,Tired
1515,2016-11-14,46,Male,172.7,57.2,14472,760.4,8.1,83,Gym,31,3.38,8,Happy
1015,2016-11-15,31,Male,166.1,65.9,3862,451,7.8,62,Gym,65,2.06,3,Neutral
1791,2016-11-16,43,Female,159,88.5,1917,328,5.7,56,Running,36,2.05,5,Happy
1335,2016-11-17,22,Male,173.4,76.5,13444,760.4,7.8,69,Yoga,77,2.53,2,Tired
1758,2016-11-18,48,Male,160.1,72,9353,552.6,7.5,72,None,0,2.55,3,Neutral
1257,2016-11-19,42,Female,172.7,66.1,6449,461.5,7.5,72,Running,25,1.83,7,Tired
1496,2016-11-20,48,Female,171.4,87.7,3811,407.5,5.4,68,Yoga,81,2.33,1,Neutral
1987,2016-11-21,37,Female,171.5,53.9,4421,422.8,5.6,73,Yoga,29,1.48,8,Tired
1895,2016-11-22,34,Female,163.6,77.2,10290,657.1,9.7,77,Gym,45,3.39,5,Happy
1159,2016-11-23,19,Male,190.4,75.2,3721,333.7,8.5,66,Running,77,1.27,2,Tired
1474,2016-11-24,42,Male,173.6,70.7,11892,649.5,6.9,85,Running,36,1.26,3,Neutral
1851,2016-11-25,30,Male,167.2,81.8,16256,778.9,6.9,73,Gym,72,2.8,4,Tired
1663,2016-11-26,56,Male,172.6,70.5,1788,297.9,10,85,Cycling,24,1.63,2,Neutral
1907,2016-11-27,45,Male,162.3,62,17640,829.7,7.1,78,Running,86,2.15,10,Tired
1689,2016-11-28,59,Female,166.1,71.4,5025,400.2,6.8,62,None,0,2.54,5,Tired
1674,2016-11-29,23,Male,193.9,46.1,7741,488.6,5.8,55,None,0,2.97,7,Happy
1379,2016-11-30,20,Male,162.3,79.2,4654,397.3,6.6,86,Walking,65,2.35,9,Neutral
1544,2016-12-01,52,Male,169.2,83,14580,841.5,4.5,66,Walking,86,3.75,1,Neutral
1928,2016-12-02,35,Female,165.4,60.2,8660,614.1,7.8,74,Running,22,2.5,10,Happy
1956,2016-12-03,28,Female,159.6,56.6,4251,405.2,8.9,69,Yoga,42,3.33,6,Tired
1690,2016-12-04,37,Male,174.2,60.7,6268,412.5,8.9,88,None,0,2.69,6,Neutral
1426,2016-12-05,22,Female,170.4,69.1,12781,710.1,5.9,74,None,0,3.99,1,Neutral
1612,2016-12-06,36,Female,179.1,73.2,14489,735.9,3.6,61,Gym,66,3.24,2,Neutral
1267,2016-12-07,39,Female,178.1,94.2,16131,812.5,7.5,72,None,0,2.53,8,Happy
1834,2016-12-08,36,Female,179,92.3,8562,566.6,9,86,Yoga,63,2.94,6,Happy
1576,2016-12-09,33,Female,160.8,82.5,16987,830.8,4.6,66,Walking,32,2.32,1,Neutral
1416,2016-12-10,41,Female,176.4,71.8,15391,792.9,6.4,59,Walking,27,2.31,10,Tired
1167,2016-12-11,58,Female,176.7,56.1,3152,272.6,7.5,82,Gym,82,1.59,10,Tired
1841,2016-12-12,21,Male,159.8,95.2,9738,622.4,5.7,65,Walking,41,1.93,6,Happy
1042,2016-12-13,32,Male,166.8,66.3,8888,537.5,4.4,58,Cycling,57,3.94,10,Tired
1555,2016-12-14,42,Female,155.4,74.2,11096,533,5.9,66,Walking,46,1.66,7,Happy
1284,2016-12-15,52,Male,176.7,79.4,6474,540.6,6.1,77,None,0,2.04,2,Neutral
1396,2016-12-16,31,Male,176.7,70.9,1488,310.2,4.2,79,Yoga,42,2.43,4,Neutral
1011,2016-12-17,36,Female,184.3,87.3,19206,867.5,8.6,78,Yoga,84,2.46,7,Neutral
1606,2016-12-18,55,Male,167.7,76.8,6622,501.6,9.3,64,Cycling,66,2.77,6,Happy
1301,2016-12-19,53,Female,174.5,84.8,4774,467.1,7,83,Yoga,80,2.17,8,Tired
1897,2016-12-20,24,Female,179.9,76.7,7446,488.5,8.1,82,Yoga,65,2.81,6,Neutral
1252,2016-12-21,47,Female,162.5,69.4,9572,590.3,4.8,79,Yoga,23,3.3,2,Tired
1498,2016-12-22,36,Male,160.9,71.1,8833,537.4,6.8,64,Running,50,3.39,1,Tired
1753,2016-12-23,42,Male,162.8,69.1,11258,676.3,6.1,68,Cycling,23,2.31,5,Happy
1034,2016-12-24,33,Male,166.5,50.7,13416,788.3,7.6,78,Cycling,48,2.93,10,Happy
1726,2016-12-25,57,Male,161.3,55,5887,375.9,3,80,Walking,63,1.7,10,Tired
1848,2016-12-26,25,Female,163.2,81.1,17605,868.9,6.5,65,None,0,1.99,9,Tired
1089,2016-12-27,35,Female,178.8,51.1,16684,872.4,7.9,92,Cycling,78,1.68,2,Neutral
1775,2016-12-28,45,Male,169,63.9,1617,280.2,7.4,73,Gym,72,2.47,7,Neutral
1604,2016-12-29,33,Female,173.1,54.2,14636,805.8,8.2,84,Cycling,30,1.9,9,Neutral
1921,2016-12-30,36,Female,164.5,63.1,3570,333.2,6.1,62,Gym,25,1.44,4,Tired
1969,2016-12-31,59,Male,163.8,67.7,7309,448.3,3,77,Yoga,66,2.23,4,Happy
1601,2017-01-01,34,Female,172.9,63.9,3790,400.9,8.6,62,None,0,1.29,10,Tired
1417,2017-01-02,30,Male,171.3,48.6,8826,492,8.1,76,Gym,87,3.43,5,Neutral
1114,2017-01-03,24,Female,177.8,67.2,13134,700.7,9.4,79,None,0,2.11,6,Neutral
1616,2017-01-04,44,Male,183,55.6,5054,403.1,7.1,80,None,0,3.19,7,Happy
1902,2017-01-05,27,Female,163.1,60.5,17090,900,7.6,67,Running,62,2.16,9,Tired
1195,2017-01-06,51,Female,178.6,81.1,8681,532.6,10,57,None,0,1.66,6,Neutral
1825,2017-01-07,53,Male,159.2,84.3,16569,900,4.2,78,Yoga,48,3.32,3,Happy
1500,2017-01-08,42,Male,190.7,50.3,7508,562.9,7.7,71,Gym,37,2.56,2,Neutral
1625,2017-01-09,23,Male,162.1,93.5,17608,873.2,8.8,71,None,0,3.82,6,Happy
1492,2017-01-10,41,Male,176.9,62.3,11433,676.9,7.3,65,Yoga,25,2.17,9,Tired
1074,2017-01-11,35,Female,159.1,61,13344,746.1,7.1,74,Running,35,2.19,3,Happy
1412,2017-01-12,40,Female,168.5,56.6,12888,698.5,4.8,75,Yoga,20,3.2,4,Tired
1375,2017-01-13,23,Male,185.5,70.8,4827,297.8,9.2,85,Yoga,41,3.21,3,Tired
1419,2017-01-14,46,Female,161.8,99.7,18787,900,8.6,55,Cycling,65,2.61,7,Neutral
1728,2017-01-15,42,Male,192,46.9,17257,900,8.9,61,Walking,81,4.83,4,Tired
1276,2017-01-16,34,Male,169.9,45,17793,900,7,79,Gym,42,2.3,6,Neutral
1760,2017-01-17,41,Female,179.8,74,2916,299.9,6.5,53,Walking,40,1.61,6,Neutral
1675,2017-01-18,28,Female,174,78.5,3859,321,7,67,Running,70,1.8,9,Tired
1393,2017-01-19,43,Male,174.6,70.8,8072,477.2,9.5,98,Running,57,2.31,5,Happy
1868,2017-01-20,51,Male,155.7,78.9,16523,711,6.6,72,Yoga,47,3.56,7,Tired
1456,2017-01-21,45,Male,165.3,53,3051,301.8,9.2,82,Walking,63,2.37,1,Tired
1919,2017-01-22,20,Female,182,55.8,9214,706.9,6.8,58,Gym,58,3.6,8,Happy
1191,2017-01-23,28,Female,166.6,71.9,3968,422.3,5.7,82,Gym,61,2.8,2,Neutral
1738,2017-01-24,55,Female,171.4,96.4,9936,547.8,3.9,71,Yoga,61,3.26,4,Neutral
1688,2017-01-25,31,Female,154.5,78.4,1601,238.3,7.9,78,Gym,79,2.77,10,Tired
1098,2017-01-26,43,Male,164.6,79.1,16451,832,8.2,80,Cycling,76,2.77,7,Happy
1547,2017-01-27,38,Male,181.2,53.9,14257,840.2,5.3,70,Walking,26,3.03,6,Happy
1977,2017-01-28,56,Male,157.2,76.3,6274,562.2,9.2,80,Running,70,2.1,4,Happy
1998,2017-01-29,47,Male,177.2,52.3,19226,900,4.9,63,Gym,51,2.11,8,Happy
1095,2017-01-30,25,Male,171.8,96.5,11866,687.8,8.1,75,Gym,26,2.74,7,Tired
1663,2017-01-31,37,Male,167.6,54.8,13368,760.7,8.1,80,Gym,59,3.86,6,Tired
1662,2017-02-01,49,Female,167.2,58.1,9674,586.2,8.6,69,Yoga,34,1.42,5,Neutral
1189,2017-02-02,39,Female,165.1,47.9,16462,872.6,4,65,Running,78,1.08,5,Happy
1735,2017-02-03,24,Male,166,71.3,12503,702.5,8.6,70,Walking,31,2.32,7,Tired
1036,2017-02-04,26,Male,179.3,70.7,16624,888.9,6.8,86,Gym,61,3.22,6,Tired
1779,2017-02-05,18,Female,165.7,92.7,15370,714.7,6.5,84,Cycling,58,2.54,4,Happy
1368,2017-02-06,46,Female,188.1,81.6,6368,430.7,8.2,82,None,0,1.68,7,Happy
1694,2017-02-07,25,Female,173,58.1,13567,683.5,8.4,90,Yoga,21,2.56,5,Neutral
1524,2017-02-08,21,Female,164.2,83.1,4825,427.5,4,75,Walking,48,1.29,7,Happy
1278,2017-02-09,52,Male,179.7,51.3,11391,616.4,5.1,77,Gym,80,2.94,7,Neutral
1216,2017-02-10,20,Male,176.2,59.2,10874,556.7,8.8,55,Walking,48,2.28,2,Neutral
1866,2017-02-11,57,Male,153.5,71.8,4608,294.9,7.7,66,Yoga,57,2.44,4,Happy
1872,2017-02-12,24,Male,159.7,53,7878,537.6,7.3,80,None,0,2.8,10,Happy
1797,2017-02-13,44,Male,168.8,86,2018,234.3,5.5,84,Cycling,49,2.64,4,Tired
1272,2017-02-14,18,Female,154.2,104.2,18695,900,7.7,62,Gym,75,2.12,7,Happy
1880,2017-02-15,44,Male,190.9,65.6,10610,703.5,8.8,74,Cycling,55,3.22,8,Happy
1061,2017-02-16,33,Female,178.2,60.2,3500,358.8,10,97,Yoga,61,3.06,1,Neutral
1595,2017-02-17,55,Male,169.9,68.1,3667,321.2,6.5,74,Cycling,23,1.26,7,Happy
1879,2017-02-18,24,Male,166.6,61.6,10578,564.4,8.3,89,Yoga,24,2.34,6,Tired
1728,2017-02-19,40,Male,164,73.9,6230,470.9,9.8,78,None,0,1.74,10,Tired
1341,2017-02-20,58,Male,150.4,50.2,11255,643.7,4.8,81,Cycling,21,1.61,1,Happy
1396,2017-02-21,28,Male,152.7,74.8,5834,462.3,9.7,66,Walking,73,2.87,8,Happy
1698,2017-02-22,59,Female,189,98.7,2546,182.7,7.3,59,Walking,78,2.21,5,Neutral
1018,2017-02-23,50,Female,185.7,45,16050,898.9,7.1,82,Yoga,52,2.4,7,Happy
1176,2017-02-24,53,Female,164.2,52.5,16049,756.3,6.2,78,Walking,41,2.03,8,Neutral
1611,2017-02-25,54,Male,179.1,63.3,19529,900,6.5,76,None,0,2.76,7,Happy
1395,2017-02-26,58,Male,175.1,78.1,19547,900,5.9,62,Cycling,25,2.97,10,Neutral
1444,2017-02-27,34,Female,176.2,83.4,16640,753.9,5.6,71,Cycling,43,4.02,1,Tired
1232,2017-02-28,52,Male,155.7,82.1,15284,807,7.7,69,Gym,68,2.37,6,Happy
1914,2017-03-01,22,Male,151.9,45,4423,363.2,8.7,70,Yoga,70,1.49,1,Happy
1075,2017-03-02,49,Female,181.8,59.9,3332,331.8,5.4,77,Walking,60,2.15,4,Neutral
1264,2017-03-03,20,Male,150.2,56.5,7066,500.5,6,82,None,0,3.09,4,Neutral
1454,2017-03-04,52,Female,168.5,69,19040,900,7.4,78,Yoga,21,1.96,8,Happy
1795,2017-03-05,31,Male,166.3,70.3,7038,414.5,5.3,77,Walking,62,1.46,6,Neutral
1717,2017-03-06,48,Female,165.4,49.5,9583,588.2,7.4,76,Gym,51,1.97,7,Happy
1734,2017-03-07,48,Male,173.1,63.4,6289,450.6,6.6,73,Cycling,31,2.13,10,Tired
1383,2017-03-08,34,Male,163.2,78.7,1296,248.8,4.5,67,Cycling,42,1.74,7,Neutral
1563,2017-03-09,41,Female,174,60.6,18470,900,7.7,75,None,0,2.65,7,Happy
1850,2017-03-10,40,Male,171.4,67,6194,514.6,6.2,82,Running,63,2.44,10,Tired
1505,2017-03-11,35,Male,191,95.5,6805,563.6,8.5,74,Yoga,21,3.05,2,Happy
1366,2017-03-12,31,Female,156.1,99.9,13797,769.1,6.7,66,Walking,26,2.19,6,Happy
1143,2017-03-13,32,Male,170.3,45,17879,900,5.9,63,Running,40,2.89,8,Tired
1884,2017-03-14,32,Female,174.3,71.7,3995,317,7,65,Yoga,77,2.16,8,Neutral
1068,2017-03-15,23,Male,167.4,113.8,17477,881.1,8.9,64,Walking,42,1.71,4,Tired
1098,2017-03-16,44,Male,156.6,77.2,13912,727.5,9.8,104,Gym,79,2.12,7,Happy
1395,2017-03-17,32,Male,182.6,70.3,7393,470.9,7.9,66,Yoga,44,1.37,9,Tired
1024,2017-03-18,53,Male,173.4,89.7,1720,270.9,6.1,75,Walking,54,3.75,8,Happy
1947,2017-03-19,25,Female,157.3,73.3,7325,503.2,7,74,Cycling,64,2.6,2,Tired
1890,2017-03-20,32,Male,174.4,80.6,13554,763.7,6.9,89,Yoga,26,1.94,8,Neutral
1468,2017-03-21,20,Female,187,66.8,6099,531.2,6.8,79,Walking,88,2.24,3,Tired
1483,2017-03-22,30,Male,169.6,73.1,13568,666.5,6.6,79,None,0,0.78,4,Tired
1564,2017-03-23,58,Male,170,76.4,5026,340.8,5.6,77,Cycling,72,3.5,3,Neutral
1150,2017-03-24,51,Male,185.7,83,13247,607.8,8.5,78,Cycling,88,3.44,8,Happy
1143,2017-03-25,41,Male,160.3,63.5,6057,400.2,8.3,78,Running,44,2.58,4,Tired
1568,2017-03-26,57,Female,187.3,63.1,18490,900,7,69,Walking,21,2.72,1,Happy
1038,2017-03-27,49,Female,179.7,45,6305,417.3,8.9,66,Running,80,1.61,9,Tired
1108,2017-03-28,49,Female,160.8,64.2,12914,659.6,7.9,76,None,0,1.66,9,Neutral
1692,2017-03-29,47,Female,163.3,84.3,7674,511.4,5.3,70,Running,70,1.31,1,Tired
1041,2017-03-30,30,Male,164.8,76.9,10563,603.2,6.5,77,Gym,21,2.39,8,Happy
1185,2017-03-31,18,Female,151.7,55,16316,808.4,9.2,64,Running,64,3.24,2,Happy
1934,2017-04-01,51,Female,172.6,45,17217,896.2,6.5,60,Running,51,2.23,7,Neutral
1397,2017-04-02,32,Male,161.2,67.9,3005,291.5,6,62,Gym,51,2.74,1,Happy
1222,2017-04-03,31,Male,173,83.9,13741,807.5,8.1,74,Gym,27,3.19,6,Neutral
1633,2017-04-04,46,Male,157.1,62.8,15602,815.9,6.6,59,Yoga,39,1.36,10,Neutral
1132,2017-04-05,51,Male,179.2,48.3,13603,726.6,7.8,94,Running,84,3.79,10,Happy
1162,2017-04-06,35,Female,177.4,61.2,14987,812.6,6.9,95,Cycling,40,3.31,8,Happy
1214,2017-04-07,24,Female,162.9,74.9,18147,825.6,5.8,84,Gym,26,2.86,6,Neutral
1732,2017-04-08,46,Male,173.6,88.6,14543,842.4,6,71,Walking,28,3.15,9,Happy
1234,2017-04-09,48,Male,170.8,66.1,10144,645,4.5,70,Yoga,21,3.18,1,Neutral
1842,2017-04-10,42,Male,184.8,85.8,12114,644.9,5.3,78,Yoga,38,2.7,9,Tired
1657,2017-04-11,55,Female,159.7,84.2,6691,411.1,7.9,81,Running,79,3.5,3,Happy
1750,2017-04-12,31,Female,168.5,52.4,8059,471.9,8.8,78,None,0,2.18,2,Happy
1587,2017-04-13,25,Male,163.6,88.8,5479,348.7,6.1,62,Cycling,78,2.82,8,Neutral
1008,2017-04-14,44,Male,170.4,74.4,5198,323.1,4.9,73,None,0,3.43,10,Tired
1073,2017-04-15,19,Female,175.3,51.9,10091,531.5,8.7,80,None,0,0.62,5,Tired
1953,2017-04-16,34,Male,163.5,96.4,16068,710.4,8.8,51,Gym,81,2.81,1,Happy
1491,2017-04-17,54,Male,166.4,68.1,5205,390,8.1,64,Walking,29,3.01,1,Neutral
1912,2017-04-18,31,Female,179.7,45,4641,378.8,4.8,80,Running,84,1.3,2,Neutral
1252,2017-04-19,42,Male,183.6,59.4,4543,445.8,7.8,72,Cycling,45,2.7,7,Happy
1229,2017-04-20,47,Female,174.9,55.7,16424,900,7.8,72,Running,79,1.94,2,Tired
1518,2017-04-21,46,Male,168.6,59.8,6591,426.9,8.4,86,Running,37,2.78,9,Neutral
1173,2017-04-22,37,Male,167.7,63.3,12833,700.9,7.2,74,Yoga,78,2.43,6,Neutral
1652,2017-04-23,38,Female,175.5,66.1,7116,539.8,5.9,70,None,0,1.84,4,Happy
1167,2017-04-24,39,Female,172.3,65.6,1761,248,6.4,72,Walking,65,3.28,4,Happy
1169,2017-04-25,52,Male,153.5,68.5,3407,344.8,8.8,72,Walking,31,2.21,3,Tired
1392,2017-04-26,54,Female,175.7,78.8,1885,245.1,7.6,67,Walking,51,2.69,9,Tired
1945,2017-04-27,33,Male,161.4,58.8,3643,347.7,5,73,Walking,58,3.42,2,Neutral
1794,2017-04-28,34,Male,155.8,87.7,12125,689.2,9.6,64,Gym,74,1.86,9,Happy
1633,2017-04-29,33,Female,153.3,51.6,2468,281.3,8.7,72,Gym,74,2.51,3,Happy
1193,2017-04-30,19,Male,167.8,79.2,14366,827.9,9.5,70,Walking,29,2.15,4,Happy
1516,2017-05-01,21,Male,159.8,94.6,8015,477.4,8.7,77,Cycling,54,2.31,9,Tired
1028,2017-05-02,38,Female,150,67.3,7323,498.7,5.6,90,Gym,25,4.01,3,Tired
1164,2017-05-03,56,Female,166.4,72.9,9935,686.6,7.5,78,Gym,87,2.82,6,Neutral
1421,2017-05-04,51,Male,165.1,55.5,3428,352.7,7.9,76,Cycling,81,2.72,5,Happy
1338,2017-05-05,47,Female,168.5,62.3,12685,667.6,5,77,Walking,28,2.87,6,Tired
1647,2017-05-06,23,Female,163.7,93.5,13738,766.9,5.2,66,Running,48,2.8,5,Happy
1495,2017-05-07,34,Female,188.3,81.2,10308,733.9,8.1,82,Gym,25,1.22,3,Tired
1364,2017-05-08,56,Female,175.2,76.3,16879,877.1,8.2,79,Running,63,4.11,2,Happy
1832,2017-05-09,42,Male,165,45,16772,900,10,75,Running,83,1.47,10,Neutral
1341,2017-05-10,22,Male,169.4,59.3,11633,665.6,6.6,79,Cycling,86,3.71,9,Tired
1499,2017-05-11,22,Male,184.1,96.1,18738,900,4.5,78,Walking,63,2.93,4,Tired
1656,2017-05-12,37,Female,179.6,76.2,19864,900,6.8,78,None,0,2.63,10,Neutral
1510,2017-05-13,33,Female,156,78,12193,636.8,8.3,85,Running,28,2.29,6,Neutral
1326,2017-05-14,58,Female,160.3,72.6,18570,900,6.5,67,Walking,42,4.32,9,Happy
1216,2017-05-15,54,Female,162.2,60.8,16281,790.1,7.2,88,Yoga,76,2.92,5,Tired
1300,2017-05-16,57,Female,165.6,75,5087,387.9,6,59,None,0,2.51,7,Happy
1131,2017-05-17,26,Female,164,47,7228,584.7,8.8,82,None,0,2.13,5,Happy
1803,2017-05-18,22,Female,170.3,45.9,3831,349.6,8.1,77,None,0,2.04,9,Happy
1069,2017-05-19,59,Male,177.4,59,19132,900,5.8,65,Walking,26,2.54,2,Tired
1251,2017-05-20,19,Male,179,72.9,12055,694.2,6.2,85,Cycling,39,1.85,3,Neutral
1414,2017-05-21,26,Female,166.7,46.5,14795,764.1,6,57,Cycling,83,2.98,5,Happy
1786,2017-05-22,53,Female,153.7,71.9,8552,547.5,4.2,91,Yoga,38,2.05,2,Tired
1444,2017-05-23,39,Female,159.6,55.1,15605,765.4,5.9,98,Cycling,25,3.2,6,Happy
1875,2017-05-24,39,Male,164.8,57.1,12282,730.3,4.3,73,Walking,70,3.19,10,Neutral
1181,2017-05-25,39,Male,157.5,89.5,2063,288.8,8.4,65,None,0,2.46,3,Neutral
1166,2017-05-26,51,Female,181.4,70.6,14344,723.7,8.5,69,Walking,84,2.91,5,Tired
1090,2017-05-27,46,Female,158.2,56.4,16898,893.9,6.6,85,None,0,2.94,5,Tired
1713,2017-05-28,55,Male,176.2,72.8,3732,446,7.3,72,Walking,42,1.48,10,Neutral
1857,2017-05-29,50,Male,153.2,48,2872,275.1,8.6,50,Cycling,77,3.71,8,Tired
1530,2017-05-30,35,Male,176.6,75.7,5720,466.7,8.2,79,Walking,30,2.32,9,Neutral
1038,2017-05-31,24,Male,168.6,86.6,2969,339.7,10,84,Gym,53,2.99,4,Happy
1125,2017-06-01,18,Female,185.1,79.9,13155,746.4,7.4,80,None,0,3.01,10,Neutral
1450,2017-06-02,50,Male,158.7,102.4,12870,759.8,9.2,82,None,0,0.76,1,Happy
1172,2017-06-03,18,Male,164.4,45,17702,894.2,7.1,91,Yoga,65,2.04,5,Tired
1652,2017-06-04,41,Female,166.3,71.9,4717,396.3,6.8,73,Gym,31,3.09,4,Happy
1753,2017-06-05,21,Male,168.5,49.8,2374,299.9,8,92,Walking,28,2.54,5,Neutral
1219,2017-06-06,21,Male,166.5,67.4,9679,544.4,7.8,73,Cycling,32,2.98,9,Tired
1637,2017-06-07,35,Male,166.7,70,17834,900,6.1,86,Yoga,83,2.56,8,Tired
1057,2017-06-08,44,Female,166.6,104.2,14427,759,5.8,74,Gym,39,3.36,8,Neutral
1659,2017-06-09,49,Male,150,69.1,2940,409.1,7.1,95,Walking,78,2.58,8,Tired
1475,2017-06-10,50,Female,179.9,68.8,3367,309.3,4.2,81,Cycling,41,3.5,1,Neutral
1455,2017-06-11,45,Female,198.6,85.1,12428,631.1,6.5,74,Walking,84,1.81,7,Happy
1828,2017-06-12,59,Male,173,69.2,17631,900,5.5,63,None,0,2.41,4,Happy
1894,2017-06-13,58,Male,158.6,97.5,17862,877.3,6.1,77,Gym,60,2.08,6,Tired
1360,2017-06-14,53,Male,159.7,80,13655,685.5,5.8,67,Gym,64,2.77,4,Neutral
1934,2017-06-15,23,Male,176.1,82.4,8968,578.1,8.2,79,Yoga,23,2.3,5,Neutral
1000,2017-06-16,33,Female,173.9,45,17292,900,7.7,82,Cycling,89,2.34,5,Happy
1386,2017-06-17,51,Male,167.2,99.8,15743,866.6,7.1,85,Running,64,2.01,1,Happy
1972,2017-06-18,40,Male,177.5,60.2,2368,266.1,6.4,80,Walking,77,2.18,6,Tired
1347,2017-06-19,59,Male,150,69.9,3226,335.5,8.6,76,Cycling,42,2.49,10,Neutral
1189,2017-06-20,41,Female,177.5,60.2,12688,693.2,8.4,88,Running,51,1.09,8,Tired
1504,2017-06-21,30,Male,172.4,54.6,4612,467.5,6.8,89,Cycling,82,0.89,5,Tired
1190,2017-06-22,35,Male,160,52,13199,706.1,9,64,Walking,27,2.54,10,Tired
1507,2017-06-23,30,Female,155.7,71.5,11034,646.3,6.7,93,Walking,44,0.56,6,Neutral
1368,2017-06-24,54,Female,171.2,45,12569,711.2,7.3,87,Yoga,52,2.36,5,Happy
1408,2017-06-25,56,Male,184.1,66.4,2059,224.3,6.1,66,Gym,85,2.24,1,Neutral
1823,2017-06-26,59,Male,167.7,85.9,19028,900,6.4,56,Gym,35,2.88,5,Neutral
1928,2017-06-27,34,Male,161.5,79.5,14115,755.8,6.1,87,Gym,74,2.03,2,Neutral
1933,2017-06-28,32,Male,171.9,76.5,19195,900,8,77,Yoga,55,3.6,4,Tired
1116,2017-06-29,35,Male,188.2,56.6,3193,337.5,7.6,70,Gym,26,3.09,2,Tired
1133,2017-06-30,40,Female,174.3,46.2,17551,883.1,5.4,78,Cycling,88,1.44,8,Neutral
1057,2017-07-01,47,Female,175.4,85.6,17128,877.9,7.8,87,Gym,27,2.3,7,Tired
1555,2017-07-02,51,Male,182.2,63.3,5182,403.9,9.7,55,Gym,22,3.57,9,Tired
1684,2017-07-03,21,Male,174.7,68.8,19928,900,6,76,None,0,2.01,4,Happy
1671,2017-07-04,20,Female,162.2,67,4868,441.1,5.9,76,Walking,55,2.46,5,Neutral
1172,2017-07-05,24,Male,152.6,80.1,9506,629.2,7,90,Yoga,49,3.48,9,Neutral
1828,2017-07-06,35,Male,160.8,97.6,6950,428.5,9.1,83,Yoga,34,2.12,9,Tired
1814,2017-07-07,59,Male,159,91.9,9914,650,6.3,83,Gym,87,3.29,2,Neutral
1148,2017-07-08,24,Male,176.6,45,15141,843.2,9.8,71,None,0,1.86,1,Neutral
1079,2017-07-09,57,Male,178,65.4,12537,698.8,5.4,82,Running,47,0.5,3,Neutral
1885,2017-07-10,23,Female,171.8,49.8,17154,812.5,7.3,70,Walking,61,3.36,10,Neutral
1212,2017-07-11,39,Male,157.3,84.1,3309,343,4.4,74,Gym,37,2.81,1,Tired
1202,2017-07-12,18,Male,187.9,70.1,7630,487.5,5.6,81,Running,24,2.85,6,Happy
1763,2017-07-13,21,Male,165.8,79.1,11693,695.5,6.7,76,Cycling,28,1.73,8,Tired
1228,2017-07-14,46,Female,176,64.1,15778,863.5,7.4,78,None,0,1.79,4,Happy
1675,2017-07-15,38,Female,170.5,54.4,12525,767,8.9,88,None,0,3.31,4,Neutral
1226,2017-07-16,43,Female,172.1,57,14416,723.6,6,71,Walking,75,2.67,10,Neutral
1658,2017-07-17,31,Female,175.7,47,19407,900,7.6,65,None,0,2.42,1,Neutral
1531,2017-07-18,26,Male,163,51,17733,900,5,66,Yoga,81,2.65,9,Neutral
1440,2017-07-19,29,Female,183.1,47.9,9629,620.9,8.5,64,Running,54,3.56,10,Neutral
1401,2017-07-20,59,Male,154.2,54.5,9360,670.2,9,91,Gym,59,3.01,8,Neutral
1046,2017-07-21,23,Male,159.6,53.6,13011,736.3,8.6,82,Running,70,2.17,3,Neutral
1232,2017-07-22,37,Female,182.9,75.9,8953,609.8,8.6,86,Yoga,79,1.52,3,Happy
1304,2017-07-23,41,Female,175.9,75.3,4301,380.5,6.9,84,Cycling,75,2.91,10,Tired
1525,2017-07-24,44,Female,195.4,75.9,12227,731.1,7.4,73,Running,60,1.85,4,Neutral
1142,2017-07-25,55,Female,170.7,87.6,7819,570.8,6.9,91,Gym,73,1.67,4,Neutral
1414,2017-07-26,25,Female,187,68.8,12782,764.2,6.9,68,Running,36,3.42,2,Neutral
1512,2017-07-27,18,Male,151.4,58.3,3769,275.2,5.9,95,None,0,3.11,4,Happy
1372,2017-07-28,41,Female,155.9,103.2,11492,639,7.4,76,Cycling,28,2.77,2,Neutral
1565,2017-07-29,24,Female,179,83.6,19564,900,7.6,93,Running,75,1.63,7,Tired
1885,2017-07-30,36,Female,152.6,72.3,4345,398.7,8.5,65,Cycling,42,3.75,5,Happy
1258,2017-07-31,39,Male,168,71.2,3665,344.1,7.6,71,Cycling,21,3.22,7,Happy
1655,2017-08-01,52,Female,181.7,74.3,11784,696.7,8.3,59,Walking,64,2.29,6,Neutral
1470,2017-08-02,47,Male,175,67,13366,679.5,5.9,85,Walking,84,2.14,2,Happy
1952,2017-08-03,46,Female,170.1,71.9,19926,900,9.1,78,Gym,57,2.55,2,Neutral
1970,2017-08-04,39,Female,165.5,77.5,10325,631.6,6.6,95,Gym,25,2.17,1,Tired
1011,2017-08-05,28,Male,172,59.1,6440,461.9,3.9,70,Gym,67,4.05,1,Tired
1329,2017-08-06,37,Female,175.8,45.5,8110,515.5,6.4,88,Cycling,63,2.23,5,Happy
1735,2017-08-07,46,Male,163.4,45,19815,900,7.9,76,Cycling,26,1.75,5,Happy
1783,2017-08-08,58,Male,173.7,83.3,18771,900,7.1,74,Walking,85,3.61,7,Neutral
1967,2017-08-09,59,Male,180.8,46.3,12495,683.6,4.1,72,None,0,2.1,1,Happy
1357,2017-08-10,51,Female,167.8,77,10629,714.6,7.3,67,Cycling,49,3.05,5,Tired
1971,2017-08-11,18,Female,170.7,52.7,16533,782,7.2,79,Walking,71,2.97,2,Happy
1407,2017-08-12,48,Female,174.8,52.9,19823,900,5.5,77,Running,55,2.46,10,Tired
1667,2017-08-13,47,Male,175.5,59.2,12365,733.7,7.8,59,Gym,54,1.82,1,Neutral
1372,2017-08-14,35,Female,178.8,72.9,13099,663,6.8,50,Gym,85,2.47,7,Tired
1007,2017-08-15,34,Male,159.9,50.7,2316,192.5,4.1,72,Yoga,69,1.68,3,Happy
1121,2017-08-16,55,Female,164.7,60.7,6204,498.9,8,87,None,0,2.48,9,Tired
1347,2017-08-17,31,Male,165.1,69.6,14512,843.5,7.3,77,Walking,23,3.04,5,Tired
1675,2017-08-18,40,Male,161,51.8,1684,202,9.3,62,Yoga,74,3.7,5,Happy
1089,2017-08-19,42,Male,152,91.4,7440,407.8,5.7,57,Gym,71,1.74,5,Neutral
1647,2017-08-20,32,Female,150,45,12735,648.5,6.7,87,Yoga,78,2.32,9,Tired
1697,2017-08-21,39,Male,182,66.7,4087,328.5,8.6,58,Running,39,2.13,10,Happy
1315,2017-08-22,20,Male,154.5,89.1,10867,730.4,5.6,83,Yoga,38,2.69,1,Tired
1177,2017-08-23,36,Male,185.7,50.1,19497,900,8.5,81,Running,27,1.43,5,Tired
1539,2017-08-24,51,Male,177.4,68.4,18341,900,8.6,91,Gym,86,1.85,10,Tired
1731,2017-08-25,52,Male,165.9,72,6778,507.2,7.5,69,Cycling,46,1.32,6,Neutral
1868,2017-08-26,18,Male,176.2,57.9,17029,900,6.8,84,Walking,27,1.49,9,Tired
1040,2017-08-27,38,Female,174.3,68.8,9079,531.9,6,89,Yoga,37,2.04,3,Happy
1739,2017-08-28,46,Female,159,78.4,4094,363.3,5.9,62,None,0,3.67,1,Happy
1703,2017-08-29,23,Male,169.9,63,15821,821.9,7.5,76,Running,65,2.74,8,Tired
1922,2017-08-30,54,Female,160.2,81.5,8582,570.2,3,75,None,0,2.55,9,Neutral
1501,2017-08-31,18,Female,176.5,75.9,10012,661.3,6.2,64,Gym,22,3.44,6,Happy
1958,2017-09-01,18,Male,162.8,61.3,1887,384.4,6,78,None,0,2.77,5,Neutral
1144,2017-09-02,44,Male,169,86.9,12920,697.3,5.5,63,None,0,2.83,8,Neutral
1200,2017-09-03,38,Male,168.6,58.9,7015,487.7,7.3,79,Gym,85,2.17,6,Happy
1928,2017-09-04,33,Female,171.2,82.8,15530,864.5,4.8,97,Cycling,20,2.05,6,Happy
1723,2017-09-05,57,Male,186.6,59.2,18259,900,8.8,73,None,0,1.58,9,Neutral
1460,2017-09-06,43,Female,167.6,65.3,13453,823.9,8.4,74,None,0,2.08,9,Tired
1731,2017-09-07,33,Male,182.2,67.6,8508,534.9,9,89,None,0,2.3,1,Neutral
1751,2017-09-08,45,Female,174.8,75.1,1556,242.4,6.2,88,Gym,64,2.74,2,Happy
1924,2017-09-09,18,Male,184.2,45,9900,664.8,7.3,69,None,0,2.47,1,Neutral
1908,2017-09-10,53,Male,166.6,76.9,1717,283.8,8.2,82,Gym,70,2.24,2,Happy
1557,2017-09-11,27,Female,177,68.5,4665,413.6,6.8,50,Cycling,80,1.86,3,Tired
1546,2017-09-12,34,Female,169.4,74.3,14891,792,6.2,65,Gym,23,2.78,2,Tired
1252,2017-09-13,40,Female,150,77.5,11336,699.8,7.2,86,None,0,2.15,6,Tired
1389,2017-09-14,24,Female,159.1,75.9,16014,797.3,6.7,70,Running,30,2.75,4,Tired
1593,2017-09-15,24,Female,175.8,45,7547,479,5.4,73,None,0,1.16,5,Tired
1882,2017-09-16,32,Female,175.2,54.1,6196,315.4,3.4,66,Yoga,76,2.74,10,Happy
1255,2017-09-17,51,Male,157.1,75,19403,900,5.6,64,Yoga,73,3.02,9,Neutral
1708,2017-09-18,21,Female,172.2,73,12971,765.4,3.5,50,Running,84,2.93,2,Tired
1814,2017-09-19,31,Male,175,58.2,19567,900,5.7,71,Yoga,66,2.36,3,Happy
1920,2017-09-20,31,Male,169.7,81.1,16216,802.4,9.1,80,None,0,3.14,10,Neutral
1449,2017-09-21,33,Female,177.3,66.2,11606,735.7,4.2,77,Gym,53,1.61,1,Neutral
1009,2017-09-22,24,Male,175.9,83.3,7691,514.6,7.7,67,None,0,2.44,2,Tired
1823,2017-09-23,49,Female,169.6,88.2,8045,606.5,8.8,61,Yoga,80,2.36,1,Tired
1797,2017-09-24,36,Female,164.9,74.2,11487,702.3,4.6,71,Yoga,39,3.23,9,Neutral
1241,2017-09-25,19,Male,180.4,78.3,2237,298.9,9.7,62,Gym,22,1.09,3,Neutral
1250,2017-09-26,27,Male,174.6,60.9,11309,744.1,6.9,67,Yoga,59,1.76,3,Happy
1876,2017-09-27,34,Female,156.2,83.4,7472,480.1,9,76,Gym,88,3.72,7,Tired
1004,2017-09-28,54,Female,172.2,73.3,4558,327.6,7.4,66,Cycling,42,0.8,1,Neutral
1118,2017-09-29,29,Male,158.5,65.6,6293,531.7,6.3,88,None,0,3.07,9,Neutral
1800,2017-09-30,23,Male,160.4,51.7,13811,782.7,3,65,Cycling,51,2.01,7,Tired
1373,2017-10-01,39,Male,163.5,62.7,19229,900,5.3,69,Yoga,43,2.68,9,Happy
1064,2017-10-02,49,Male,170.4,53.4,7362,538.5,8,83,Cycling,70,3.49,8,Happy
1145,2017-10-03,58,Female,173.7,81.4,14311,854.6,9.3,82,Yoga,77,2.71,5,Tired
1223,2017-10-04,37,Female,165.9,88.3,4182,341.7,4.9,80,Cycling,61,3.5,3,Happy
1238,2017-10-05,18,Female,166.3,83.7,15298,802.5,6.9,69,Yoga,54,2.16,9,Happy
1176,2017-10-06,23,Female,165,107.3,17847,900,6.3,81,Walking,51,2.25,5,Happy
1778,2017-10-07,36,Male,180.5,63.1,6760,461.1,7.6,83,None,0,3.05,9,Neutral
1852,2017-10-08,35,Male,150,78.9,8260,452,7.1,79,Running,64,2.19,3,Neutral
1281,2017-10-09,23,Female,166.9,52.3,1450,266.2,6.4,75,None,0,2.92,6,Happy
1062,2017-10-10,50,Female,185.4,67,14707,827.8,8,81,Cycling,68,3.33,2,Tired
1216,2017-10-11,40,Female,175.2,47.8,2915,282.6,6,74,Gym,53,3.11,3,Tired
1853,2017-10-12,40,Female,182.7,78.5,10115,558.9,7,79,Running,35,1.39,2,Tired
1826,2017-10-13,43,Female,150,64.7,8076,516.2,8.2,76,Yoga,30,2.26,2,Happy
1794,2017-10-14,30,Female,157.6,45,15814,871.8,5.9,60,Running,38,2.7,5,Tired
1688,2017-10-15,24,Female,175.1,59.7,1315,198.8,6.5,69,Gym,48,2.33,10,Neutral
1460,2017-10-16,32,Female,185.5,96.9,5793,548.5,6.2,96,Gym,73,2.56,4,Tired
1928,2017-10-17,44,Female,158.6,76.2,18760,885.4,7.7,56,None,0,2.71,4,Tired
1609,2017-10-18,43,Male,166.1,81.5,2262,261.9,7.5,91,Yoga,86,2.13,8,Neutral
1104,2017-10-19,50,Female,174,71.9,10319,669.5,6.2,81,None,0,2.36,6,Neutral
1098,2017-10-20,32,Male,155.5,67.3,14194,816.1,7.5,75,Cycling,75,1.67,10,Happy
1510,2017-10-21,53,Male,175.2,70.2,4468,422.7,3,58,Cycling,82,2.17,2,Happy
1384,2017-10-22,44,Female,150,73.7,14874,760.7,8.3,75,Walking,23,1.43,1,Happy
1404,2017-10-23,22,Female,174.9,53.6,13651,721.3,8.3,68,None,0,2.58,5,Happy
1822,2017-10-24,19,Male,160,81.4,15482,776.5,6.2,87,Gym,22,2.36,7,Happy
1517,2017-10-25,50,Male,165.5,86.8,5409,400.4,5.9,68,Walking,46,1.86,5,Neutral
1475,2017-10-26,33,Female,176.5,67.1,1547,281,6.9,72,Gym,63,3.75,4,Neutral
1976,2017-10-27,40,Male,174.5,62.2,5891,392.6,5.6,77,Walking,37,2.33,5,Neutral
1708,2017-10-28,55,Female,169.9,58.9,10721,541.4,5.9,69,None,0,2.7,10,Tired
1862,2017-10-29,33,Female,179.7,96.4,15436,875.9,7.5,85,Cycling,89,2.05,8,Tired
1644,2017-10-30,31,Female,153,63.2,17490,890.6,8.2,72,Gym,66,2.21,5,Tired
1869,2017-10-31,46,Male,172,79.8,6468,496.1,7.5,56,None,0,2.73,9,Happy
1770,2017-11-01,43,Male,162.1,67.2,15923,821.5,10,77,None,0,2.27,10,Tired
1436,2017-11-02,52,Female,179.2,66.3,2250,317.1,8.9,83,Cycling,42,2.5,7,Happy
1022,2017-11-03,32,Male,176.9,58.5,14264,886.9,8.1,89,Running,59,3.06,2,Happy
1996,2017-11-04,20,Male,177.2,55.4,2611,247.3,8,81,Cycling,34,2.14,9,Happy
1564,2017-11-05,40,Male,186.5,81.1,8928,518.2,7.1,87,Gym,76,1.57,2,Happy
1676,2017-11-06,46,Male,181.3,55.1,2790,266.6,7.8,80,Running,33,1.43,6,Tired
1713,2017-11-07,51,Male,168.4,76.9,1867,379.9,7.3,65,Walking,31,3.51,8,Neutral
1457,2017-11-08,50,Male,170,71.4,13445,736.9,8.6,67,Yoga,54,3.15,2,Happy
1082,2017-11-09,58,Male,176,81.3,1327,297.5,6.6,52,Gym,44,2.96,6,Tired
1144,2017-11-10,58,Female,171.4,60.9,4816,260.4,6.5,73,Yoga,21,2.19,5,Happy
1084,2017-11-11,40,Male,177.1,86.2,4148,384.6,8.8,82,Yoga,37,1.57,7,Happy
1077,2017-11-12,24,Male,150,67.9,16070,824.8,6.3,59,Running,54,2.3,10,Neutral
1456,2017-11-13,20,Male,188.8,108.9,12573,772.4,5.6,88,Walking,28,2.43,5,Happy
1877,2017-11-14,49,Male,170.6,45.8,11566,695.6,5.9,74,Cycling,30,1.71,3,Neutral
1000,2017-11-15,48,Male,153.8,106.4,19939,900,8.1,66,Running,86,1.47,6,Tired
1050,2017-11-16,35,Male,160.9,68.1,14157,845.3,10,59,Walking,88,1.29,7,Happy
1684,2017-11-17,24,Male,150,73.3,10322,696.5,5.7,92,Cycling,57,2.96,1,Neutral
1716,2017-11-18,58,Male,159.1,60.9,3482,414.6,8,87,Cycling,89,1.66,8,Happy
1771,2017-11-19,18,Female,168.6,46.5,4099,402.1,7.2,71,Walking,78,2.72,8,Happy
1445,2017-11-20,31,Male,185.1,62.1,12512,686.6,8.7,84,Cycling,85,2.22,4,Happy
1448,2017-11-21,49,Male,174.1,64.5,14675,798.6,8,73,Gym,60,2.91,8,Neutral
1880,2017-11-22,23,Male,172.3,72.7,10748,609.1,8.8,69,Gym,43,2.74,3,Tired
1487,2017-11-23,56,Male,158.6,86.8,12735,720.5,7.4,68,Running,69,2.34,5,Neutral
1799,2017-11-24,27,Female,161.8,72.9,14850,764.3,5.7,73,Cycling,24,2.59,3,Tired
1033,2017-11-25,24,Female,162.5,73.1,7732,500.8,6,71,Cycling,40,2.42,2,Neutral
1347,2017-11-26,43,Female,162.9,75.8,8985,666.6,7.3,76,Walking,25,2.07,5,Neutral
1094,2017-11-27,51,Female,166.5,45,13700,763.5,7.7,91,Gym,23,3.19,8,Tired
1071,2017-11-28,47,Female,167.2,45.1,7054,460.7,6.4,98,Yoga,28,2.2,9,Tired
1550,2017-11-29,53,Female,166.6,47.5,17952,863.1,10,63,Running,88,2.44,5,Tired
1153,2017-11-30,38,Female,163.3,64.4,2654,301.2,8.4,80,None,0,1.51,3,Neutral
1249,2017-12-01,34,Female,171.4,45,12428,734.4,3.9,77,Gym,28,2.69,3,Tired
1673,2017-12-02,50,Female,166.9,59.7,12311,699.3,6.8,80,Walking,37,2.07,8,Happy
1437,2017-12-03,27,Female,154,49.5,4733,386.6,5.5,70,Running,78,2.17,3,Happy
1117,2017-12-04,59,Female,170.3,77.3,7811,533.7,9.9,80,Yoga,62,1.91,9,Happy
1770,2017-12-05,29,Female,168.8,76.6,9342,593.4,3.7,61,None,0,2.41,10,Happy
1890,2017-12-06,33,Female,154.2,65.5,11464,693.8,7.6,109,Running,48,1.1,1,Tired
1305,2017-12-07,58,Female,164.1,45,16746,900,7.2,78,Gym,67,2.98,1,Tired
1267,2017-12-08,49,Female,176,66.4,13543,737.3,8.2,82,Yoga,70,2.47,5,Happy
1960,2017-12-09,32,Female,158.6,74.9,11300,645.1,7.5,64,None,0,2.17,4,Tired
1053,2017-12-10,44,Male,157.6,82.2,2795,311.8,10,68,Walking,55,1.42,3,Happy
1235,2017-12-11,45,Female,166.8,96.3,17192,900,8.4,60,Running,64,2.8,1,Neutral
1388,2017-12-12,34,Male,176.2,86.8,14708,844.4,4.2,90,Gym,54,2.06,7,Tired
1989,2017-12-13,19,Female,188.1,72.5,17383,878.5,9.1,64,Walking,25,3.41,1,Neutral
1733,2017-12-14,53,Female,176.6,65.7,9540,573.4,7.3,73,Yoga,56,2.84,6,Tired
1762,2017-12-15,24,Male,180.8,58.9,17328,852.4,9.1,74,Running,55,3.57,10,Tired
1824,2017-12-16,30,Female,173.5,90.3,7214,413.8,6.5,80,Cycling,35,2.6,2,Tired
1400,2017-12-17,32,Male,163.1,72.5,7145,423.9,5.4,62,Gym,41,3.25,4,Neutral
1623,2017-12-18,42,Male,176.5,79.5,3609,294.2,5.1,84,Gym,88,2.82,8,Neutral
1766,2017-12-19,40,Male,169.1,61.1,19610,900,8.6,87,Cycling,88,2.18,3,Happy
1302,2017-12-20,39,Female,173.8,51.4,14622,807.9,8.2,68,Walking,82,2.63,9,Neutral
1918,2017-12-21,43,Female,160.5,64,11298,598.4,6.1,75,Gym,38,1.92,5,Neutral
1206,2017-12-22,50,Female,174.7,65.5,4080,364.1,3,81,Walking,37,3.95,6,Happy
1228,2017-12-23,28,Male,168.8,72.9,1987,321.4,8.6,78,Yoga,36,2.43,2,Neutral
1852,2017-12-24,27,Male,172.3,58.9,18744,900,3.9,65,Cycling,60,2.52,1,Neutral
1909,2017-12-25,42,Female,169.1,70.4,8546,517.2,10,82,Walking,52,2.77,5,Happy
1577,2017-12-26,54,Female,167.2,87.7,16233,783.3,4.8,90,Yoga,74,1.74,1,Neutral
1074,2017-12-27,55,Female,174.8,45,2726,261.4,7,90,Running,43,3.42,4,Happy
1434,2017-12-28,58,Female,165.9,45,17149,900,7.3,81,Gym,59,1.78,8,Tired
1102,2017-12-29,41,Female,154.1,88.7,15268,836,7.5,83,Cycling,47,1.62,2,Tired
1421,2017-12-30,57,Male,151.3,48,14977,900,7.5,71,Running,86,2.38,6,Neutral
1703,2017-12-31,50,Male,171.8,64.3,1907,239.4,7.2,66,Running,58,1.6,10,Tired
1763,2018-01-01,34,Male,165.5,79.1,14764,866,6.3,74,Running,40,3.59,5,Neutral
1737,2018-01-02,41,Female,152.7,69.1,9390,539.2,6.7,98,Walking,56,2.34,1,Happy
1805,2018-01-03,54,Male,171.1,68.9,3455,313.1,6,70,Gym,21,0.5,8,Happy
1305,2018-01-04,19,Male,169.1,71.1,6208,584.4,7.2,79,Cycling,25,2.64,5,Happy
1097,2018-01-05,49,Male,165,107.8,8774,509.2,4.4,79,None,0,2.89,9,Tired
1849,2018-01-06,41,Male,172.5,96.7,15556,900,7.5,71,None,0,2.2,2,Happy
1797,2018-01-07,26,Male,183.2,59.6,16428,855.5,6.9,90,Gym,66,1.55,6,Happy
1334,2018-01-08,21,Female,182.8,85.8,4365,320.8,8.3,91,Gym,62,2.43,7,Neutral
1858,2018-01-09,34,Male,171.4,77.6,6951,406.5,6.5,102,Gym,59,2.16,1,Neutral
1434,2018-01-10,34,Female,169.2,69.7,16175,852.3,7.9,67,Yoga,30,1.82,10,Neutral
1446,2018-01-11,47,Female,171.6,56.4,12027,624.9,7.8,79,Yoga,33,1.76,4,Neutral
1993,2018-01-12,57,Female,173.1,76.8,10505,605.4,6.8,76,Yoga,21,2.61,2,Happy
1307,2018-01-13,28,Female,167.3,65.4,11094,548.5,7.5,68,Yoga,58,3.13,7,Neutral
1248,2018-01-14,38,Female,171.7,64.3,13167,744.4,5,68,Gym,82,2.82,3,Tired
1165,2018-01-15,38,Male,154.3,58.5,9769,513.6,9,77,Gym,82,1.29,9,Tired
1480,2018-01-16,35,Male,170.8,85,2020,277.8,6.2,70,None,0,2.93,8,Tired
1983,2018-01-17,46,Female,174.8,58.5,12845,644.6,6.7,65,Cycling,20,3.04,10,Neutral
1334,2018-01-18,41,Female,165.1,58.6,4844,455.1,5.4,76,None,0,3.48,7,Happy
1541,2018-01-19,27,Female,169,81.7,4573,277.4,5.8,64,None,0,1.84,8,Neutral
1758,2018-01-20,34,Male,158.9,67.8,11485,645.3,9.5,70,Cycling,58,2.46,1,Tired
1105,2018-01-21,35,Female,157.5,68.2,6442,485.7,7.2,79,Cycling,67,2.9,10,Neutral
1562,2018-01-22,59,Male,172.1,85.5,8914,574.5,6.6,74,None,0,2.13,6,Tired
1080,2018-01-23,37,Female,162.7,89.7,8951,495.7,6.5,72,None,0,2.89,7,Happy
1132,2018-01-24,54,Male,152.2,45,9802,505.1,7,93,None,0,2.48,7,Happy
1796,2018-01-25,35,Female,158.9,68.1,9520,619.9,8.1,89,Cycling,39,1.91,9,Happy
1899,2018-01-26,34,Male,160.3,48.8,1546,255.7,7.3,76,Cycling,62,1.97,7,Happy
1137,2018-01-27,26,Female,177.7,64.2,16530,807.6,7.3,65,Yoga,75,3.37,7,Happy
1183,2018-01-28,31,Male,171.8,69.9,9998,640.8,5.6,83,Gym,43,1.8,6,Neutral
1400,2018-01-29,46,Male,161.3,64.7,12465,670.5,6.6,100,Cycling,62,1.68,3,Happy
1329,2018-01-30,48,Male,164.1,54.6,16616,831.8,7.2,89,Walking,40,2.74,6,Neutral
1784,2018-01-31,21,Male,183.1,53.9,13717,705.3,7,62,Cycling,67,2.48,9,Tired
1507,2018-02-01,35,Male,179.4,80.9,16425,819,6.4,73,Cycling,85,1.58,10,Tired
1851,2018-02-02,37,Male,158.8,93,5901,396.3,6.2,68,Gym,35,2.14,3,Happy
1983,2018-02-03,26,Male,181.6,45,12842,730.1,7.7,66,None,0,1.93,3,Neutral
1068,2018-02-04,30,Female,169.2,65.1,6708,545.9,7.7,86,Yoga,40,2.05,7,Happy
1545,2018-02-05,32,Female,178,81,3082,253.4,8.5,86,Running,71,4.27,7,Tired
1773,2018-02-06,44,Female,168.4,69.5,10795,614.7,7.3,93,None,0,2.29,5,Neutral
1052,2018-02-07,32,Female,181.9,53.3,13541,733.4,3.9,82,None,0,1.88,8,Tired
1449,2018-02-08,45,Female,158.4,62.8,1260,273.6,10,75,Gym,77,3.92,8,Neutral
1204,2018-02-09,54,Male,167.4,74.5,14567,832.1,7,77,Yoga,24,3.12,2,Tired
1125,2018-02-10,36,Male,182.2,65.4,6982,471.3,6.4,66,Walking,61,3.01,6,Happy
1746,2018-02-11,43,Male,150,69.3,1500,228.1,6.9,89,Running,49,1.92,5,Happy
1042,2018-02-12,43,Male,169.5,69.7,2015,309.5,6.4,68,Yoga,28,3.33,4,Happy
1751,2018-02-13,42,Male,166.1,62.1,11525,579,5.8,71,None,0,3.07,7,Tired
1970,2018-02-14,43,Female,176.8,82.2,4963,291.3,7.9,72,Yoga,70,2.6,4,Tired
1882,2018-02-15,43,Female,180.7,62.8,12866,844.2,6.8,50,Gym,76,1.3,5,Tired
1110,2018-02-16,45,Female,177.3,54.9,13247,689.5,6.9,84,Yoga,80,2.49,8,Happy
1760,2018-02-17,35,Female,172.4,103.4,3706,327.6,3.2,66,Cycling,25,3.71,5,Tired
1662,2018-02-18,49,Male,170.4,68.8,16272,878.1,6.7,82,Yoga,45,2.65,9,Tired
1182,2018-02-19,20,Male,166.6,45,3099,341.3,5.4,71,Running,25,2.24,10,Happy
1847,2018-02-20,19,Male,172.1,88.8,7386,539.7,6.2,70,Yoga,72,2.34,2,Tired
1094,2018-02-21,50,Female,184.6,88.8,6338,500.4,7.4,64,Walking,80,2.39,2,Neutral
1970,2018-02-22,59,Male,161.7,76.9,19949,900,6.1,89,Cycling,52,1.94,9,Tired
1373,2018-02-23,36,Female,166,79.5,9300,635.5,6.3,91,Running,64,2.47,2,Happy
1911,2018-02-24,34,Male,169.2,102.4,5297,437.4,7.1,85,Running,59,3.51,3,Neutral
1519,2018-02-25,50,Male,180,55.6,9405,595.1,6.2,78,None,0,3.43,6,Happy
1899,2018-02-26,29,Female,172.2,72,16094,864.9,5.4,76,Gym,64,1.97,4,Happy
1359,2018-02-27,20,Male,179.8,99.5,16201,736.4,4.4,86,Gym,57,3.39,8,Happy
1899,2018-02-28,43,Male,180.3,102.7,13614,734.1,7.5,74,Cycling,48,3.03,8,Neutral
1695,2018-03-01,52,Female,175.9,64.5,14361,726.1,6.2,88,Running,27,2.94,2,Neutral
1280,2018-03-02,25,Male,159.4,100.2,2040,226.1,4.5,65,None,0,2.8,2,Happy
1194,2018-03-03,53,Female,186.6,82,13810,728,8.9,85,Walking,70,1.85,3,Tired
1863,2018-03-04,24,Male,184.1,92.4,8988,600.8,7.5,88,Yoga,25,2.22,2,Neutral
1194,2018-03-05,53,Male,170.6,81.5,8559,556.7,5.2,64,Yoga,66,3.08,5,Happy
1666,2018-03-06,33,Male,156.2,74.6,18371,900,5.9,67,Yoga,68,1.66,1,Tired
1092,2018-03-07,41,Male,154.4,103.1,1503,237.8,8.6,75,Gym,51,1.77,7,Happy
1671,2018-03-08,18,Male,172.5,62.1,6344,472.6,6.7,79,Running,73,2.71,8,Neutral
1945,2018-03-09,42,Male,163,98.5,9947,587.9,6.4,69,Running,55,1.95,4,Neutral
1060,2018-03-10,27,Male,152.8,100.9,10533,668.8,8.1,76,Walking,38,3.08,7,Tired
1633,2018-03-11,33,Male,154.2,90.4,15808,867.1,6.7,54,Gym,56,1.97,9,Neutral
1050,2018-03-12,33,Female,165.3,68.9,9148,573.9,8.8,83,Walking,36,2.67,7,Happy
1402,2018-03-13,25,Female,171.9,73.7,15155,766.1,6.4,83,Running,35,2.73,2,Happy
1788,2018-03-14,46,Male,184.1,50.9,16193,861.4,6.1,90,Yoga,77,2.16,2,Tired
1004,2018-03-15,56,Male,174.8,63.2,2381,307.4,7,81,Gym,63,2.33,10,Tired
1465,2018-03-16,45,Female,166.2,79.3,8012,526.4,8.4,71,Gym,87,2.02,10,Tired
1603,2018-03-17,23,Male,173.8,48.6,16213,824.7,7.4,65,Gym,68,2.49,10,Tired
1681,2018-03-18,33,Male,172.9,65.5,16212,815.8,7.2,67,None,0,1.83,6,Happy
1828,2018-03-19,37,Female,177.4,99.2,14808,808.4,5.8,74,None,0,2.34,8,Happy
1533,2018-03-20,33,Male,169.6,67.7,11711,625.6,5.6,67,Yoga,77,3.02,10,Happy
1404,2018-03-21,24,Male,180.4,85.5,16173,834.3,8.4,67,None,0,1.7,10,Happy
1837,2018-03-22,58,Female,178.2,78.5,19271,900,8.6,75,Gym,74,2.16,3,Tired
1512,2018-03-23,31,Male,170.8,65.4,10515,642.7,8.6,59,None,0,2.86,1,Neutral
1644,2018-03-24,43,Male,168.8,67.7,12939,659.7,8.2,65,None,0,1.05,1,Happy
1232,2018-03-25,43,Female,179.2,72.5,3131,340.2,7.7,77,Cycling,43,3.8,2,Neutral
1523,2018-03-26,31,Male,162.9,45,3424,438.6,7.6,78,Gym,75,3.23,10,Tired
1345,2018-03-27,24,Female,154.9,84.2,12576,736.8,7.2,84,None,0,1.42,6,Tired
1045,2018-03-28,50,Male,154.9,68.2,10200,594.3,7.8,77,Yoga,35,1.03,2,Neutral
1545,2018-03-29,43,Male,162,84.7,18701,900,6.9,75,None,0,2.52,6,Tired
1944,2018-03-30,37,Female,176.6,75.8,4216,478.6,7.8,81,None,0,1.72,1,Neutral
1077,2018-03-31,20,Female,165.8,67.6,13826,796.2,8.4,77,Gym,62,3.17,9,Happy
1729,2018-04-01,21,Male,172,73,1016,154.1,5.1,65,None,0,2.78,7,Tired
1812,2018-04-02,43,Female,165,73,5670,457.6,8.6,67,Cycling,27,2.59,1,Tired
1922,2018-04-03,28,Female,165.1,92.1,3623,412.4,6.9,92,Cycling,68,2.1,9,Neutral
1072,2018-04-04,19,Male,159.7,70.9,14350,670.8,9.2,107,None,0,3.62,9,Neutral
1793,2018-04-05,31,Male,169.1,74.3,17513,900,8.9,82,Gym,66,3.03,10,Neutral
1248,2018-04-06,47,Male,168.2,51.1,15450,807.8,5.5,65,Running,55,2.92,6,Neutral
1046,2018-04-07,29,Female,174.1,69.3,2473,364.7,7,94,Running,42,3.34,2,Neutral
1120,2018-04-08,43,Female,172.9,91.8,10260,606.8,4.2,71,Walking,50,1.79,2,Tired
1213,2018-04-09,50,Female,168,76.4,5311,429.6,6.4,79,Cycling,81,3.4,8,Neutral
1238,2018-04-10,30,Female,154.9,53.8,3736,367.4,7.5,75,Running,76,2.31,9,Happy
1055,2018-04-11,31,Male,180.7,55.4,2946,353.5,8.3,77,Walking,89,2.73,4,Neutral
1349,2018-04-12,41,Female,169.1,58.9,16740,892,7.1,71,Running,84,2.39,2,Tired
1106,2018-04-13,51,Male,170.8,85,17684,862.4,7.7,88,Gym,56,1.19,5,Happy
1830,2018-04-14,43,Female,186,83.1,10176,593.9,5.9,73,None,0,3.17,7,Tired
1047,2018-04-15,38,Male,179.1,45,12883,715,7,81,Cycling,36,1.22,4,Neutral
1572,2018-04-16,45,Male,174.5,68.8,5501,481.6,6.1,81,Running,26,1.82,9,Tired
1336,2018-04-17,53,Male,170,72.2,12618,728.9,7.4,74,Gym,71,2.18,4,Tired
1025,2018-04-18,57,Female,169.9,55.6,6914,443.7,9.1,60,Walking,54,1.13,8,Neutral
1803,2018-04-19,19,Male,172.4,64.1,1082,197.3,6.9,67,Gym,21,1.73,3,Tired
1256,2018-04-20,59,Male,174.1,90,9364,607.3,4.9,82,Walking,59,2.67,6,Tired
1007,2018-04-21,26,Female,187.1,76.1,18382,900,7.3,78,Running,56,2.26,6,Tired
1624,2018-04-22,40,Male,194.7,62.5,6804,509.8,8.1,67,None,0,2.32,3,Happy
1866,2018-04-23,32,Female,172.9,67.2,13293,728.9,5.6,75,Yoga,29,1.86,2,Tired
1252,2018-04-24,30,Female,150,66.6,13812,825.5,8.9,77,None,0,2.53,6,Neutral
1691,2018-04-25,40,Male,160.5,74.2,4084,326.5,6.1,81,Gym,24,2.27,7,Neutral
1718,2018-04-26,34,Male,188.1,48.6,3045,393.7,5.9,93,Yoga,24,1.35,7,Tired
1302,2018-04-27,19,Female,177.2,60,17588,900,4.3,52,Cycling,46,2.36,10,Neutral
1638,2018-04-28,37,Male,174.3,85.5,14184,745.3,7.4,87,Yoga,24,1.63,1,Happy
1055,2018-04-29,37,Female,168.3,68.9,15375,771.1,9.7,77,None,0,3.13,6,Neutral
1725,2018-04-30,20,Female,158.1,57.3,2552,398.5,7.6,65,Cycling,27,2.23,9,Neutral
1525,2018-05-01,29,Female,186.8,57.9,8816,507.5,5.9,77,Running,50,4.27,9,Tired
1473,2018-05-02,57,Male,161.8,80.8,1824,288.3,7.8,89,Running,40,3.18,2,Happy
1027,2018-05-03,19,Female,177.3,62.2,4748,407.2,8.2,92,Gym,40,2.41,4,Happy
1982,2018-05-04,53,Male,157,77.7,6578,463.6,8.7,65,Yoga,70,2.91,6,Neutral
1077,2018-05-05,31,Male,167.8,60.6,6197,486.9,5.1,67,Cycling,78,1.04,4,Neutral
1215,2018-05-06,33,Male,179.9,53.1,10030,554.7,9.3,62,Cycling,21,3.17,9,Tired
1385,2018-05-07,36,Male,167.5,73.7,19345,900,7.3,77,Yoga,49,1.93,2,Tired
1364,2018-05-08,51,Female,166.3,68.5,1937,236.3,9.6,78,None,0,2.56,10,Happy
1665,2018-05-09,23,Male,170.1,80.3,8595,536.6,7.2,85,Running,39,1.99,6,Tired
1525,2018-05-10,30,Female,156.6,83.3,1424,185.1,7.9,79,None,0,2.07,1,Happy
1698,2018-05-11,53,Female,154.8,64.6,12502,752.4,5.6,84,Running,48,2.37,9,Happy
1311,2018-05-12,39,Male,177.1,75.2,4051,456.4,8.5,61,Cycling,24,2.55,1,Neutral
1882,2018-05-13,35,Female,165.8,64.2,3905,456.6,5.4,93,Gym,29,2.48,8,Happy
1006,2018-05-14,29,Female,177.1,79.5,13238,786.3,7.4,88,Running,80,2.5,9,Happy
1002,2018-05-15,47,Male,181.2,73.5,3694,329.2,6.4,70,Walking,20,1.36,1,Happy
1622,2018-05-16,57,Female,182,60.6,4595,383.9,6.9,67,Cycling,66,4.13,1,Happy
1918,2018-05-17,24,Female,153.8,59.4,2267,274.5,8.6,82,Yoga,76,2.66,10,Neutral
1749,2018-05-18,49,Female,163,74,1421,196.2,6.5,59,Yoga,33,2.81,7,Tired
1362,2018-05-19,36,Female,175.4,87.4,8017,505.9,8.7,68,None,0,2.26,10,Tired
1750,2018-05-20,23,Male,175.5,83.5,10849,679.4,6.4,65,None,0,1.89,5,Happy
1507,2018-05-21,37,Female,192.5,55.9,19484,900,7.2,74,Cycling,35,2.61,3,Tired
1273,2018-05-22,44,Female,160.9,57.4,17349,779.9,10,71,None,0,2.7,9,Tired
1505,2018-05-23,54,Female,181.7,59.6,13131,662.6,7.2,67,None,0,3.41,2,Happy
1805,2018-05-24,24,Female,173.7,61.1,9876,636,6.9,66,Cycling,83,3.95,6,Happy
1738,2018-05-25,22,Male,153.6,45,3226,243.1,7.2,69,Running,79,3.53,4,Tired
1882,2018-05-26,28,Female,164.5,81.9,5388,391.9,6.5,63,Cycling,38,1.26,5,Neutral
1014,2018-05-27,32,Male,172.6,63.2,3422,317.7,5.5,80,Cycling,66,2.18,2,Tired
1191,2018-05-28,20,Female,153,76.9,8226,541.9,10,86,None,0,2.74,1,Happy
1984,2018-05-29,22,Male,150,65.3,10269,622.5,6.4,79,Walking,49,2.22,9,Tired
1630,2018-05-30,40,Male,152.4,69.7,13177,747.1,4.7,89,Yoga,66,2.47,3,Tired
1484,2018-05-31,54,Male,172.6,59.7,13032,713.8,6.8,67,None,0,1,6,Neutral
1027,2018-06-01,26,Male,165.2,69.6,12508,653.1,7.5,68,Running,40,3.14,9,Tired
1713,2018-06-02,32,Male,163.8,56.9,8316,577.7,6.7,79,Gym,82,1.19,1,Tired
1038,2018-06-03,20,Female,164.1,69.7,3843,265.5,6.9,81,Running,61,1.4,5,Happy
1952,2018-06-04,46,Female,155.8,91.9,5111,443.5,6.8,75,Yoga,80,1.79,4,Neutral
1272,2018-06-05,23,Female,165.4,77.8,13463,795.7,7.6,75,Gym,62,2.43,3,Tired
1230,2018-06-06,34,Male,151.8,74.4,14778,900,8.2,64,Cycling,87,1.36,2,Tired
1085,2018-06-07,43,Female,181.9,50.2,19287,900,6.7,50,Walking,45,1.76,3,Happy
1473,2018-06-08,38,Male,186.9,78.5,5224,381,10,81,Walking,52,3.3,1,Happy
1125,2018-06-09,25,Male,150,80,5979,441.8,8.6,85,Yoga,52,2.42,1,Neutral
1811,2018-06-10,38,Female,165.3,74,17809,900,7,71,None,0,2.8,8,Neutral
1536,2018-06-11,28,Female,166,73.2,3401,377.8,5,69,Yoga,60,1.63,5,Neutral
1144,2018-06-12,55,Male,168.3,67.9,9941,623.8,7.2,68,Walking,55,2.46,2,Happy
1524,2018-06-13,25,Male,180,79.7,16685,849.8,8.2,71,Gym,41,2.4,3,Happy
1211,2018-06-14,59,Female,165.3,91,16963,873.6,8.2,85,Gym,66,1.94,2,Happy
1024,2018-06-15,41,Female,169.1,75,17427,900,4.2,66,None,0,2.46,10,Happy
1579,2018-06-16,52,Female,199.8,55.4,18943,894.4,7.2,81,Running,43,1.18,2,Neutral
1393,2018-06-17,31,Female,168.9,56.6,7035,469.7,6.3,70,Cycling,62,2.81,4,Neutral
1066,2018-06-18,31,Male,187.7,80.9,8071,550.6,9.2,55,None,0,2.22,4,Neutral
1232,2018-06-19,27,Female,175,55.5,17531,847.9,7.2,72,Gym,46,2.32,7,Happy
1108,2018-06-20,29,Female,164.5,73,3170,149.8,3.6,91,Cycling,64,3.1,2,Happy
1145,2018-06-21,55,Female,162.8,64.8,6118,517,7.6,68,Yoga,56,2.8,9,Happy
1110,2018-06-22,51,Male,169.9,53.9,8297,530.9,4.1,73,Gym,32,2.28,7,Happy
1227,2018-06-23,58,Male,158.7,82.5,5163,343.6,7.7,75,Gym,70,1.72,4,Tired
1110,2018-06-24,27,Male,161.4,80.6,9026,607.1,10,77,Gym,21,3.43,7,Neutral
1469,2018-06-25,34,Male,165.8,49.7,10019,590.3,9,90,Running,78,1.56,10,Neutral
1033,2018-06-26,34,Female,172.9,77.2,10944,586,7.4,67,None,0,2.94,1,Tired
1622,2018-06-27,20,Male,188.3,75,3939,376,6,75,Yoga,68,1.38,7,Neutral
1775,2018-06-28,48,Female,165.2,82.6,6727,471.7,8.9,83,Walking,49,3.14,6,Happy
1935,2018-06-29,18,Female,174.6,72.5,12920,686.1,8,68,Running,28,3.21,9,Neutral
1368,2018-06-30,29,Female,153.7,91.4,4616,346.2,6.6,76,Running,43,1.16,8,Happy
1747,2018-07-01,56,Female,180.6,68.1,6405,404.9,6.2,85,Gym,60,2.81,2,Happy
1594,2018-07-02,21,Male,152.8,65.9,11469,695.5,5.6,70,Running,79,2.76,3,Happy
1553,2018-07-03,59,Male,178,55.4,9351,511.6,7.6,73,None,0,2.99,3,Tired
1424,2018-07-04,30,Male,169.2,56,12557,662.4,6.4,63,None,0,2.76,6,Neutral
1612,2018-07-05,51,Female,168.8,54.6,6880,480.3,7.3,84,None,0,1.83,2,Happy
1517,2018-07-06,59,Female,167,73.3,15096,876.8,8.4,77,Walking,61,2.35,2,Neutral
1691,2018-07-07,38,Female,157,66,2013,287.2,6.3,71,Running,89,3.67,4,Tired
1281,2018-07-08,39,Female,157.5,75,9743,619.1,8,72,None,0,1.72,1,Neutral
1319,2018-07-09,21,Female,178.4,51.9,8391,540.8,8.8,75,Running,50,2.73,1,Neutral
1737,2018-07-10,35,Male,170.1,57.2,18559,900,7.6,78,Gym,75,3.31,1,Neutral
1442,2018-07-11,22,Female,166.9,56.9,10355,711.1,8,68,Yoga,49,1.81,5,Neutral
1951,2018-07-12,36,Male,174.4,102.5,6247,428,7.6,69,None,0,1.51,9,Tired
1314,2018-07-13,19,Female,171,67.5,8518,541.4,7,72,Walking,34,1.61,4,Neutral
1876,2018-07-14,29,Female,162.1,69,7290,500.3,8.3,77,Gym,37,2.78,8,Happy
1965,2018-07-15,34,Male,194.6,68.8,2308,318.8,9.4,91,Running,51,1.61,7,Tired
1740,2018-07-16,27,Male,177.4,93.3,10684,634,8.3,67,None,0,2.41,6,Neutral
1376,2018-07-17,51,Female,171.3,45.8,13723,721.7,6.7,58,Walking,81,3.46,9,Neutral
1288,2018-07-18,23,Female,164.9,69.1,5827,432.7,6.7,89,Cycling,71,2.46,10,Happy
1436,2018-07-19,25,Female,179.5,45.7,19161,900,6.8,66,None,0,1.96,1,Tired
1661,2018-07-20,28,Female,162.1,45,1059,258.1,8.4,90,None,0,2.59,7,Tired
1276,2018-07-21,29,Male,161.3,59,7986,423.9,6.2,87,Running,53,2.45,9,Happy
1709,2018-07-22,26,Female,186.9,76.2,11643,646,5.5,80,Yoga,75,2.82,10,Neutral
1581,2018-07-23,19,Male,170.3,58,16216,849.3,7.7,87,Running,72,3.63,2,Neutral
1502,2018-07-24,25,Female,162.4,75.9,8860,547.4,7,57,Yoga,68,2.78,4,Tired
1623,2018-07-25,28,Male,170.1,71.6,14425,773.6,9.2,61,Cycling,82,3.92,5,Tired
1515,2018-07-26,53,Male,178.5,67.9,14806,806.6,3.6,78,Gym,35,2.82,5,Neutral
1349,2018-07-27,27,Female,176.2,89,15950,863.4,7.3,71,Gym,59,1.96,7,Happy
1842,2018-07-28,38,Male,179.7,61.1,2592,316.6,6.4,67,None,0,4.1,10,Happy
1445,2018-07-29,37,Female,157.5,75.7,15464,866.1,8.2,83,Gym,37,2.41,8,Neutral
1829,2018-07-30,25,Male,179.5,45,7097,409.1,6.6,78,Walking,42,1.76,9,Happy
1349,2018-07-31,53,Female,168.2,71.5,7458,485.7,6.1,85,Yoga,67,4.13,5,Tired
1606,2018-08-01,46,Male,170.9,66.1,10151,627.8,8.4,71,Running,65,1.99,2,Neutral
1663,2018-08-02,59,Female,182.1,52.3,5166,419.4,8.9,75,Walking,41,1.96,2,Happy
1822,2018-08-03,29,Female,177,76,7488,466.9,6.9,90,Walking,73,2.11,5,Happy
1136,2018-08-04,31,Male,173.5,58.9,11415,630,6.9,62,Running,59,2.62,5,Tired
1758,2018-08-05,38,Male,150.2,96,13008,678.2,8.9,74,Cycling,49,3.15,5,Tired
1898,2018-08-06,39,Male,169.5,45,12170,735.6,8.7,66,Gym,74,0.65,6,Neutral
1242,2018-08-07,38,Male,162.2,73.7,18430,844.6,8.5,92,Cycling,75,3.15,8,Tired
1542,2018-08-08,47,Female,177.1,70.6,15516,756.6,6.4,99,Cycling,61,2.11,5,Tired
1039,2018-08-09,56,Male,179.9,65.8,10260,631.3,6,77,Gym,61,2.21,3,Neutral
1228,2018-08-10,37,Female,167,62.1,8636,572.6,9.5,80,Cycling,81,3.7,9,Happy
1547,2018-08-11,41,Male,163.3,71,5187,328.3,7.9,74,Walking,72,2.65,4,Tired
1919,2018-08-12,40,Female,185.6,85.9,4340,404.9,5.9,74,None,0,2.81,8,Neutral
1222,2018-08-13,24,Female,164,45,7177,496.1,6.8,76,Running,83,2.47,9,Tired
1005,2018-08-14,26,Female,158.1,57.9,16941,900,7.1,62,None,0,3.03,7,Tired
1321,2018-08-15,18,Female,161.7,54.2,4435,381,6.8,82,Walking,88,3.63,3,Happy
1467,2018-08-16,43,Male,164.5,53.5,8300,553.3,6.6,65,None,0,0.77,10,Tired
1731,2018-08-17,55,Male,161.4,75.1,13669,769.8,8.8,71,Walking,36,3.26,6,Tired
1074,2018-08-18,55,Female,178.5,78.8,1965,302.2,7.8,75,Yoga,82,3.58,7,Tired
1003,2018-08-19,39,Male,150,86,8444,550,10,67,Gym,60,2.85,7,Happy
1846,2018-08-20,27,Male,161.2,79.1,11626,660.8,8.9,81,Gym,77,2.03,8,Tired
1645,2018-08-21,23,Female,169.5,80.3,15610,820.4,7.2,70,None,0,1.69,10,Neutral
1117,2018-08-22,34,Male,172.1,48.8,1500,271.5,9.1,86,Walking,57,4.15,5,Neutral
1880,2018-08-23,55,Male,186.9,92.3,5554,463.4,7.5,66,Gym,85,1.87,5,Happy
1605,2018-08-24,41,Male,185.5,66.9,17433,900,10,73,Yoga,64,3.56,2,Happy
1503,2018-08-25,27,Female,154,85.5,18371,900,6.5,64,None,0,2.77,2,Happy
1997,2018-08-26,25,Male,150.9,49.4,14291,790.5,7.7,85,Running,39,3.93,4,Tired
1946,2018-08-27,38,Female,170.2,66.4,7771,571.6,6.1,72,Cycling,55,2.28,7,Happy
1573,2018-08-28,23,Male,163.3,84.1,18499,900,6.4,69,Gym,61,1.37,8,Neutral
1440,2018-08-29,38,Male,158.1,70.4,4932,344.3,6.5,73,Walking,41,2.5,3,Neutral
1193,2018-08-30,56,Male,170.2,58.7,5434,380.7,8.9,74,Gym,79,1.46,1,Tired
1846,2018-08-31,41,Female,172.3,89.6,4567,474.1,7.3,79,Walking,30,4.37,4,Tired
1714,2018-09-01,50,Female,161.6,52.4,2658,270.6,3.3,80,None,0,2.94,6,Tired
1391,2018-09-02,35,Male,163.8,69.7,11068,671.2,7.1,73,None,0,3.04,6,Tired
1025,2018-09-03,45,Female,162.4,79.6,15161,757,5.5,75,Cycling,41,3.05,9,Neutral
1434,2018-09-04,49,Male,165.9,101.4,8944,622,6.3,50,Gym,82,2.01,7,Neutral
1172,2018-09-05,29,Female,175.4,63.1,6800,449,8.7,70,Cycling,50,2.41,9,Happy
1299,2018-09-06,59,Female,159.2,65.9,15408,820.5,5,89,Walking,30,2.58,10,Tired
1644,2018-09-07,44,Male,163.6,63.3,9017,549.3,5.2,79,Yoga,55,3.86,5,Neutral
1325,2018-09-08,27,Male,166,73.6,3815,377.8,4.5,64,Yoga,54,1.69,5,Neutral
1409,2018-09-09,59,Male,169.9,78.8,1970,287.4,6.4,71,Running,42,1.99,5,Happy
1117,2018-09-10,49,Male,172.8,86.4,14285,816.9,4.5,69,Walking,48,2.25,5,Neutral
1835,2018-09-11,59,Female,190.4,81.3,1207,281,4.6,86,Walking,42,2.03,4,Neutral
1786,2018-09-12,43,Female,175.7,62.5,17643,900,6.7,85,Walking,35,1.48,6,Tired
1723,2018-09-13,42,Female,176,82.2,6025,473.6,7.5,67,None,0,0.61,1,Happy
1224,2018-09-14,28,Male,167.3,71.4,5358,449.3,5.6,75,None,0,1.22,2,Tired
1531,2018-09-15,40,Male,160.2,81.2,17888,895.6,7.5,64,Yoga,69,3.27,9,Tired
1112,2018-09-16,51,Female,164.7,82,13490,715.9,7.2,69,Yoga,62,2.49,6,Happy
1139,2018-09-17,57,Male,162.9,94.5,2759,388,7.8,69,Yoga,38,3.08,6,Happy
1558,2018-09-18,40,Female,173.9,64.7,15301,847.4,5.4,68,Gym,37,2.09,10,Tired
1000,2018-09-19,46,Female,153.5,61.8,15387,835.7,10,79,Gym,25,2.43,4,Tired
1089,2018-09-20,48,Female,175.9,76.7,14667,746.6,5.3,88,Yoga,54,3.63,5,Tired
1653,2018-09-21,24,Female,168.8,87.7,4794,302.3,6.1,74,Cycling,33,3.59,9,Tired
1319,2018-09-22,57,Female,177.3,70.9,4590,369,7.8,64,Gym,83,3.16,2,Happy
1549,2018-09-23,50,Male,162.8,88.7,15698,805.3,7.2,77,None,0,2.64,3,Neutral
1804,2018-09-24,38,Male,161,80.4,13332,717.8,8.3,77,Gym,54,2.86,10,Happy
1893,2018-09-25,19,Male,165.9,67,7970,561.4,6.5,73,Gym,21,2.76,8,Neutral
1138,2018-09-26,35,Female,165.7,78.5,10593,700.1,5.2,94,Gym,25,2.38,9,Happy
1510,2018-09-27,50,Female,178.1,63.5,4329,428.6,4.7,77,Running,44,2.22,5,Tired
1867,2018-09-28,54,Female,178,73.6,12036,651.2,9.7,81,Gym,69,3.29,3,Neutral
1844,2018-09-29,51,Female,189.1,53.9,15372,841.8,6.5,53,Cycling,26,1.59,1,Happy
1258,2018-09-30,37,Male,165,69,3092,299.3,6.7,65,Running,82,3.54,2,Happy
1672,2018-10-01,52,Male,150,85,19059,870.3,9.7,80,None,0,2.31,4,Happy
1901,2018-10-02,35,Female,165.9,81.5,1287,247.7,6.3,78,None,0,1.58,4,Tired
1689,2018-10-03,41,Female,172.3,79.3,18169,900,7,71,Gym,84,2.12,5,Happy
1009,2018-10-04,25,Female,177.1,74.3,3316,315.9,5.5,80,Walking,78,1.89,9,Happy
1260,2018-10-05,47,Male,173,72.4,17259,900,5,84,Running,43,2.1,2,Tired
1918,2018-10-06,27,Male,165,51,3838,320.2,9.8,70,None,0,2.08,2,Neutral
1649,2018-10-07,40,Male,187.1,66.9,12829,747.6,9.9,69,Gym,57,2.06,5,Neutral
1171,2018-10-08,28,Female,159.7,72.7,9137,553.3,8.5,72,Cycling,81,2.28,2,Tired
1897,2018-10-09,19,Female,167.3,53.1,2265,366.8,8.5,80,Yoga,84,2.45,10,Neutral
1012,2018-10-10,43,Male,159.2,45,3983,343.7,8.1,69,None,0,3.03,5,Happy
1167,2018-10-11,53,Female,170.2,86.9,15689,800.4,5.9,84,Gym,71,2.33,5,Happy
1641,2018-10-12,50,Male,185.9,70.8,15107,877.9,7.4,70,Walking,82,2.73,7,Neutral
1595,2018-10-13,30,Female,168.6,73.1,9143,536.9,6.2,69,Cycling,30,2.51,4,Neutral
1320,2018-10-14,57,Male,168.7,78.3,9030,571.8,3.1,98,None,0,2.88,2,Neutral
1318,2018-10-15,42,Female,153,55.3,14122,736.4,8.7,63,Running,73,2.53,8,Tired
1612,2018-10-16,21,Male,167.1,63.9,11652,712.3,7.8,83,Cycling,69,2.05,1,Neutral
1328,2018-10-17,59,Male,181.5,92.6,1611,329.3,5,57,Gym,57,1.86,10,Tired
1784,2018-10-18,36,Male,167.5,62.7,4523,347.2,6.5,82,None,0,2.65,1,Neutral
1776,2018-10-19,35,Male,166.8,66,6424,484.3,8.6,102,None,0,3.39,7,Tired
1970,2018-10-20,54,Male,181.1,60,10939,669.5,7.2,86,Walking,87,2.34,4,Tired
1910,2018-10-21,47,Male,166.9,58.9,2628,311.4,4.5,88,None,0,2.01,3,Happy
1919,2018-10-22,36,Female,182.9,86.6,14176,843.3,5.2,74,Cycling,25,2.32,1,Neutral
1549,2018-10-23,40,Female,157.2,45,8907,632.2,9.8,84,None,0,2.11,8,Happy
1418,2018-10-24,33,Female,176.8,63.1,4372,332.2,7.1,77,Cycling,57,2.03,8,Happy
1605,2018-10-25,18,Male,186.5,73.4,14102,824.5,8.6,95,Yoga,76,1.49,4,Tired
1094,2018-10-26,29,Male,180.1,95.5,10789,656.9,9.8,64,Yoga,83,2.33,2,Tired
1816,2018-10-27,41,Female,151.3,53,4139,377.8,6.3,87,Gym,73,2.67,4,Tired
1580,2018-10-28,51,Male,163.6,50.4,12643,694.1,7.5,79,Running,33,1.74,7,Tired
1317,2018-10-29,25,Male,167.6,57.1,19643,900,4.1,66,Running,83,1.89,4,Happy
1955,2018-10-30,35,Male,180.1,80.5,3250,344.2,6.1,72,Walking,69,1.84,3,Tired
1235,2018-10-31,22,Male,156.7,71.9,7121,500.2,7.9,59,Gym,66,1.53,10,Happy
1945,2018-11-01,43,Male,159.8,48.4,9181,667,6.7,50,Running,73,1.83,1,Happy
1333,2018-11-02,47,Female,153.9,71.5,16303,818.4,7.7,63,None,0,2.36,9,Neutral
1884,2018-11-03,30,Female,161.7,93.3,17667,826.3,8.4,71,Cycling,58,1.56,5,Neutral
1375,2018-11-04,36,Female,157.5,74,6725,410,7.8,76,Gym,84,2.4,2,Tired
1458,2018-11-05,46,Female,186,72.5,16584,900,7.5,62,Cycling,79,2.01,6,Happy
1136,2018-11-06,20,Female,163.5,73.4,14219,746.4,7.3,72,Walking,52,1.85,2,Happy
1929,2018-11-07,43,Male,176.9,76.2,9794,660,6.1,77,None,0,2.76,6,Happy
1587,2018-11-08,57,Male,170.2,51,15112,804.8,5.6,69,Gym,55,2.05,9,Neutral
1994,2018-11-09,29,Male,170,66.5,12544,653,9,64,None,0,2.17,2,Happy
1546,2018-11-10,19,Male,164.1,67.3,5075,503.1,8.2,68,None,0,3.41,1,Happy
1512,2018-11-11,28,Female,177.7,62.7,13778,817,5.8,88,None,0,1.86,7,Happy
1295,2018-11-12,45,Female,171.5,80.3,7162,477.5,7.1,58,Walking,66,3.6,8,Neutral
1319,2018-11-13,35,Female,171,60.5,8636,595.3,4.9,87,Yoga,88,2.26,2,Tired
1917,2018-11-14,30,Male,164.1,64.6,9002,566.2,6.3,89,Walking,33,1.7,4,Tired
1571,2018-11-15,54,Female,165.7,51.1,14453,800,7.8,71,None,0,2.11,8,Tired
1831,2018-11-16,39,Male,175.9,75.7,15633,900,7.4,80,Yoga,71,2.55,4,Neutral
1348,2018-11-17,29,Female,172.3,84.1,18877,879.1,7.2,67,Gym,69,3.38,9,Neutral
1839,2018-11-18,19,Female,171.2,64.6,13992,741.7,5.7,78,Cycling,84,3.06,1,Tired
1778,2018-11-19,54,Male,162.5,82.1,13126,726.5,5.4,97,Cycling,83,2.54,10,Tired
1872,2018-11-20,24,Male,189.4,67.8,14090,780.3,8.4,88,Cycling,42,3.38,7,Neutral
1228,2018-11-21,43,Female,165.2,45,17756,847.8,9.5,70,Walking,89,1.18,3,Tired
1269,2018-11-22,43,Female,169.7,69.2,8071,568.7,7.8,62,Gym,78,2.67,10,Happy
1827,2018-11-23,41,Male,168.1,67.4,14749,732.3,6.7,72,Gym,73,2.72,3,Neutral
1797,2018-11-24,29,Female,189.5,71.5,12983,656.8,8.8,78,Yoga,45,2.73,7,Tired
1290,2018-11-25,33,Female,167.1,73.8,7586,490.9,5.7,82,Gym,63,1.37,6,Tired
1724,2018-11-26,40,Male,166.2,59.7,11641,760.4,8.6,74,Cycling,32,1.79,3,Neutral
1164,2018-11-27,57,Female,171.2,92.1,4967,525.8,6.1,93,Gym,73,2.38,2,Neutral
1004,2018-11-28,26,Male,163.1,69,1822,297.3,6.2,75,Yoga,59,3.28,6,Happy
1850,2018-11-29,49,Female,171.1,67,1221,236.9,6.5,70,Gym,23,3.84,10,Neutral
1378,2018-11-30,32,Male,193.7,81.2,7880,523,6.8,80,Gym,72,2.03,7,Neutral
1077,2018-12-01,54,Female,173,70.3,13129,741.9,8.4,82,Cycling,20,1.58,9,Happy
1409,2018-12-02,30,Male,172.6,108.5,16543,900,5,67,Gym,25,3.07,9,Tired
1573,2018-12-03,22,Female,162.8,66.9,4888,334.6,6.1,66,Walking,74,4.33,9,Neutral
1131,2018-12-04,28,Male,187.1,75.3,14499,839.7,7.3,59,Yoga,85,3.27,10,Tired
1600,2018-12-05,27,Female,189.4,58.8,11352,582.7,7.8,72,Yoga,37,1.98,1,Happy
1748,2018-12-06,30,Female,178.5,83.1,11117,620.6,4.4,87,Yoga,48,4.5,4,Neutral
1041,2018-12-07,58,Female,176.5,74.6,13772,750.8,5.8,82,Gym,72,2.98,4,Happy
1088,2018-12-08,32,Female,167.7,64.9,4993,420.3,4.4,86,Walking,52,1.95,10,Tired
1401,2018-12-09,59,Female,173.9,56.9,19982,900,6,68,None,0,3.85,8,Happy
1295,2018-12-10,24,Female,161.6,50.4,2666,315.4,6.3,73,None,0,1.89,3,Neutral
1839,2018-12-11,57,Female,158.7,76.3,17312,894.5,7.8,56,Yoga,23,2.07,1,Neutral
1294,2018-12-12,45,Female,155.1,49.2,12273,614.9,3.6,85,Running,27,3.01,3,Tired
1615,2018-12-13,49,Female,174.1,89.6,15338,842.3,8,88,None,0,2.48,6,Tired
1525,2018-12-14,52,Male,156.2,51.1,5757,470.8,6.2,64,None,0,2.53,7,Tired
1799,2018-12-15,32,Male,165,67.3,12360,761.5,6.5,91,Cycling,45,2.53,9,Tired
1690,2018-12-16,53,Female,169.4,56.8,18938,900,8.5,73,Running,53,3.28,5,Neutral
1636,2018-12-17,38,Male,180,70.5,7115,505.1,9,64,Running,68,0.87,5,Neutral
1421,2018-12-18,23,Female,164.2,70.4,6437,528.1,6,72,Yoga,68,2.7,3,Neutral
1864,2018-12-19,18,Female,181.1,76.7,10272,611.8,6,81,Running,46,2.3,3,Happy
1022,2018-12-20,21,Male,179.4,47.1,13126,652.5,6.5,74,Running,84,1.97,9,Happy
1574,2018-12-21,28,Female,159.3,58.5,17471,900,6,69,None,0,1.97,3,Tired
1142,2018-12-22,43,Female,181.2,84.6,8115,561.6,4.8,81,Walking,68,0.65,3,Tired
1992,2018-12-23,54,Male,167.2,79.9,3703,348.2,7,82,Cycling,82,1.94,9,Tired
1664,2018-12-24,40,Male,165,45,12151,682.9,6,73,Gym,51,3.4,4,Neutral
1144,2018-12-25,46,Female,167.2,75.7,19802,900,7.1,71,Yoga,38,3.08,6,Happy
1224,2018-12-26,38,Male,170,54.5,5147,389,9.6,70,None,0,2.37,1,Tired
1502,2018-12-27,44,Male,165.8,61.1,2747,332,6.8,80,None,0,1.51,2,Tired
1961,2018-12-28,56,Female,161.6,66.6,9232,523.2,5.9,59,Yoga,86,3.08,3,Neutral
1973,2018-12-29,57,Male,162.5,93.4,16151,805.5,6.6,67,Running,28,3.42,2,Happy
1820,2018-12-30,30,Male,171.4,54.4,11330,587.2,7.2,73,Gym,54,3.22,10,Tired
1615,2018-12-31,40,Female,168.4,48.9,17422,900,6.8,67,None,0,1.82,3,Tired
1103,2019-01-01,33,Male,175.3,76.8,12276,694.7,6.2,78,Gym,56,1.89,5,Tired
1946,2019-01-02,47,Male,170.5,69.6,19535,900,4.5,77,Gym,47,3.66,1,Tired
1038,2019-01-03,21,Female,170.8,88.1,4937,342.6,8,100,Yoga,28,1.65,1,Happy
1946,2019-01-04,57,Female,175.9,64.7,7886,506.4,5.7,67,Yoga,54,2.83,7,Happy
1197,2019-01-05,33,Female,184.2,88.2,11282,678.9,9.2,75,None,0,1.26,9,Tired
1645,2019-01-06,48,Male,184.6,70.2,1208,321.9,6.4,65,None,0,2.29,9,Neutral
1578,2019-01-07,59,Female,183.4,77.9,1599,233.8,6.2,94,None,0,2.91,7,Tired
1390,2019-01-08,42,Female,178.7,94.4,4709,368.2,6.3,92,Walking,71,2.48,2,Neutral
1178,2019-01-09,29,Male,190.9,67.5,17597,864.3,7.2,59,Yoga,36,2.87,7,Tired
1967,2019-01-10,43,Female,174.4,85.7,6723,462.9,5.7,73,Yoga,28,1.64,9,Tired
1553,2019-01-11,54,Female,173.3,60.8,15004,749.2,6,75,Walking,73,1.93,7,Neutral
1447,2019-01-12,50,Female,192.4,73.4,10768,558.9,7.9,72,Yoga,24,2.84,2,Tired
1499,2019-01-13,45,Female,150,48.3,11316,665.6,5.5,70,Running,82,2.99,7,Happy
1014,2019-01-14,26,Male,167.9,62.4,19792,900,7.8,83,Running,66,2.65,4,Neutral
1622,2019-01-15,29,Female,182.5,54.1,8972,501.9,8.2,93,Walking,38,3.16,8,Happy
1668,2019-01-16,22,Female,179.8,88.3,18206,894.5,8,83,None,0,1.34,3,Neutral
1288,2019-01-17,45,Male,195.7,96.1,19979,900,7.4,84,Walking,64,2.17,5,Happy
1477,2019-01-18,52,Female,171.1,64.7,16546,900,4.3,71,Running,52,3.78,3,Tired
1230,2019-01-19,22,Male,165.7,58.4,11291,510,5.2,85,Gym,62,3.4,7,Tired
1922,2019-01-20,51,Male,166.7,50.3,12794,734,5,85,Yoga,45,2.94,3,Neutral
1419,2019-01-21,51,Male,173.2,74,12659,740.3,6.4,70,Cycling,64,2.39,10,Happy
1156,2019-01-22,30,Female,186.2,61,8983,523.7,7,73,Cycling,54,3.22,5,Tired
1549,2019-01-23,56,Male,186.3,61.8,7500,482.5,5.2,59,Walking,72,2.8,1,Happy
1440,2019-01-24,59,Male,169.4,94.4,2634,322,6.7,61,Cycling,29,1.44,4,Happy
1096,2019-01-25,31,Male,172.5,65.6,15059,800.9,8,71,Gym,60,3.2,6,Neutral
1996,2019-01-26,28,Female,163.9,78.8,5814,517.5,5.5,64,Cycling,36,1.89,2,Tired
1410,2019-01-27,59,Female,164.9,70.8,18551,900,5.8,83,Running,85,3.03,6,Neutral
1950,2019-01-28,55,Female,180.5,49.7,5076,446.1,8.8,73,Walking,30,1.37,10,Neutral
1288,2019-01-29,21,Female,186,45,9390,598.1,5.6,80,None,0,3.62,7,Tired
1253,2019-01-30,50,Female,163,77.3,6442,492.4,7.5,63,Cycling,86,2.31,8,Happy
1195,2019-01-31,24,Female,172.4,95.6,4505,341.3,8.9,88,Yoga,65,1.72,3,Neutral
1597,2019-02-01,58,Female,167.6,74.7,18186,900,5.2,80,Walking,39,2.02,10,Tired
1833,2019-02-02,25,Male,178.6,79.4,1502,256.8,5.3,79,Gym,32,2.26,3,Happy
1521,2019-02-03,54,Male,166.1,56.4,13756,714.4,6.7,84,Running,36,2.5,5,Happy
1516,2019-02-04,27,Male,150.7,85.2,15262,856.7,7.1,78,Cycling,51,3.42,3,Happy
1634,2019-02-05,32,Male,180,85,17141,784.9,6,65,Running,35,2.55,9,Neutral
1841,2019-02-06,55,Female,167,59.6,11605,731.5,10,81,Gym,42,0.98,7,Neutral
1864,2019-02-07,32,Male,168,78.2,8939,446.6,7.8,67,None,0,1.64,5,Tired
1117,2019-02-08,22,Male,174.4,45,5719,421.1,5.8,77,Cycling,33,4.43,5,Happy
1805,2019-02-09,46,Male,173.5,80.9,8748,597,5,67,None,0,2.59,1,Happy
1908,2019-02-10,36,Male,174.6,61.4,3870,295.4,6.9,92,None,0,3.17,9,Tired
1158,2019-02-11,27,Female,153.7,51.6,5758,451.5,7.7,82,Walking,52,2.28,2,Happy
1814,2019-02-12,29,Female,175.6,76,14038,777.3,9.8,85,None,0,1.8,7,Happy
1227,2019-02-13,21,Female,150.9,45,6968,495.1,7.1,67,Walking,73,2.16,7,Tired
1876,2019-02-14,48,Male,177.7,75.1,12659,688.9,6.6,78,None,0,2.59,2,Tired
1215,2019-02-15,35,Female,181.2,53,18482,900,5.5,77,Yoga,42,2.18,8,Neutral
1947,2019-02-16,33,Male,156.3,49.8,17766,832.1,7.6,76,Gym,48,3.84,8,Neutral
1695,2019-02-17,57,Female,173.3,70.9,8790,546.4,8.5,56,Cycling,25,2.07,9,Neutral
1014,2019-02-18,53,Female,180.6,67.4,10585,669.3,4.3,95,Running,58,1.76,2,Tired
1156,2019-02-19,42,Female,165.5,91.9,5271,388,7.1,75,Running,24,3.07,1,Neutral
1647,2019-02-20,40,Female,176.7,50.7,5323,392.6,5.5,80,Cycling,59,3.15,9,Happy
1260,2019-02-21,29,Female,150,90.6,3038,401,5,62,Gym,40,2.52,3,Neutral
1156,2019-02-22,51,Male,181,52.9,16977,870.9,9.5,90,Gym,78,2.08,10,Neutral
1046,2019-02-23,53,Female,170.3,83.8,6461,476,8.3,89,None,0,1.17,2,Neutral
1323,2019-02-24,54,Male,167.4,86.6,9063,589.3,6.1,84,Running,43,3.35,10,Tired
1843,2019-02-25,20,Male,179.8,74.8,19369,900,6.8,78,Cycling,22,3.11,2,Happy
1684,2019-02-26,26,Male,187.3,58.1,2262,324.5,6.5,98,None,0,2.19,2,Tired
1129,2019-02-27,35,Male,174.9,47.2,6731,518.7,5.3,85,Cycling,89,2.54,8,Happy
1410,2019-02-28,52,Male,186.1,45,10903,681.3,6.2,61,Running,89,2.34,3,Neutral
1094,2019-03-01,51,Female,154.5,97.8,1349,304.7,8.2,77,Cycling,82,3.64,1,Neutral
1626,2019-03-02,58,Female,176.7,65.5,1440,153.5,6.2,81,Cycling,66,1.77,8,Happy
1754,2019-03-03,31,Female,168.7,53.4,14899,737.4,7.7,76,None,0,2.07,2,Tired
1931,2019-03-04,21,Female,162.1,52.9,19946,900,6.2,81,Walking,32,2,6,Tired
1291,2019-03-05,46,Male,150.7,72.5,4152,326.3,5.2,89,Walking,64,2.72,8,Neutral
1793,2019-03-06,58,Female,176.1,64.1,11247,613.9,8.8,73,Yoga,51,2.54,10,Happy
1810,2019-03-07,32,Female,178.8,45,19717,900,3.8,71,None,0,2.64,9,Happy
1282,2019-03-08,45,Male,183.4,83,10614,629.9,9.7,64,Yoga,61,1.88,1,Happy
1068,2019-03-09,59,Male,181.8,75,17457,891.4,8.5,56,Gym,61,3.54,9,Happy
1659,2019-03-10,33,Female,162.3,97.6,7949,506.7,7.3,72,Walking,26,2.18,8,Neutral
1010,2019-03-11,29,Female,182.9,87.1,3205,308.2,6.3,68,Walking,22,3.33,6,Tired
1253,2019-03-12,22,Male,184,45,18855,900,6.4,73,Walking,56,4.7,5,Neutral
1841,2019-03-13,51,Female,167.4,91.3,14133,834.7,7.3,69,Walking,22,1.89,6,Happy
1871,2019-03-14,59,Female,170.3,88.1,19114,876.3,7.3,64,Gym,37,2.74,2,Tired
1549,2019-03-15,18,Female,160.7,59,1035,305.1,5.6,69,Running,61,2.41,3,Neutral
1133,2019-03-16,56,Female,184.8,63.5,18404,900,7.1,80,Gym,28,3.92,9,Happy
1711,2019-03-17,49,Male,154.9,76.2,6534,524.7,7.4,70,Running,76,2.3,3,Neutral
1022,2019-03-18,43,Male,175.3,54.8,9009,510.9,6.5,73,Yoga,43,2.67,10,Happy
1814,2019-03-19,34,Male,164,66.4,11952,653.8,10,96,Walking,26,2.66,7,Neutral
1345,2019-03-20,44,Female,158.9,85,3535,393.1,6.8,86,None,0,2.43,4,Neutral
1301,2019-03-21,41,Female,151.3,77.8,5963,426.1,4.4,77,None,0,3.03,9,Neutral
1362,2019-03-22,52,Female,167.8,60,13707,723,5.5,78,Running,75,2.57,4,Happy
1395,2019-03-23,59,Female,157.4,85.3,13860,749.4,8.1,68,Gym,77,2.84,10,Tired
1217,2019-03-24,56,Female,170.6,74.5,15247,753.8,5.9,71,Running,37,2.65,10,Tired
1140,2019-03-25,43,Male,187.7,74,18410,900,5.5,72,Cycling,58,2.08,6,Happy
1615,2019-03-26,55,Female,172,62.3,18670,886.5,9.1,76,Yoga,69,2.31,2,Tired
1957,2019-03-27,40,Female,190,69.9,9512,616.6,7.3,75,Yoga,52,2.89,7,Tired
1209,2019-03-28,39,Male,160.2,58.4,14887,753.3,6.1,64,Walking,47,2.89,3,Neutral
1984,2019-03-29,21,Female,157.2,45,3293,334.3,3,81,Walking,75,3.37,1,Neutral
1992,2019-03-30,26,Male,159.7,65.8,18996,900,7.9,69,Gym,44,3.8,7,Happy
1622,2019-03-31,21,Male,169.3,68.2,17860,900,7,94,Running,33,2.14,5,Happy
1615,2019-04-01,24,Male,197.2,72.1,12356,735.4,9,87,Cycling,74,2.59,7,Neutral
1827,2019-04-02,40,Male,153.4,88.2,11018,655,5.4,58,Yoga,26,2.36,1,Happy
1682,2019-04-03,19,Male,176.2,60.2,13820,717.8,6.4,72,Running,23,1.72,5,Happy
1459,2019-04-04,41,Female,163,64.5,16933,849.2,7.4,91,Cycling,49,2.9,2,Tired
1355,2019-04-05,57,Male,167.8,81.5,2947,435.9,8.9,82,None,0,3.04,1,Happy
1323,2019-04-06,48,Male,157.4,58.7,16310,899.8,7.4,76,Running,76,1.75,6,Happy
1132,2019-04-07,48,Female,178.8,72.3,17303,882.2,5.9,52,Walking,56,2.24,5,Neutral
1887,2019-04-08,57,Female,169.6,63.9,16014,811.9,8.9,73,None,0,2.17,4,Happy
1804,2019-04-09,51,Male,180.9,66.3,18977,887.1,6.5,77,None,0,1.44,1,Neutral
1839,2019-04-10,41,Female,171.8,81.4,10939,694,7.3,54,Yoga,71,2.47,5,Happy
1126,2019-04-11,43,Female,150.7,64.4,15465,783.1,8.1,81,Cycling,22,1.7,7,Tired
1105,2019-04-12,33,Male,181,81.9,11225,701.7,9.3,68,Walking,26,2.61,1,Neutral
1603,2019-04-13,30,Male,150,45,8704,589.5,7.6,78,None,0,2.69,4,Happy
1798,2019-04-14,32,Female,151.3,48.6,17640,900,10,76,Gym,89,2.78,6,Happy
1377,2019-04-15,44,Male,160.8,45,7512,538.4,6.9,72,Gym,53,2.81,8,Tired
1904,2019-04-16,21,Male,161,52.5,3991,349.1,7.4,83,Walking,35,3.57,7,Happy
1050,2019-04-17,33,Female,184,97.9,18801,900,6.1,78,Cycling,27,1.93,7,Tired
1028,2019-04-18,47,Male,168.3,69.7,8965,559.8,7.5,102,Cycling,40,1.97,8,Neutral
1461,2019-04-19,47,Male,182.5,59.2,14730,775.8,7.4,93,Yoga,30,2.96,7,Neutral
1295,2019-04-20,53,Male,164.3,81.7,9301,490.9,8.6,65,Walking,69,2.41,4,Happy
1296,2019-04-21,20,Male,173.2,83.9,19936,889.7,7.7,87,Gym,25,3.29,6,Neutral
1725,2019-04-22,39,Male,174.7,51.7,10249,647.9,6.2,68,Walking,34,2.89,2,Tired
1778,2019-04-23,39,Female,177,107.5,15155,797.2,7.4,63,Running,30,3.84,8,Tired
1406,2019-04-24,29,Female,165.4,74.1,17080,900,6,60,Cycling,46,2.44,3,Happy
1768,2019-04-25,38,Male,166.2,76,3042,302.7,7.8,71,None,0,1.46,4,Tired
1813,2019-04-26,21,Female,167,77.5,19565,900,6.2,85,Running,57,2.74,2,Tired
1612,2019-04-27,48,Male,153.5,77.4,15834,879.8,4.9,77,Gym,23,2.45,9,Tired
1404,2019-04-28,48,Male,169.2,60.7,5492,497.4,5.3,80,Cycling,64,2.87,2,Happy
1345,2019-04-29,40,Male,166.2,101.7,4558,366.5,5.2,50,Gym,29,2.96,6,Neutral
1621,2019-04-30,37,Male,175.8,65.7,10813,582.5,6.2,73,Gym,73,2.13,3,Tired
1419,2019-05-01,32,Male,170.9,84.4,4658,447,5.7,64,Gym,48,1.79,6,Neutral
1181,2019-05-02,40,Female,183.4,62.9,17319,878.4,7,59,Yoga,31,2.4,4,Neutral
1982,2019-05-03,45,Female,170.7,60.2,4884,371.1,6.4,63,Gym,75,0.83,8,Happy
1824,2019-05-04,33,Male,164.4,98.5,5780,411.2,7.8,76,Gym,59,2.56,3,Happy
1000,2019-05-05,54,Female,170.6,68.4,6952,442.1,7.6,82,Running,56,2.21,8,Neutral
1830,2019-05-06,38,Male,177.2,69.5,8517,579.4,6.5,66,Running,85,3.1,3,Happy
1949,2019-05-07,32,Female,152.3,74.3,6106,377.3,8.9,81,Running,39,1.11,5,Neutral
1566,2019-05-08,34,Male,162.8,109,19550,900,5.6,83,Cycling,31,2.5,2,Tired
1370,2019-05-09,54,Female,163.1,102.5,5397,428.4,8.5,78,Yoga,57,3.6,6,Neutral
1935,2019-05-10,30,Male,174.1,89.3,13643,715.8,7.2,66,Cycling,49,2.97,7,Neutral
1910,2019-05-11,36,Male,175.3,112.8,15822,900,6.4,70,Yoga,66,3.19,8,Tired
1660,2019-05-12,47,Female,171,55.8,11462,703.4,8.7,78,Yoga,61,2.74,4,Happy
1430,2019-05-13,35,Female,150,79.8,4711,365.7,7.8,68,Walking,24,1.34,9,Neutral
1968,2019-05-14,31,Male,153.5,71.1,2586,298.1,5.4,81,None,0,2.62,2,Happy
1308,2019-05-15,53,Female,167.6,45,10406,661,7.5,64,Walking,70,2.79,8,Tired
1136,2019-05-16,53,Male,165,76.9,8138,529.5,7.5,79,Walking,31,1.75,6,Neutral
1201,2019-05-17,37,Female,170.1,62.6,8662,616.6,8.5,84,Yoga,29,2.41,4,Neutral
1435,2019-05-18,36,Female,165.3,93,8404,564.5,7.9,77,Yoga,56,0.5,2,Neutral
1312,2019-05-19,24,Male,185.3,64.1,14333,786,8,65,Cycling,85,2.27,4,Neutral
1116,2019-05-20,21,Female,150,63.2,10837,645.7,6.3,59,Yoga,86,2.19,3,Happy
1665,2019-05-21,51,Female,173,93,10542,779.1,6.7,64,Gym,33,3.48,4,Happy
1936,2019-05-22,19,Male,178.3,69,16904,825.2,6.6,80,Gym,66,2.08,4,Tired
1802,2019-05-23,22,Female,177,87.4,9556,527.5,4.6,73,Yoga,39,2.31,7,Happy
1574,2019-05-24,27,Male,177.9,76.4,14355,762.1,8.9,69,Gym,71,2.44,1,Neutral
1243,2019-05-25,49,Male,179.3,76.6,13806,822.5,5.3,79,Yoga,87,2.09,9,Tired
1536,2019-05-26,59,Male,164,66.3,10818,509.5,7.4,55,Walking,45,3,5,Neutral
1601,2019-05-27,58,Male,159,77.5,15864,739.4,6.5,72,Yoga,66,1.11,3,Neutral
1074,2019-05-28,30,Male,150,68,1981,259.3,6.6,64,Walking,22,3.3,7,Tired
1805,2019-05-29,56,Female,166.4,57.9,11228,755.1,8,61,Running,21,2.49,7,Neutral
1385,2019-05-30,22,Male,162.2,68.4,4552,383.4,5.8,70,Gym,60,3.41,8,Neutral
1902,2019-05-31,27,Male,181.6,89.3,18305,874.1,7.7,100,Running,49,0.58,10,Tired
1209,2019-06-01,27,Female,167.1,78,12938,758.6,7.7,81,Gym,56,0.79,4,Happy
1474,2019-06-02,55,Female,159.7,81.5,17318,900,5.8,64,None,0,2.3,9,Tired
1417,2019-06-03,44,Female,158.1,70,6052,410.1,8.4,87,None,0,2.85,2,Tired
1346,2019-06-04,38,Male,189.9,45,6406,479,9.1,62,None,0,2.11,6,Tired
1528,2019-06-05,25,Male,169.8,51.7,18858,900,10,90,Running,28,2.91,3,Happy
1639,2019-06-06,18,Male,162.2,65.7,13850,782.6,6.6,66,None,0,3.19,8,Tired
1938,2019-06-07,45,Female,171.2,53,13601,721.1,7.3,76,Yoga,43,2.97,8,Happy
1954,2019-06-08,56,Male,189,62.1,8098,555.4,7.4,96,None,0,2.57,6,Neutral
1875,2019-06-09,31,Female,166.1,61.6,7719,550.7,8,71,Running,73,2.57,4,Tired
1762,2019-06-10,38,Male,176.9,62,16856,900,9.6,93,Gym,37,2.07,8,Neutral
1178,2019-06-11,47,Female,181.9,91.6,9594,502.6,7.7,74,Cycling,58,2.46,6,Neutral
1181,2019-06-12,38,Male,151.1,69.2,1612,192.8,7.8,74,Gym,66,1.78,9,Happy
1663,2019-06-13,26,Male,163.6,84,8286,497,5.4,66,Cycling,46,1.95,7,Neutral
1024,2019-06-14,34,Male,180.6,72.5,11068,656.1,10,89,Yoga,53,2.86,9,Neutral
1966,2019-06-15,22,Female,163,91.2,10805,660.2,6.3,70,Gym,38,2.18,8,Tired
1179,2019-06-16,48,Female,174.1,85.3,4017,308,3,94,Running,25,1.98,4,Neutral
1709,2019-06-17,57,Male,162.4,61.1,10926,653.3,3.6,69,Yoga,49,2.81,6,Tired
1500,2019-06-18,55,Male,165.5,99.4,12740,756.9,7.5,70,Gym,31,2.77,7,Neutral
1855,2019-06-19,36,Male,164.3,63.2,11572,696.3,5.1,85,Yoga,34,2.35,4,Happy
1160,2019-06-20,53,Female,176.4,73,17237,866.5,7.1,74,Cycling,58,2.4,4,Neutral
1176,2019-06-21,50,Male,172,75.7,11002,621.7,4.8,78,Yoga,83,2.79,10,Happy
1284,2019-06-22,30,Male,171,77.3,16818,807.8,7.5,62,Running,83,3.18,3,Tired
1062,2019-06-23,31,Male,195.1,81.9,4201,455.1,7.8,76,Gym,34,2.64,10,Tired
1661,2019-06-24,50,Male,187.4,58.6,1752,293.8,7.3,79,Cycling,77,1.67,6,Neutral
1665,2019-06-25,46,Female,150.2,80.7,8556,461.6,6,92,Yoga,86,2.35,2,Neutral
1155,2019-06-26,53,Female,165.6,78.7,2341,355,8.3,70,Walking,20,2.21,4,Tired
1881,2019-06-27,27,Male,194.3,70,14981,832.2,6.4,78,Cycling,26,1.76,8,Tired
1468,2019-06-28,48,Male,164.3,67.2,9696,647.6,6.7,87,Cycling,28,2.85,3,Tired
1048,2019-06-29,23,Female,190.9,57.9,15525,793.1,6.2,75,Running,20,2.9,8,Happy
1966,2019-06-30,18,Female,165.7,77.2,6565,441.6,6.6,86,Running,24,3.01,7,Neutral
1848,2019-07-01,24,Male,167.7,60.1,15947,797.2,9.8,100,Yoga,66,1.81,7,Tired
1083,2019-07-02,44,Female,178.6,73.6,8930,663.1,7,75,Walking,29,2.61,9,Tired
1360,2019-07-03,38,Female,169.1,68.5,7517,475.6,5.1,88,Cycling,21,2.5,4,Neutral
1688,2019-07-04,45,Male,174.9,50,15287,763.7,5.6,80,Yoga,42,2.72,8,Neutral
1147,2019-07-05,33,Female,185.7,56,12829,680.8,6.6,84,None,0,2.59,2,Happy
1629,2019-07-06,40,Female,177.6,76.1,3422,320.6,5.8,82,Walking,38,2.49,3,Tired
1341,2019-07-07,37,Male,171.4,62.1,14960,876.2,8.4,86,Yoga,57,2.41,4,Neutral
1475,2019-07-08,55,Male,186.7,61.6,9865,608.4,4.9,85,Cycling,66,3.27,9,Happy
1062,2019-07-09,42,Female,178.8,58.5,6985,541.1,6.8,74,Yoga,71,1.9,1,Tired
1700,2019-07-10,45,Male,162.7,59,7947,532.1,8.5,69,Running,68,2.38,7,Happy
1359,2019-07-11,22,Female,189.8,94.6,14790,782.6,6.1,79,Running,42,3.26,2,Neutral
1560,2019-07-12,38,Male,176.4,53.2,15739,777.4,7.7,60,Gym,69,1.93,5,Happy
1326,2019-07-13,35,Female,167.9,92.1,11971,758.5,6.9,81,Walking,36,1.97,1,Tired
1768,2019-07-14,23,Male,150,65,4668,436.3,7,82,None,0,3.01,6,Neutral
1735,2019-07-15,46,Female,156.2,60.2,11744,723.9,7.8,73,Cycling,21,1.5,3,Tired
1140,2019-07-16,36,Female,187,75.8,5509,466.6,4.2,75,Walking,88,2.96,6,Happy
1989,2019-07-17,50,Female,187.4,70.8,3500,304.5,8.8,84,Running,81,2.16,8,Happy
1214,2019-07-18,18,Male,170.9,67,10904,649.4,4.2,82,None,0,2.79,8,Happy
1434,2019-07-19,20,Male,152.3,73.3,17683,900,8.7,84,Cycling,80,1.65,4,Neutral
1890,2019-07-20,59,Female,159.1,70.6,13416,783.9,7.7,83,Gym,30,3.33,7,Happy
1951,2019-07-21,38,Female,153.8,66.8,15833,841.1,7.7,76,Running,46,1.65,6,Neutral
1722,2019-07-22,52,Male,153.4,84,19290,900,9.4,75,Running,54,3.01,2,Happy
1317,2019-07-23,58,Male,190.3,48.3,3485,366,8.8,79,None,0,1.68,6,Happy
1031,2019-07-24,57,Male,190.6,56.3,15003,866.2,8.2,90,Walking,87,3.77,2,Neutral
1669,2019-07-25,20,Male,158.8,58.2,8459,548.4,6.6,78,Yoga,80,2.45,4,Neutral
1284,2019-07-26,42,Male,169.9,54.1,7120,466.2,6.5,88,Walking,60,3.87,5,Neutral
1304,2019-07-27,55,Male,157.2,71.3,9485,627.9,8.3,55,Running,62,1.93,9,Tired
1428,2019-07-28,37,Female,169.8,77.6,15251,846.7,7.7,78,Walking,68,2.19,3,Happy
1476,2019-07-29,51,Male,186.4,45,19257,900,7.5,76,Yoga,30,3.35,5,Tired
1285,2019-07-30,38,Female,180.8,62.9,7172,444.6,6.9,58,Gym,86,1.5,2,Happy
1143,2019-07-31,40,Male,178.1,65.2,19472,900,6.4,60,Cycling,70,2.01,3,Happy
1423,2019-08-01,23,Male,168.1,65.7,7487,459.8,4.9,80,Running,71,2.85,5,Happy
1018,2019-08-02,30,Female,182.6,50.7,10964,677.4,8,76,Walking,62,1.79,7,Happy
1017,2019-08-03,40,Female,176.5,65.3,12055,627.4,6.7,83,Running,77,2.87,6,Tired
1768,2019-08-04,26,Male,174,56.3,7880,472.8,6.6,50,Cycling,89,2.62,2,Happy
1589,2019-08-05,34,Female,168.8,65,1528,275.7,4.3,86,Walking,48,1.44,9,Tired
1370,2019-08-06,19,Female,173.2,45,11325,681.9,7.1,86,Gym,50,3.18,8,Neutral
1174,2019-08-07,36,Female,172.9,65.1,19308,900,5,61,Cycling,47,1.62,9,Tired
1193,2019-08-08,36,Female,164.6,59.2,18246,900,6.3,89,Yoga,69,3.04,9,Happy
1501,2019-08-09,24,Male,162.3,66.1,11554,717.8,8.2,93,Yoga,55,2.59,5,Tired
1987,2019-08-10,59,Female,160,74.5,16413,863.5,7.1,62,Running,38,2.18,7,Tired
1112,2019-08-11,59,Male,160.7,69.3,15127,814.7,6.8,76,Yoga,86,1.73,7,Neutral
1113,2019-08-12,37,Male,168.1,81.9,19026,900,5.9,77,Walking,31,2.73,10,Neutral
1221,2019-08-13,26,Male,166.5,64.6,16693,831.6,6.2,57,Yoga,43,1.89,9,Neutral
1677,2019-08-14,34,Male,163.8,79.3,10212,664.8,9.4,72,Gym,84,3.35,9,Happy
1946,2019-08-15,44,Female,163.1,86.9,6196,415.7,8.2,89,None,0,3.37,6,Tired
1830,2019-08-16,19,Female,172.9,74.1,14850,878.9,6.3,66,Walking,45,3.65,3,Tired
1643,2019-08-17,53,Male,183.8,69.7,7999,478.7,6.8,93,None,0,2.7,8,Neutral
1896,2019-08-18,36,Male,169.9,76.2,8322,549,7.4,79,Running,77,2.22,1,Happy
1263,2019-08-19,34,Male,169.2,74.6,4143,369.2,7.7,67,Running,61,2.29,10,Happy
1924,2019-08-20,22,Male,160.7,85,14812,786.8,7,75,Yoga,48,2.24,4,Happy
1054,2019-08-21,56,Female,167.8,81.9,18854,900,4.3,60,Yoga,48,2.67,10,Neutral
1870,2019-08-22,35,Male,181.9,82.1,6678,506.6,7,79,Running,28,2.81,2,Happy
1642,2019-08-23,24,Female,180.4,70.7,2382,322.1,6.9,73,Walking,21,3.36,5,Happy
1799,2019-08-24,34,Male,179.7,75.1,10528,567.9,10,71,Cycling,21,2.51,7,Happy
1777,2019-08-25,56,Male,179.4,74.8,8114,466,10,61,Running,37,1.52,1,Neutral
1457,2019-08-26,53,Male,174.4,51.9,10434,555.8,8,74,Gym,88,2.21,4,Neutral
1978,2019-08-27,57,Male,174,86,2705,296,6,77,Walking,76,3.59,3,Tired
1877,2019-08-28,21,Female,172.4,45,6997,585.6,8,61,Cycling,42,1.41,4,Tired
1161,2019-08-29,55,Female,165.8,80.7,8962,556,4.5,86,Cycling,38,3.02,6,Tired
1379,2019-08-30,42,Female,170.8,74,12391,800.7,6.2,78,Walking,38,2.23,10,Neutral
1992,2019-08-31,22,Male,172.2,65.7,15535,819.7,4.6,67,Running,77,1.88,6,Tired
1086,2019-09-01,47,Male,176.3,75.9,19978,900,7.8,74,Cycling,68,2.78,1,Happy
1054,2019-09-02,29,Female,171,76.3,13129,754.9,5.2,83,Gym,64,3.59,3,Neutral
1475,2019-09-03,21,Female,191.1,50.4,18699,900,6.6,89,None,0,2.74,1,Neutral
1799,2019-09-04,41,Male,157.9,91.2,9759,601.7,6.9,91,Walking,69,2.32,1,Tired
1177,2019-09-05,46,Male,177.5,71.1,3704,263,7,93,Yoga,30,1.59,1,Happy
1390,2019-09-06,26,Female,169.6,104.7,6725,424.5,6.3,62,None,0,2.43,3,Happy
1348,2019-09-07,21,Male,170,81.8,1124,160.9,7.5,68,Running,28,1.57,2,Neutral
1007,2019-09-08,41,Male,161.9,70.7,10729,665.4,5.1,61,Walking,33,2.28,4,Neutral
1832,2019-09-09,31,Female,180.2,59.6,13767,682.5,9.6,86,Gym,40,2.46,7,Tired
1312,2019-09-10,22,Male,176.5,68.3,5807,502.9,5.4,73,None,0,0.85,2,Happy
1758,2019-09-11,35,Female,178.3,72.2,19354,900,7.1,88,None,0,3.47,2,Neutral
1834,2019-09-12,59,Male,171.7,92,17009,900,7.9,61,Cycling,88,1.63,7,Happy
1983,2019-09-13,36,Female,166.8,88.4,18198,895.6,8,68,Running,28,2.37,9,Neutral
1982,2019-09-14,29,Male,169.3,76.8,4101,307.9,8.2,67,Running,86,2.87,3,Tired
1442,2019-09-15,35,Female,174.3,96.5,2654,288.8,4.6,87,Walking,37,3.42,10,Neutral
1766,2019-09-16,34,Female,150,45,17515,900,5.6,82,Walking,31,1.95,8,Neutral
1327,2019-09-17,47,Female,178.7,76.9,1394,361.5,7.2,55,Gym,35,0.74,6,Neutral
1053,2019-09-18,41,Female,194.3,88.8,8319,558.2,7.7,70,Yoga,56,3.26,6,Tired
1760,2019-09-19,28,Male,174.8,78.2,4573,317.1,8.9,85,Walking,39,1.63,3,Tired
1238,2019-09-20,52,Male,167.2,50,10173,558.3,6.2,86,None,0,2.75,10,Tired
1228,2019-09-21,40,Female,168.4,90.8,8106,449.8,5.6,79,Walking,34,2.8,9,Neutral
1578,2019-09-22,34,Male,177.1,81.4,12147,679.4,6.2,77,Walking,44,0.5,9,Neutral
1050,2019-09-23,18,Male,167.4,75.1,6060,428.5,10,66,Gym,36,1.37,4,Happy
1608,2019-09-24,32,Male,178.7,71.3,17326,886.2,9.3,86,Cycling,31,2.18,10,Tired
1603,2019-09-25,49,Male,168.3,99.9,13842,700,6.7,63,Yoga,61,0.69,6,Tired
1263,2019-09-26,26,Male,187.1,76.7,11933,618.6,8.9,59,Gym,58,1.56,5,Neutral
1417,2019-09-27,32,Female,186.9,66.4,7632,510,6.1,77,Walking,75,2.59,4,Tired
1802,2019-09-28,45,Female,166.7,57.8,7755,534.4,8.4,71,Cycling,72,2.44,2,Happy
1095,2019-09-29,41,Female,169.2,81.4,12130,626,4.9,82,Walking,66,2.71,4,Tired
1087,2019-09-30,52,Female,169.8,84.8,6589,487.2,7.5,80,Gym,44,2.81,7,Tired
1077,2019-10-01,39,Male,169.9,70.8,12612,751.8,8.5,92,Running,69,1.32,3,Tired
1287,2019-10-02,44,Male,160.5,61.6,15843,717.2,6.5,79,Walking,52,1.6,3,Happy
1119,2019-10-03,36,Female,159.1,90,19888,900,7.9,86,Cycling,48,3.03,3,Happy
1813,2019-10-04,29,Male,182.5,56.7,13015,755.7,6.2,66,Yoga,22,3.57,9,Tired
1490,2019-10-05,37,Male,180.9,99.5,13672,794.7,7.5,82,Running,58,1.82,1,Happy
1911,2019-10-06,18,Female,180.7,59,3976,308,6.3,72,Walking,23,2.68,5,Neutral
1451,2019-10-07,38,Male,169.3,50.8,18855,900,8.2,70,Walking,56,3.06,9,Tired
1499,2019-10-08,18,Female,188.9,52.7,12891,760.7,5.1,66,Cycling,25,2.67,7,Happy
1164,2019-10-09,27,Female,169.8,53.4,7595,471.2,5.5,90,Running,29,2.33,1,Happy
1181,2019-10-10,49,Male,178.6,66.5,18526,900,9,75,Running,31,2.05,4,Happy
1468,2019-10-11,56,Male,156.1,63,14404,769.3,3.3,67,Running,85,3.89,6,Neutral
1909,2019-10-12,39,Female,167.7,85.4,19952,900,6,82,Walking,22,2.57,5,Happy
1734,2019-10-13,35,Female,168.4,83.2,18992,900,6.8,71,Running,84,2.77,2,Neutral
1822,2019-10-14,49,Male,169.3,66.6,13825,761.4,7.5,67,Walking,83,2.73,1,Neutral
1943,2019-10-15,44,Female,156.7,116.6,19281,900,6.3,104,Walking,54,1.93,4,Happy
1977,2019-10-16,45,Female,177,66.4,3192,288.1,5.3,63,None,0,2.54,10,Neutral
1006,2019-10-17,35,Female,180.3,68.4,13264,750.2,8.8,94,Running,66,2.27,5,Happy
1329,2019-10-18,56,Male,162.6,50.8,2091,311.6,8.6,67,Gym,71,2.26,4,Happy
1774,2019-10-19,46,Female,158.5,68.8,18083,900,6.4,81,Yoga,53,2.72,3,Happy
1672,2019-10-20,35,Male,162.3,74.5,11093,562.8,4.3,74,Yoga,44,1.86,10,Tired
1150,2019-10-21,25,Female,175,52.2,3178,297.9,7.5,82,Gym,88,1.66,8,Neutral
1084,2019-10-22,48,Male,164,62.5,18116,882.4,7.3,61,Running,48,2.85,6,Neutral
1146,2019-10-23,51,Female,168.7,74.9,14592,870.2,6,60,Walking,83,2.13,3,Happy
1623,2019-10-24,24,Male,159.3,62.1,9704,594.1,4.1,83,Cycling,72,2.26,6,Neutral
1380,2019-10-25,53,Male,189.8,59,3687,333.5,6.6,57,Gym,77,1.15,10,Happy
1914,2019-10-26,35,Male,170.7,81.7,4756,362.3,8.1,63,Yoga,60,3.17,8,Neutral
1547,2019-10-27,55,Female,181.5,50.8,7061,476.2,8.4,74,Yoga,70,2.87,7,Neutral
1284,2019-10-28,26,Female,174.9,53.7,9623,622.5,6.9,62,Walking,37,3,1,Happy
1699,2019-10-29,26,Female,169.6,72.7,5494,328.3,6.1,63,Yoga,60,2.77,6,Happy
1081,2019-10-30,25,Male,169.1,82.7,2279,302.7,8.1,71,Yoga,80,1.44,1,Happy
1513,2019-10-31,52,Female,162.7,74.6,7538,476.3,5.3,53,Walking,43,2.66,4,Neutral
1896,2019-11-01,35,Male,165.5,66.6,3221,350.4,5,61,Running,66,2.07,10,Tired
1814,2019-11-02,22,Female,159.9,65.4,6164,486.5,6.9,88,None,0,1.83,3,Tired
1708,2019-11-03,31,Male,158.8,85.2,1854,239.4,9.3,85,Yoga,55,2.85,7,Neutral
1915,2019-11-04,45,Male,190.9,82.9,4212,300,9.4,98,None,0,3.66,2,Neutral
1522,2019-11-05,47,Male,172.8,70.7,19970,900,5,81,None,0,3.55,4,Happy
1745,2019-11-06,21,Female,184.7,65.8,15385,879.8,6.3,88,Running,88,2.94,5,Happy
1385,2019-11-07,56,Female,162.1,70.5,13530,783,10,71,Cycling,45,2.48,2,Happy
1706,2019-11-08,37,Female,157.5,59.1,4340,354.7,6,73,Running,73,2.35,9,Neutral
1470,2019-11-09,42,Male,160.2,67.7,10811,600.7,9.4,79,Walking,63,1.87,2,Happy
1118,2019-11-10,45,Male,165.8,62.7,1275,223,8.5,56,Walking,52,2.31,6,Happy
1395,2019-11-11,29,Female,170.4,68.5,13295,666.9,8.8,80,Walking,45,3.14,8,Neutral
1531,2019-11-12,19,Female,168.5,63.2,1714,307.8,6.3,69,Yoga,41,3.78,7,Tired
1260,2019-11-13,31,Female,162.3,77.9,7054,530.5,6.4,70,Gym,39,1.93,6,Happy
1804,2019-11-14,39,Male,170.9,82.3,1809,253,5.6,85,Yoga,21,1.1,8,Tired
1933,2019-11-15,48,Male,171.8,64.3,14215,743.6,8.2,59,Running,60,2.13,5,Happy
1255,2019-11-16,40,Male,177,57.8,10053,567.2,4.5,76,Cycling,73,3.13,10,Happy
1733,2019-11-17,37,Male,184.7,80.7,1036,218.9,6.8,79,Cycling,76,3.95,9,Happy
1904,2019-11-18,55,Male,166.4,72.8,11273,614.2,9.5,70,Cycling,37,3.42,2,Neutral
1225,2019-11-19,21,Female,182.2,64.5,13499,732.2,7.9,75,None,0,3.4,6,Neutral
1052,2019-11-20,32,Male,170.7,90.6,12403,735.4,8.5,76,Cycling,65,1.91,10,Happy
1939,2019-11-21,41,Male,154.7,61.5,16037,875.6,4.5,84,None,0,1.93,7,Happy
1866,2019-11-22,42,Male,187.8,45,15017,758.7,5.5,73,Gym,41,1.57,9,Neutral
1499,2019-11-23,18,Male,192.7,59.4,18365,900,8.8,62,Cycling,22,2.03,5,Neutral
1505,2019-11-24,24,Male,176.2,94.3,15696,860.1,7.2,69,None,0,3.14,6,Tired
1853,2019-11-25,48,Female,170.9,65.2,7447,450.9,5.4,72,Yoga,21,3.64,9,Neutral
1363,2019-11-26,29,Male,167.3,62.3,13583,750.4,7.9,67,Cycling,47,2.74,10,Happy
1279,2019-11-27,59,Male,165.4,70.4,1151,306.7,6.2,77,Walking,53,2.32,6,Neutral
1592,2019-11-28,22,Male,182.1,85.2,15257,798,10,76,Running,72,1.75,1,Tired
1713,2019-11-29,59,Female,169.8,68.8,12486,598.5,7.9,76,Yoga,78,2.42,4,Tired
1157,2019-11-30,55,Female,186.7,78.9,14507,654.4,5.6,66,Gym,29,2.64,4,Happy
1631,2019-12-01,29,Female,170.3,67.2,10514,636.1,8.3,76,Yoga,21,1.48,3,Neutral
1058,2019-12-02,56,Male,165.9,79,6648,471.2,9.4,88,Walking,67,3.15,8,Tired
1726,2019-12-03,35,Female,164,72.7,2511,309.8,7,78,Cycling,25,2.2,6,Tired
1127,2019-12-04,19,Male,162.6,64,19642,900,5.8,86,Cycling,63,3.1,7,Tired
1735,2019-12-05,27,Male,175.1,73.9,17615,830.6,7.1,76,Gym,73,2.49,9,Happy
1720,2019-12-06,32,Female,157.1,61.9,8749,509.6,6.1,69,Running,55,2.71,8,Tired
1881,2019-12-07,47,Male,161.8,49.3,1571,284,6.6,84,Cycling,27,2.01,3,Neutral
1114,2019-12-08,34,Male,183.2,69.7,18586,900,4.9,61,None,0,2.26,4,Happy
1208,2019-12-09,21,Male,160.5,50.7,13232,716.4,8.3,69,Gym,52,2.95,1,Neutral
1525,2019-12-10,24,Female,178.6,79,10762,558.9,5.3,74,Cycling,38,2.41,4,Neutral
1520,2019-12-11,58,Male,150,69.4,14217,785.7,7.9,82,None,0,1.73,9,Tired
1551,2019-12-12,48,Male,184.5,91.3,10231,611.8,6.5,88,Yoga,70,2.58,5,Happy
1961,2019-12-13,56,Female,157.3,65,7609,451.4,7.3,83,Gym,42,2.77,3,Happy
1236,2019-12-14,51,Male,161.2,69.7,15629,726,6.3,82,Gym,20,3.46,2,Neutral
1280,2019-12-15,23,Male,176.8,48,13273,759.5,7.3,84,Gym,78,3.31,6,Happy
1358,2019-12-16,55,Female,172.7,53.4,17554,871.3,7.6,85,Cycling,22,2.45,4,Happy
1200,2019-12-17,51,Male,178.9,45,6151,455.4,6.5,64,Gym,29,2.12,6,Happy
1757,2019-12-18,32,Male,157.2,86.2,7406,503.7,4.4,97,Yoga,68,2.34,3,Happy
1277,2019-12-19,31,Male,167.1,63.1,15294,754.4,7.5,86,Running,75,2.13,3,Tired
1234,2019-12-20,23,Male,163.8,89.9,15893,856.6,7.6,73,Running,35,2.85,1,Neutral
1493,2019-12-21,54,Male,158.9,45,1188,204.5,4.9,79,Walking,58,3.23,9,Neutral
1003,2019-12-22,49,Female,176,93.2,14073,688.2,5.5,62,Yoga,63,3.37,7,Happy
1665,2019-12-23,20,Female,179.4,69,8145,444.6,6.5,72,Yoga,27,2.21,9,Happy
1441,2019-12-24,20,Female,166.6,75.1,6927,476.9,3.6,72,Gym,27,2.14,1,Neutral
1028,2019-12-25,39,Female,185.2,54.1,1599,343.7,8.1,71,Walking,64,2.21,8,Neutral
1108,2019-12-26,39,Male,162.1,77.9,14133,767.4,6.3,83,None,0,1.15,2,Tired
1609,2019-12-27,27,Male,185,64.4,13209,817.5,7.4,76,None,0,1.66,3,Happy
1726,2019-12-28,20,Male,175.6,52.1,12524,773.4,5.4,63,Yoga,36,2.48,1,Neutral
1804,2019-12-29,29,Male,157.8,51.9,15317,838.5,10,63,Yoga,74,2.77,7,Tired
1074,2019-12-30,46,Male,189.8,51.6,10145,684.5,4.9,55,Yoga,75,2.84,5,Tired
1837,2019-12-31,34,Female,165.6,75.7,15357,887.3,6.3,84,Cycling,63,1.95,3,Happy
1145,2020-01-01,24,Female,182.1,60.5,10817,691.6,8.8,73,Yoga,72,2.16,4,Tired
1127,2020-01-02,30,Male,171.5,45.4,2870,220.6,5.3,83,None,0,2.31,10,Tired
1852,2020-01-03,19,Male,173.7,75.5,19408,900,7.1,106,Cycling,58,2.23,6,Tired
1041,2020-01-04,21,Male,179,45,13521,706.2,7.9,66,None,0,2.98,6,Tired
1355,2020-01-05,27,Female,178.5,89.9,6453,516.7,4.7,78,Yoga,44,1.58,2,Tired
1040,2020-01-06,56,Male,166.6,99.8,2827,297.7,6,89,None,0,1.7,7,Happy
1933,2020-01-07,41,Male,175.3,50.3,17923,900,7.3,70,Running,87,2.29,2,Happy
1033,2020-01-08,34,Male,174.6,85.8,17225,894.1,7.7,72,Cycling,51,1.54,9,Happy
1016,2020-01-09,23,Female,172.1,75.2,8202,526.7,5.8,80,Cycling,60,1.17,2,Happy
1676,2020-01-10,36,Male,168,62.5,5438,398.6,9.8,100,Gym,26,1.45,5,Neutral
1152,2020-01-11,22,Female,172.1,63.2,13139,716.3,7.7,81,Yoga,37,2.33,8,Happy
1997,2020-01-12,49,Female,189.7,79.8,12218,702.2,8.2,67,Walking,36,2.94,8,Happy
1377,2020-01-13,27,Female,167,69.4,13924,753.7,8.1,68,Walking,78,2.96,4,Happy
1587,2020-01-14,26,Female,182.1,45,7716,485.4,4.7,70,Walking,30,3.61,7,Tired
1598,2020-01-15,44,Female,163.8,101.1,17088,863.2,6.8,57,Walking,70,2.57,8,Tired
1628,2020-01-16,30,Female,161.2,76.5,7818,603.8,7,73,Running,26,2.67,8,Tired
1873,2020-01-17,36,Male,200,69.2,5286,511.3,6.6,75,Walking,46,2.32,5,Happy
1341,2020-01-18,38,Male,175.4,59.2,5739,406,7.3,75,None,0,2.36,10,Neutral
1980,2020-01-19,41,Male,175.7,67.2,3089,366,3.8,61,Gym,56,3.96,2,Neutral
1026,2020-01-20,55,Female,176,89,6605,422.8,7.2,78,Walking,24,2.68,2,Happy
1824,2020-01-21,21,Male,184.1,73.9,7822,496.5,6.5,65,Gym,81,2.74,5,Neutral
1286,2020-01-22,41,Female,174.1,75.6,4321,318.5,3.8,73,Cycling,74,1.7,4,Neutral
1645,2020-01-23,52,Female,178.2,51.3,12773,761.9,7.6,68,None,0,2.79,4,Happy
1730,2020-01-24,20,Female,159.4,64.8,19933,900,5.2,87,Yoga,75,2.96,3,Tired
1167,2020-01-25,21,Male,179.8,70.8,2216,322.4,6.4,68,Walking,70,3.28,9,Neutral
1609,2020-01-26,54,Female,167.6,80.4,5885,479.8,6.6,88,Gym,87,2.94,8,Tired
1267,2020-01-27,57,Female,176.7,63.8,13170,683.3,4.2,76,None,0,2.41,4,Happy
1748,2020-01-28,52,Male,152.8,83.9,9933,581.1,4.4,79,Gym,80,2.38,7,Tired
1820,2020-01-29,48,Male,176.3,52.8,10906,658.5,7.8,76,Yoga,52,2.45,8,Neutral
1454,2020-01-30,42,Female,150,71,13236,712.2,6.1,66,Cycling,74,2.58,6,Tired
1905,2020-01-31,57,Female,167.2,68.5,3797,355.4,6.4,79,Walking,37,3.39,2,Tired
1684,2020-02-01,30,Male,152.9,47.3,1818,232.7,7.1,71,Gym,31,3.25,8,Tired
1400,2020-02-02,21,Male,176.3,69.3,9434,643.8,4.4,78,Walking,40,3.03,3,Happy
1921,2020-02-03,31,Male,170.7,61.3,8926,604,6.4,81,None,0,3.92,4,Happy
1980,2020-02-04,30,Female,162.3,91.2,13717,810.5,6.8,94,Running,40,0.64,4,Happy
1475,2020-02-05,44,Male,184.3,63.8,13069,755.7,9.6,80,Gym,41,2.18,7,Happy
1701,2020-02-06,23,Male,161,75.3,1012,185.8,5.6,85,Cycling,74,2.49,8,Tired
1633,2020-02-07,34,Male,150,51.5,6894,451.8,8.2,82,None,0,2.03,9,Neutral
1557,2020-02-08,53,Female,175.1,73.5,8392,500.6,7,73,Yoga,60,1.85,1,Tired
1575,2020-02-09,57,Male,152.3,63.8,17102,871.2,5.3,82,Gym,24,1.3,1,Tired
1129,2020-02-10,52,Male,161.3,58.4,1689,320.4,6.1,74,Running,63,2.28,7,Tired
1821,2020-02-11,34,Male,164.8,112.5,12932,643.6,8.3,71,Yoga,35,3.13,4,Neutral
1362,2020-02-12,58,Male,155.8,64.7,12766,681.5,8.2,64,Cycling,54,3.04,10,Neutral
1704,2020-02-13,19,Male,165.1,66.8,14292,752,6.2,82,Walking,24,1.97,8,Neutral
1818,2020-02-14,30,Female,155.9,83.5,15863,768.8,7.5,69,Walking,81,2.65,5,Tired
1692,2020-02-15,19,Female,171.6,58.5,18386,900,5.4,81,Gym,45,3.45,1,Happy
1291,2020-02-16,45,Female,157.7,76,8408,519.2,6.7,75,Yoga,80,1.44,2,Happy
1370,2020-02-17,43,Male,170.3,77.7,11694,723.4,6.4,72,Running,70,2.39,10,Tired
1793,2020-02-18,39,Female,181.6,73.7,9142,551.9,8.4,66,Running,88,2.7,3,Happy
1028,2020-02-19,20,Female,177.8,104.4,2765,333.5,7.7,88,Cycling,75,2.51,2,Happy
1148,2020-02-20,52,Female,169.2,57.9,16237,855.2,6,71,None,0,3.1,9,Tired
1778,2020-02-21,29,Male,160.1,93.1,6778,347,6.1,91,Yoga,55,1.45,7,Tired
1295,2020-02-22,41,Male,171.6,77.1,3291,259.9,7,67,Yoga,43,1.8,2,Happy
1010,2020-02-23,22,Female,163,83.6,5866,453.8,6.8,90,Walking,49,2.98,7,Tired
1511,2020-02-24,37,Female,172,75.1,9429,594.1,6.6,76,Cycling,88,1.31,10,Happy
1675,2020-02-25,56,Male,152.8,98.2,11584,659.9,6.5,84,Cycling,67,3.07,1,Neutral
1112,2020-02-26,56,Male,178.1,65.2,12747,776.4,9.1,62,None,0,2.81,5,Neutral
1186,2020-02-27,30,Female,170.3,77.5,18968,900,6.3,62,Cycling,52,3.02,5,Tired
1806,2020-02-28,58,Male,192.1,89.6,2307,370.8,7.4,78,Yoga,88,2.17,9,Happy
1743,2020-02-29,29,Female,183.1,61.6,3085,200.4,10,65,Walking,69,2.86,4,Neutral
1226,2020-03-01,30,Male,175.7,85,17415,900,5.7,88,Cycling,42,1.68,4,Tired
1309,2020-03-02,27,Female,168.8,69.7,1291,221.3,7.3,79,Walking,29,2.21,6,Neutral
1097,2020-03-03,50,Female,162.7,51.5,4686,388.7,7.4,69,None,0,2.53,2,Neutral
1054,2020-03-04,57,Male,179.4,48.2,13579,802.5,7,66,Cycling,36,1.87,10,Tired
1622,2020-03-05,33,Female,167.7,68.6,2642,199.9,7.1,72,Yoga,72,2.65,6,Neutral
1663,2020-03-06,52,Female,181.7,84.9,9769,578.1,5.7,69,Walking,27,1.7,7,Tired
1757,2020-03-07,20,Female,174,45,4909,446.8,7.5,80,Gym,63,2.69,4,Tired
1405,2020-03-08,22,Male,174.1,73,18607,900,4.2,74,None,0,3.72,10,Neutral
1068,2020-03-09,43,Male,175.9,83.4,13268,776.4,9.7,87,Cycling,25,1.62,9,Neutral
1311,2020-03-10,28,Male,160.8,50.8,11844,707.6,9.6,81,Yoga,56,2.48,5,Happy
1288,2020-03-11,24,Female,159.8,60.5,9638,594,6.5,66,Walking,73,1.37,3,Neutral
1761,2020-03-12,27,Male,159.4,78.6,5373,444.9,8.6,71,Running,42,1.92,9,Happy
1547,2020-03-13,59,Female,180.5,82.7,12233,754.1,6.6,66,Yoga,76,2.99,1,Tired
1750,2020-03-14,51,Female,160.5,94.1,19963,900,7,66,Yoga,70,2.2,8,Neutral
1147,2020-03-15,20,Male,161.8,61.2,18806,900,6,57,Running,77,3.02,1,Neutral
1466,2020-03-16,25,Male,175.4,57.8,8558,498.3,8.2,84,Running,38,2.75,10,Tired
1738,2020-03-17,48,Female,167.5,94.8,14271,799.9,6.1,88,Gym,46,2.45,8,Neutral
1243,2020-03-18,28,Female,166.2,58.7,7745,534.3,8.2,65,Gym,44,1.78,5,Happy
1490,2020-03-19,24,Male,165.3,77.6,19993,900,6.9,64,Gym,40,2.98,7,Neutral
1848,2020-03-20,19,Male,150,102.7,7734,451.5,7,81,Yoga,44,2.71,8,Happy
1957,2020-03-21,23,Male,160.3,81.3,14860,848.1,4.8,67,Yoga,70,1.43,1,Neutral
1506,2020-03-22,58,Female,181.8,81.7,9250,526,7.1,88,Yoga,54,1.82,1,Neutral
1364,2020-03-23,49,Female,164.6,89.2,9650,703,5.3,68,Gym,89,0.56,7,Tired
1481,2020-03-24,37,Female,151,77.9,17487,855.1,7.1,54,Walking,69,1.54,1,Happy
1200,2020-03-25,51,Female,159.9,81.8,18125,866.7,9.9,74,Yoga,34,2.28,4,Tired
1153,2020-03-26,33,Female,173.6,64.9,10764,616,4.9,69,Yoga,43,1.76,6,Tired
1449,2020-03-27,42,Male,173.4,87.4,11893,728.1,6.8,76,Yoga,68,1.92,2,Tired
1500,2020-03-28,29,Male,167.1,76.2,13842,771.4,6,72,Gym,87,3.47,10,Happy
1072,2020-03-29,24,Female,163.1,47.8,5723,512.9,5.4,81,Cycling,26,3.22,5,Tired
1712,2020-03-30,56,Female,156,73.6,12604,689.1,5.8,79,Gym,73,2.01,10,Happy
1295,2020-03-31,34,Male,173.7,45,6203,423.6,9.2,78,Cycling,57,3.06,10,Happy
1016,2020-04-01,28,Male,178.4,80.7,3976,322.3,9.6,77,Gym,64,3.35,10,Neutral
1640,2020-04-02,23,Male,182.9,66.5,8426,510.7,5.4,75,Walking,28,2.93,6,Happy
1216,2020-04-03,40,Male,158.9,98.6,9619,514.9,7.6,61,Walking,74,2.71,5,Happy
1060,2020-04-04,44,Female,183.7,77.3,15702,795.6,5.6,79,Yoga,71,3.27,10,Neutral
1938,2020-04-05,23,Male,169.4,83.9,7486,438.9,6,82,Gym,68,3.04,8,Tired
1615,2020-04-06,55,Female,170.3,54.3,7490,535.5,3.9,78,Cycling,74,1.65,4,Neutral
1041,2020-04-07,19,Male,178.9,80.3,15114,878.6,10,73,Cycling,89,2.37,8,Neutral
1024,2020-04-08,39,Male,164.6,60.4,19328,900,8.6,81,Walking,22,2.11,3,Neutral
1038,2020-04-09,37,Male,150,86.4,6973,445.2,6,77,Yoga,87,3.31,7,Happy
1802,2020-04-10,42,Female,177,53.2,14447,815.1,7.4,82,Cycling,57,2.09,5,Neutral
1130,2020-04-11,32,Female,173.5,71.6,16858,872.4,6.4,74,Gym,89,1.97,5,Happy
1497,2020-04-12,46,Male,166.4,52.6,14171,817.6,8.4,61,Yoga,68,3.22,6,Happy
1228,2020-04-13,25,Female,176.2,71.9,17317,845.4,6.5,73,None,0,2.68,5,Happy
1107,2020-04-14,54,Female,178.3,100.3,6521,417,6.7,66,Gym,64,3.98,1,Happy
1171,2020-04-15,50,Male,154.9,80.8,13891,791.9,6,70,Gym,48,1.9,9,Tired
1434,2020-04-16,39,Male,170.2,69.5,17795,900,7.9,76,Walking,68,2.14,4,Happy
1477,2020-04-17,22,Female,150,45,11687,713.8,10,85,Gym,43,3.29,5,Happy
1101,2020-04-18,56,Female,168.8,62,1246,206.9,6.6,82,Running,40,1.6,1,Neutral
1865,2020-04-19,35,Female,166.3,77.1,12009,702,6.6,77,Yoga,42,3.42,3,Neutral
1523,2020-04-20,55,Male,174.9,62.3,3171,354.2,7,87,Running,47,1.65,3,Happy
1274,2020-04-21,54,Male,159.3,91.4,12523,624.1,7.4,75,Gym,51,2.93,8,Tired
1612,2020-04-22,47,Female,165.8,71.1,16528,860.9,6.6,77,Gym,41,1.21,8,Tired
1043,2020-04-23,48,Male,150,86.2,16276,750.2,6.4,71,Walking,81,2.53,9,Neutral
1954,2020-04-24,27,Male,175.6,73.1,8457,611.8,7.1,64,Walking,86,1.54,10,Tired
1816,2020-04-25,32,Female,169.1,65.9,3060,256.5,4.4,81,None,0,3.85,7,Neutral
1956,2020-04-26,59,Female,170.9,62.9,4334,363.9,6.2,59,Walking,84,1.75,6,Tired
1016,2020-04-27,35,Male,155.1,54.8,14087,763.2,4,66,None,0,1.92,8,Tired
1329,2020-04-28,40,Male,174,86.4,1944,229.7,6.3,77,Walking,70,2.87,3,Tired
1568,2020-04-29,50,Female,186.5,63.6,6361,546.9,5.6,67,None,0,2.08,10,Neutral
1822,2020-04-30,33,Male,168.2,77.8,15638,790.9,7.9,75,Cycling,76,2.99,10,Neutral
1496,2020-05-01,55,Male,176.5,62.1,6284,437.9,5.9,76,Walking,74,2,10,Happy
1814,2020-05-02,52,Female,161.3,53.8,10244,575.3,6.5,69,Gym,61,1.95,8,Happy
1011,2020-05-03,51,Female,169.2,78.3,11916,641.7,3.8,76,None,0,2.48,3,Tired
1317,2020-05-04,45,Male,154.7,58.8,10509,614.9,8.5,75,Gym,80,1.65,2,Tired
1591,2020-05-05,19,Male,177.9,64,13764,785.7,5.4,64,None,0,2.78,9,Tired
1215,2020-05-06,47,Male,171.6,51.3,15891,843.6,6.3,80,Yoga,20,3.11,1,Neutral
1338,2020-05-07,30,Female,157.8,62.6,15003,762.2,8.2,55,None,0,2.89,10,Tired
1775,2020-05-08,58,Male,162,70.4,10866,634.3,8.2,94,Running,82,2.95,10,Happy
1990,2020-05-09,33,Male,170.6,65.7,1333,185,5.3,80,None,0,1.15,2,Tired
1660,2020-05-10,22,Female,179.2,82.3,10456,677.4,7.8,85,None,0,2.18,7,Happy
1080,2020-05-11,45,Female,184.8,72.2,12369,669.5,5.3,82,Cycling,69,2.34,1,Tired
1726,2020-05-12,56,Male,168.7,116.3,14218,746.1,7.3,75,Cycling,33,3.52,5,Tired
1484,2020-05-13,37,Female,156.4,76.4,5656,328.9,5.8,67,Yoga,36,2.09,9,Tired
1373,2020-05-14,41,Female,172.4,45,13410,711.1,5.5,75,Yoga,49,0.89,9,Happy
1975,2020-05-15,44,Male,187.8,66.8,3665,430.7,7.1,83,Walking,70,1.8,4,Happy
1709,2020-05-16,47,Female,153.8,68.1,8131,555.8,5.9,67,Yoga,81,2.04,10,Neutral
1199,2020-05-17,44,Female,160.5,60.8,5935,492.8,10,77,Cycling,43,0.99,2,Happy
1536,2020-05-18,43,Male,176.1,71.1,1415,262.4,6.1,57,Running,82,3.18,9,Tired
1465,2020-05-19,24,Female,171.5,60.3,1707,137.3,5.2,67,None,0,1.4,4,Happy
1088,2020-05-20,59,Male,164.5,75,3684,350.8,5.7,66,Running,53,2.81,3,Tired
1267,2020-05-21,55,Male,172.2,45,8494,549.8,7,92,Cycling,78,1.74,3,Tired
1654,2020-05-22,22,Female,179.8,87.2,7180,532,7.2,62,Walking,84,3.55,7,Happy
1570,2020-05-23,40,Female,169,46.3,15011,798.6,7.5,79,Running,52,2.31,2,Neutral
1921,2020-05-24,45,Female,168.1,66,3559,303.8,8.4,91,None,0,2.16,5,Happy
1488,2020-05-25,51,Male,175.9,59,9137,560.5,4.5,85,None,0,2.87,2,Happy
1876,2020-05-26,32,Female,167.3,74.6,4971,381.7,8.4,90,Running,31,1.79,7,Tired
1537,2020-05-27,49,Male,181.4,67.3,3957,384.5,5.6,92,Walking,85,2.9,7,Happy
1046,2020-05-28,43,Female,190.3,73.8,19113,900,7.6,76,Running,21,2.16,3,Neutral
1287,2020-05-29,48,Female,161.1,86.7,11093,594.2,9.6,80,Gym,89,2.08,3,Tired
1777,2020-05-30,36,Female,157.5,81.5,13951,786.4,5.8,77,Cycling,47,2.44,8,Happy
1015,2020-05-31,26,Male,173.7,70.5,1026,204.1,5.7,80,Running,61,1.74,7,Neutral
1710,2020-06-01,46,Female,157.1,76.9,3583,327.5,5.5,79,Running,22,2.37,4,Tired
1400,2020-06-02,56,Female,157,99.4,4055,339,6.5,92,Walking,67,2.74,2,Neutral
1918,2020-06-03,21,Male,150,82.1,7801,523.9,8.9,78,Running,32,0.88,3,Neutral
1793,2020-06-04,20,Male,166.2,65.6,2658,237.8,5.3,65,Walking,76,3.26,3,Tired
1980,2020-06-05,46,Female,169.7,89.2,4951,399.6,6.3,81,Cycling,22,3.07,5,Happy
1085,2020-06-06,28,Female,164.8,75.9,8299,586,8.5,82,Gym,82,1.2,7,Neutral
1249,2020-06-07,50,Female,183.9,55.6,10933,642.1,7.9,67,Yoga,57,1.09,4,Tired
1390,2020-06-08,55,Male,183.2,67.3,13279,697.8,6.3,66,Cycling,78,3.09,1,Happy
1781,2020-06-09,28,Male,189.3,47.9,5137,387.2,6.7,85,Running,47,3.04,3,Neutral
1334,2020-06-10,44,Male,170.5,45,12423,711.7,8.4,70,Gym,45,2.94,3,Tired
1628,2020-06-11,50,Male,181.8,55.8,2714,336.6,9.4,71,Yoga,84,1.5,1,Neutral
1518,2020-06-12,38,Female,173.1,71.8,12388,770.7,9.6,70,Yoga,80,3.78,8,Happy
1136,2020-06-13,56,Male,172.1,71.9,4347,292.6,9.1,77,None,0,1.97,4,Happy
1882,2020-06-14,48,Male,165.3,48.8,2986,332.6,6,86,None,0,2.67,5,Happy
1687,2020-06-15,55,Male,150,45,4544,391,9.7,82,Running,51,2.68,3,Tired
1839,2020-06-16,19,Female,176.4,92.1,18085,900,5.9,70,None,0,3.62,4,Happy
1497,2020-06-17,44,Female,181.5,71.4,10646,643.6,4.5,88,Yoga,46,2.59,1,Happy
1826,2020-06-18,53,Male,154.7,93.3,4786,380,7.2,84,Yoga,32,2.79,4,Tired
1726,2020-06-19,28,Male,169.9,92.5,15415,766.7,9.2,85,Cycling,36,2.45,2,Happy
1476,2020-06-20,35,Female,179.9,81,19855,900,8,85,None,0,1.66,10,Happy
1593,2020-06-21,18,Female,166.4,70.9,15284,843.8,6.9,70,None,0,0.88,6,Happy
1222,2020-06-22,52,Female,181.9,64,7659,504,7.4,66,Cycling,55,2.52,2,Tired
1989,2020-06-23,52,Female,168.6,80.8,4044,414.7,7.8,72,Yoga,66,1.51,9,Happy
1371,2020-06-24,48,Female,164.7,67.6,4883,383.5,7.2,85,Walking,85,2.75,2,Neutral
1934,2020-06-25,45,Female,182.5,61.2,16351,877.1,6.6,63,Running,51,2.6,4,Tired
1994,2020-06-26,56,Female,160.7,45,19204,889.1,5.9,62,Walking,51,2.59,4,Neutral
1401,2020-06-27,18,Female,162.8,68.8,16762,900,7.2,57,Walking,89,1.76,1,Tired
1442,2020-06-28,42,Male,161,86.5,19847,900,6.8,62,Yoga,74,3.23,7,Tired
1489,2020-06-29,55,Male,158.6,88.9,4371,350.4,7,67,Running,59,2.83,1,Tired
1614,2020-06-30,37,Male,171.5,70.8,9527,567.8,8.6,76,Walking,47,1.67,8,Neutral
1272,2020-07-01,20,Male,164.9,56.7,11116,597.2,6.6,63,Cycling,50,3.95,3,Happy
1525,2020-07-02,19,Male,174.9,83.5,3788,293.1,6.7,82,Cycling,50,2.35,8,Happy
1158,2020-07-03,35,Male,152.7,69.8,5125,407.1,7.3,75,Running,45,1.57,8,Happy
1151,2020-07-04,27,Female,158.8,64.5,4606,389.9,10,55,Walking,23,1.97,10,Happy
1994,2020-07-05,22,Female,170.5,48.2,18924,900,5.4,75,Gym,77,1.44,10,Tired
1619,2020-07-06,26,Male,184.7,101.6,9766,588.9,8.6,76,None,0,3.45,5,Tired
1187,2020-07-07,19,Male,173.8,81.1,1220,244.6,6.6,94,Gym,88,3.26,3,Neutral
1812,2020-07-08,51,Female,164.1,82.7,11205,588,6.9,77,Running,79,3.02,9,Happy
1097,2020-07-09,55,Female,155.1,57.1,11833,649,5,57,None,0,2.89,1,Tired
1130,2020-07-10,48,Female,163.5,71.2,1753,278.2,9.8,77,Running,45,3.37,1,Happy
1804,2020-07-11,27,Male,169.6,68.8,14875,768.1,7.3,77,Gym,86,2.33,2,Happy
1170,2020-07-12,29,Female,150,81.7,8488,554.1,8,81,Walking,87,2.8,10,Neutral
1935,2020-07-13,53,Male,157.9,90.4,8206,521.5,4.8,101,Walking,74,1.93,6,Tired
1985,2020-07-14,38,Male,162.6,48.5,10680,620.1,6,70,Yoga,66,2.39,2,Happy
1182,2020-07-15,23,Female,167.4,53.9,8938,567.9,7.6,68,None,0,2.82,4,Neutral
1982,2020-07-16,20,Female,169.5,79.7,19345,900,6.8,80,Running,35,0.5,6,Neutral
1363,2020-07-17,27,Male,163.9,62.4,6958,513.7,7.7,93,Walking,77,2.07,2,Happy
1038,2020-07-18,22,Female,175.1,82.2,16770,900,10,82,Gym,20,2.62,4,Happy
1526,2020-07-19,43,Female,171.2,64.4,7635,548.6,7.8,72,None,0,2.45,7,Neutral
1887,2020-07-20,38,Male,166.3,51.3,9629,511.1,6.3,85,Gym,25,2.18,1,Neutral
1496,2020-07-21,43,Female,176.4,45,18166,872.4,6,93,Cycling,71,2.91,9,Happy
1515,2020-07-22,55,Male,175.6,77.3,13869,741,5.9,67,Walking,38,2,10,Happy
1348,2020-07-23,43,Male,155.5,77.6,17603,866,6.4,65,Yoga,62,1.64,10,Neutral
1981,2020-07-24,25,Female,169.7,84.6,10219,628.3,6.4,76,Yoga,38,3.33,7,Tired
1920,2020-07-25,22,Male,178.9,74.9,9029,586,7.2,78,None,0,3.23,9,Neutral
1396,2020-07-26,32,Male,180.6,45,17272,866.7,7.8,89,Running,51,2.08,7,Neutral
1721,2020-07-27,33,Female,173.7,77.6,17673,900,7.7,70,Cycling,84,2.45,1,Tired
1160,2020-07-28,18,Female,167.7,48.1,17763,900,7.2,79,None,0,3.09,7,Happy
1015,2020-07-29,33,Female,174.2,45,13165,636,7.3,91,Gym,32,2.53,9,Neutral
1492,2020-07-30,54,Male,178.1,45,12043,610.3,10,77,Gym,55,2.87,8,Happy
1425,2020-07-31,20,Male,171.2,45,10570,677.7,5.9,71,Running,89,2.83,4,Tired
1107,2020-08-01,48,Female,172.3,74.2,7886,558.9,6.9,81,Yoga,46,2.28,5,Neutral
1893,2020-08-02,30,Male,167.5,59,2958,343.5,4.3,72,Yoga,43,2.86,3,Happy
1449,2020-08-03,33,Female,156.6,47.2,11319,653.3,6.4,78,Gym,39,1.82,10,Happy
1310,2020-08-04,38,Female,168.3,70.3,3183,322.2,5.7,73,Running,28,2.78,10,Happy
1738,2020-08-05,19,Male,163.2,53.4,4774,417.8,5.9,74,None,0,2.45,2,Happy
1169,2020-08-06,44,Female,163.3,84.7,15272,819.7,5.2,71,Walking,20,2.25,3,Happy
1545,2020-08-07,55,Male,184.3,91.8,1777,336.5,5,69,None,0,1.63,7,Happy
1413,2020-08-08,43,Male,179.5,66.7,3566,308.6,7.2,85,Cycling,20,2.59,8,Neutral
1250,2020-08-09,55,Female,153.1,90.7,11095,644.7,8.1,77,Yoga,63,2.53,2,Neutral
1758,2020-08-10,42,Male,159.2,90.6,11953,722.6,5.8,88,None,0,1.91,9,Tired
1780,2020-08-11,28,Female,166.4,71.3,8404,544.4,4,52,Yoga,36,1.38,4,Happy
1140,2020-08-12,25,Male,163.6,96,1078,276.8,7.2,70,Yoga,85,1.35,2,Tired
1273,2020-08-13,25,Male,173.2,60.7,2581,336.2,7.7,68,Walking,42,2.32,7,Neutral
1415,2020-08-14,50,Male,157.6,45,15066,781.4,8,72,Walking,60,2.71,2,Tired
1607,2020-08-15,24,Female,179.6,46.7,8967,507.6,5.5,65,None,0,3.79,7,Neutral
1738,2020-08-16,55,Male,169.6,60,8839,516.2,6.1,59,Cycling,44,2.47,8,Neutral
1890,2020-08-17,38,Female,166.6,78,3162,272.3,5.3,82,Yoga,36,1.36,9,Tired
1038,2020-08-18,25,Male,169.9,52.7,18869,862,5.9,69,Gym,38,2.36,1,Neutral
1813,2020-08-19,38,Male,165.8,59.9,14913,851.1,5.8,81,Yoga,65,3.38,2,Neutral
1028,2020-08-20,37,Female,150,51.3,1964,184.3,6.2,63,Cycling,54,2.02,2,Tired
1957,2020-08-21,25,Female,170.1,60.2,11739,762.6,6.6,59,None,0,3.28,7,Tired
1476,2020-08-22,48,Female,166.8,90.1,3673,320.5,7.2,77,Cycling,63,2.62,6,Happy
1317,2020-08-23,46,Female,160.5,75.4,6293,437.8,5.7,81,Gym,28,2.95,9,Tired
1244,2020-08-24,26,Female,181,61.3,2718,233,6.8,69,Walking,51,3.8,3,Neutral
1747,2020-08-25,32,Male,176.7,88.3,11624,684.2,5.6,65,Gym,78,1.21,8,Happy
1696,2020-08-26,47,Male,194.4,70.4,2228,276.1,4.4,87,Cycling,61,3.13,5,Neutral
1271,2020-08-27,43,Female,178.3,72,11602,667.1,7.8,74,Gym,81,2.43,5,Tired
1439,2020-08-28,27,Male,163.6,87.1,2840,274.2,6,65,Yoga,38,1.84,10,Neutral
1747,2020-08-29,46,Male,160.9,64.9,17881,900,4.4,60,Cycling,54,2.43,5,Tired
1238,2020-08-30,33,Male,165.1,83.7,17920,875.6,7.8,68,None,0,3.68,8,Tired
1376,2020-08-31,53,Female,163.3,82.7,8124,528.9,6.6,71,Walking,62,3.43,7,Tired
1265,2020-09-01,37,Male,171.1,67.8,10356,637.3,7.7,83,Walking,64,1.1,7,Happy
1925,2020-09-02,54,Male,154.6,49.1,19355,900,7.6,75,Gym,25,1.96,4,Tired
1920,2020-09-03,39,Male,176.5,70.2,8587,583.8,5.4,74,Gym,32,3.16,6,Neutral
1358,2020-09-04,24,Female,170.9,87.1,4527,385.6,8.4,66,Gym,30,2.48,1,Happy
1339,2020-09-05,40,Male,175.3,82.3,1299,251.6,4.3,89,None,0,2.49,6,Happy
1388,2020-09-06,58,Male,158.6,95.7,19770,900,6.4,85,Yoga,88,1.4,5,Happy
1576,2020-09-07,57,Female,172.5,62.6,13590,781.9,6.3,84,Walking,26,1.98,1,Neutral
1989,2020-09-08,46,Female,183,81.7,4963,361.3,5.8,74,Cycling,74,1.55,1,Tired
1688,2020-09-09,33,Male,161.4,54.9,5687,472.6,8.8,79,Cycling,74,1.34,3,Happy
1002,2020-09-10,55,Male,161.1,73,5171,360,7.5,50,Walking,38,1.62,4,Tired
1428,2020-09-11,45,Female,177.1,86.6,14067,785.5,4.9,77,None,0,1.85,1,Tired
1141,2020-09-12,55,Female,160.3,83.6,4695,414.9,5.1,94,Gym,28,1.97,10,Neutral
1375,2020-09-13,48,Female,167.7,71.5,10112,570.9,10,69,Running,39,1.91,7,Happy
1669,2020-09-14,31,Female,184.8,66,8242,452.6,6.3,65,Gym,44,3.21,2,Neutral
1323,2020-09-15,50,Female,161.3,55.1,10941,624.4,5.8,74,None,0,1.86,4,Happy
1145,2020-09-16,26,Female,185.4,66.6,3700,216.5,8.7,66,Walking,69,3.5,9,Happy
1957,2020-09-17,44,Female,166.6,50.3,18389,900,4.3,66,Yoga,57,2.16,8,Tired
1292,2020-09-18,41,Male,158.8,64.9,19085,900,9.1,78,Gym,85,2.81,2,Tired
1664,2020-09-19,30,Female,176,45,14339,900,5.8,83,Cycling,76,2.83,9,Happy
1431,2020-09-20,43,Female,171.1,50.2,16834,900,7.8,78,Yoga,41,1.87,1,Happy
1704,2020-09-21,46,Male,170.1,82.8,12084,687,6.3,64,Walking,75,2.27,6,Tired
1948,2020-09-22,45,Female,162.3,81.1,4162,433.1,4.6,68,Running,55,2.15,3,Happy
1974,2020-09-23,45,Female,171,65.7,9306,607.5,7.3,78,Gym,70,2.76,1,Happy
1584,2020-09-24,25,Male,150,71,14137,707.3,8.4,82,Yoga,87,2.41,8,Happy
1398,2020-09-25,40,Female,172.2,73,3137,294.2,3.5,73,Yoga,20,1.98,6,Neutral
1816,2020-09-26,46,Male,183,76.9,17414,900,5.3,66,Cycling,67,2.58,4,Happy
1888,2020-09-27,22,Male,152.3,75.3,6948,429.9,8.9,83,Gym,52,2.74,3,Happy
1343,2020-09-28,59,Male,165.9,49.9,15693,847.5,7.6,93,Running,43,3.8,10,Tired
1963,2020-09-29,24,Male,161.3,45,17099,900,7.7,86,Yoga,68,2.55,2,Tired
1139,2020-09-30,59,Female,154.9,54.7,17210,875.4,8.4,95,Cycling,88,2.51,5,Neutral
1186,2020-10-01,53,Male,150,67.7,19189,900,7.7,69,Gym,77,2.8,8,Tired
1804,2020-10-02,58,Male,158.2,84.4,4569,424.3,7.2,85,Gym,67,1.84,8,Happy
1060,2020-10-03,44,Female,167.6,73.5,13977,798.3,8.7,88,Running,76,1.29,3,Neutral
1996,2020-10-04,19,Male,181.5,78,12620,727.2,6.4,70,Cycling,83,2.28,9,Happy
1938,2020-10-05,42,Male,154.8,56.5,1456,257.6,7,67,Running,72,3.25,10,Happy
1379,2020-10-06,26,Male,172.9,68.9,17832,900,8.2,65,Yoga,79,3.36,5,Happy
1709,2020-10-07,44,Male,172.2,71,1067,141.6,5.9,74,None,0,1.18,7,Neutral
1806,2020-10-08,18,Female,186.7,58.7,2862,388.3,9.1,60,Walking,60,2.97,9,Tired
1439,2020-10-09,40,Male,175.7,54,19186,900,7.4,92,Walking,45,0.97,7,Tired
1318,2020-10-10,27,Female,176.3,66.6,13754,713.4,5.3,62,Running,78,2.82,10,Tired
1301,2020-10-11,59,Female,177,79.9,12623,734.9,6.7,79,Running,68,2.78,3,Happy
1343,2020-10-12,42,Male,160.8,56.4,8554,570.7,4.9,52,None,0,1.29,2,Neutral
1010,2020-10-13,20,Male,164.3,66.9,9319,523.9,7.1,95,None,0,3.2,7,Tired
1061,2020-10-14,23,Male,181.2,90.3,6895,479.2,6.4,87,None,0,3.72,10,Neutral
1844,2020-10-15,23,Male,150,62.2,14020,762.7,5.7,59,None,0,2.46,8,Neutral
1225,2020-10-16,19,Female,163.2,70.1,13202,726.7,4.3,78,Walking,76,2.6,4,Happy
1152,2020-10-17,35,Female,156.7,68.4,6515,541.8,5.8,73,Yoga,59,3.54,1,Neutral
1710,2020-10-18,40,Female,172.3,67.2,1367,253.7,6.7,77,None,0,1.71,6,Tired
1563,2020-10-19,19,Male,165.8,95,16640,859.1,6.4,81,None,0,1.73,9,Tired
1771,2020-10-20,29,Female,176.3,74.6,16461,824.4,4.9,67,Running,43,1.91,4,Neutral
1570,2020-10-21,39,Male,168.9,46.4,15897,794.6,7,74,None,0,2.53,3,Neutral
1583,2020-10-22,54,Male,154.5,92.9,1058,261.9,5.5,57,Yoga,65,2.52,6,Neutral
1659,2020-10-23,37,Male,155,74.1,9294,548.3,8.4,76,Yoga,87,2.11,6,Neutral
1860,2020-10-24,56,Male,169.9,64.4,5507,410.9,8.6,54,Cycling,73,2.29,4,Tired
1574,2020-10-25,41,Male,162.3,90.2,18169,900,6.6,88,Yoga,52,2.12,7,Tired
1309,2020-10-26,37,Female,164.7,58.3,15752,833.3,9.4,60,None,0,2.16,2,Happy
1884,2020-10-27,18,Female,179.4,95.7,16475,865.7,6.8,78,Gym,54,1.96,1,Neutral
1242,2020-10-28,18,Male,177.6,71.4,13137,732,5,83,None,0,1.97,6,Tired
1492,2020-10-29,34,Female,188,85.1,15334,844.6,8.8,94,Walking,66,1.1,3,Neutral
1365,2020-10-30,18,Male,166.8,116,19830,900,9.4,93,Walking,24,2.34,3,Tired
1329,2020-10-31,47,Male,163.6,72.7,16114,900,8.5,89,Running,56,1.13,1,Happy
1106,2020-11-01,58,Male,174.2,68.5,17035,863.3,5.9,75,Running,20,3.03,2,Tired
1225,2020-11-02,20,Female,164.4,54,19749,900,5.1,86,Cycling,75,2.11,3,Tired
1824,2020-11-03,28,Male,164.7,68.2,5701,375.4,6.5,78,None,0,2.42,1,Happy
1217,2020-11-04,41,Male,168,54.5,8417,508.4,10,79,Cycling,83,2.24,8,Neutral
1936,2020-11-05,39,Female,186.5,67.2,10558,657.7,5.2,69,Gym,27,2.33,6,Tired
1752,2020-11-06,43,Female,177,113.4,12057,716.1,8.2,92,Running,83,3.38,9,Happy
1505,2020-11-07,30,Female,178.1,71.8,10214,638.6,6.9,67,Walking,76,1.55,1,Happy
1258,2020-11-08,18,Male,186.1,61.7,12322,663.4,8.4,64,Gym,47,1.36,4,Happy
1887,2020-11-09,41,Male,179,66.9,16886,846.3,5.1,79,Running,45,2.58,4,Tired
1773,2020-11-10,27,Female,158.7,63.8,12036,688,6.6,57,Gym,53,2.15,5,Neutral
1516,2020-11-11,52,Male,178.9,85.7,15060,789.8,5.7,76,None,0,2.75,2,Tired
1772,2020-11-12,41,Female,180.1,68.6,18873,900,5.7,91,Yoga,39,3,1,Tired
1053,2020-11-13,45,Female,176.5,94.1,14607,770.4,8.1,79,Yoga,33,1.73,9,Tired
1046,2020-11-14,53,Male,168,65.3,3334,318,5.3,75,Gym,42,2.92,5,Happy
1726,2020-11-15,33,Male,175.5,66.2,17096,802.5,7.4,67,Running,86,1.78,8,Neutral
1688,2020-11-16,57,Female,169.8,56.5,1202,291.8,7.1,60,Yoga,38,2.55,3,Tired
1520,2020-11-17,33,Female,160.2,64.2,1230,265.3,5.6,84,Yoga,58,1.63,4,Neutral
1098,2020-11-18,34,Female,162.7,45,12320,578.5,5.9,75,Gym,56,2.59,4,Tired
1019,2020-11-19,32,Female,177,45,12683,729.6,7.5,81,Yoga,20,2.49,6,Neutral
1889,2020-11-20,33,Male,160.9,79.4,3962,338.4,7,53,None,0,1.73,4,Happy
1752,2020-11-21,32,Female,161.9,45,3327,371.9,7.1,82,Walking,34,1.55,5,Neutral
1572,2020-11-22,51,Female,177.5,76.1,3784,346.1,6.7,95,Yoga,20,3.03,5,Happy
1890,2020-11-23,28,Female,171.3,62.5,14485,739.2,6.6,88,None,0,2.18,8,Happy
1489,2020-11-24,18,Male,175.8,84.1,1803,358.6,7,78,Gym,71,3.21,9,Neutral
1418,2020-11-25,32,Male,157.7,45,13553,820.7,9.2,65,Yoga,62,2.12,8,Tired
1689,2020-11-26,43,Female,175.5,79,15582,814,7.8,76,Yoga,65,3.41,5,Tired
1849,2020-11-27,21,Male,163.4,75,12093,702.4,6.8,77,Cycling,69,1.84,6,Tired
1061,2020-11-28,22,Male,159.8,75.4,7396,472.9,5.4,70,Gym,39,3.53,4,Tired
1144,2020-11-29,52,Male,164.9,86.9,15810,747.1,6.4,71,Gym,81,2.62,2,Neutral
1215,2020-11-30,30,Female,183.6,71.1,17559,900,5.6,96,None,0,2.78,5,Tired
1002,2020-12-01,27,Female,166.4,45,10636,585.6,5.8,65,Cycling,24,1.8,1,Tired
1159,2020-12-02,28,Male,192,76.7,16306,900,4.2,71,Cycling,85,3.01,1,Happy
1738,2020-12-03,35,Female,150,74.8,13195,762.7,7,81,None,0,3.03,1,Neutral
1997,2020-12-04,51,Female,154.5,66.3,6691,482,10,97,Walking,76,2.27,4,Happy
1780,2020-12-05,56,Male,183.2,57.4,4532,379.2,7.3,72,Yoga,79,1.01,5,Happy
1119,2020-12-06,58,Male,185.8,64.6,17223,900,8.1,57,Running,74,1.72,4,Tired
1892,2020-12-07,59,Female,161.4,91.9,18927,900,8.4,54,Running,85,1.72,6,Tired
1088,2020-12-08,40,Male,170.7,56.2,11346,720.6,6.6,100,Cycling,46,2.81,2,Neutral
1328,2020-12-09,24,Female,177.1,45,14482,786.4,6.7,56,Gym,47,2.17,5,Happy
1579,2020-12-10,56,Female,167.7,48,6456,533,4.9,76,Gym,56,2.19,6,Tired
1909,2020-12-11,20,Male,171.5,69.5,4413,370.4,7.3,60,None,0,2.1,5,Happy
1356,2020-12-12,29,Female,170.1,95.1,8085,530.5,7.1,67,Walking,70,3.53,6,Tired
1609,2020-12-13,24,Female,155.2,103.1,10332,626.5,5.7,69,Running,32,2.53,8,Tired
1266,2020-12-14,43,Male,166.6,79.8,5807,461.1,8.7,55,None,0,2.64,2,Tired
1616,2020-12-15,50,Male,170.1,55.3,8386,626,5.8,87,None,0,2.07,7,Tired
1951,2020-12-16,54,Male,171,56.9,2940,295.7,10,79,Gym,20,2.48,6,Neutral
1322,2020-12-17,32,Female,152.7,83.1,1656,259.8,7.6,71,Walking,44,1.82,10,Happy
1634,2020-12-18,19,Male,177.5,90,3503,339.2,7,69,Walking,45,2.74,8,Happy
1987,2020-12-19,58,Male,171.3,60.4,18042,805.9,9.9,86,Cycling,32,1.7,9,Neutral
1540,2020-12-20,24,Male,159.4,91.4,12030,653.5,3.6,76,Running,38,3.02,8,Neutral
1648,2020-12-21,49,Male,188,66.6,14138,741,6.6,96,Walking,29,1.99,5,Neutral
1194,2020-12-22,21,Female,166.5,80.7,15601,900,6.3,71,Walking,64,3.16,4,Tired
1920,2020-12-23,37,Female,167.2,87.2,16646,878.8,6.7,79,Walking,34,3.84,3,Tired
1737,2020-12-24,53,Male,176.4,47.8,11645,690.5,7.3,63,Running,50,2.5,10,Happy
1331,2020-12-25,49,Female,188.8,76.8,15628,751.7,6.7,71,Cycling,27,3.42,9,Neutral
1169,2020-12-26,45,Male,176.8,91.4,7498,496.8,9.1,85,Yoga,49,3.03,7,Happy
1520,2020-12-27,30,Male,178.3,61.6,14789,838.4,7.7,87,Gym,20,1.5,1,Neutral
1462,2020-12-28,18,Female,160,54.2,13195,853.6,7.7,93,None,0,2.58,3,Happy
1039,2020-12-29,52,Female,170.9,77.4,19722,900,7.7,79,None,0,2.85,3,Neutral
1536,2020-12-30,47,Male,164.7,72,17494,809,5.1,87,Running,46,2.92,6,Neutral
1260,2020-12-31,53,Male,177,65.1,2718,270,7.3,81,Running,59,2.62,2,Tired
1394,2021-01-01,42,Female,178,70,1125,206.4,7.4,71,None,0,2.62,4,Happy
1954,2021-01-02,33,Male,186.3,45,17046,843.7,5.3,60,Running,89,2.5,2,Tired
1225,2021-01-03,36,Female,150,76.1,6917,522.1,8.3,73,Yoga,76,2.59,5,Tired
1983,2021-01-04,18,Male,163.7,93.9,11394,672.9,3.9,64,Gym,67,1.64,4,Happy
1123,2021-01-05,22,Male,183,59.3,18988,900,10,86,Gym,59,2.33,4,Tired
1974,2021-01-06,39,Female,156,57.6,8590,614.4,6.9,86,Walking,58,1.48,4,Neutral
1037,2021-01-07,41,Female,178.1,72.6,3082,417.9,5.7,65,None,0,2.15,4,Neutral
1327,2021-01-08,54,Female,181.3,112.7,13134,640.1,7.9,86,None,0,2.09,5,Neutral
1250,2021-01-09,53,Female,169.7,86.5,16058,900,7.9,63,None,0,2.04,2,Neutral
1900,2021-01-10,53,Female,155.8,68.6,15301,803.5,10,89,Walking,42,1.76,6,Tired
1175,2021-01-11,21,Female,168.8,70.6,6093,396.6,9.7,73,None,0,2.69,1,Happy
1601,2021-01-12,53,Female,184.6,88,1284,178.6,5,80,Cycling,81,2.28,10,Tired
1913,2021-01-13,35,Male,185.4,56.4,6566,440,6.6,89,Running,53,2.21,2,Happy
1453,2021-01-14,33,Male,172.1,79.2,11757,644.2,5.6,81,Cycling,36,1.51,3,Happy
1036,2021-01-15,58,Male,160.2,53.2,9218,576.1,8.1,74,Running,67,2.29,2,Tired
1315,2021-01-16,35,Female,187.4,83.9,19658,900,9.1,84,Gym,72,3.3,3,Tired
1687,2021-01-17,39,Female,178.2,65.6,4972,373.5,5,65,None,0,3.31,8,Neutral
1972,2021-01-18,19,Female,160.9,73,14679,716.8,6.9,56,Cycling,30,2.76,3,Happy
1795,2021-01-19,38,Male,173.4,64.6,12573,686.4,6.1,86,Gym,34,2.29,10,Happy
1964,2021-01-20,53,Female,173,80.5,5113,456.6,8.3,62,Walking,30,2.89,1,Happy
1972,2021-01-21,56,Female,163.6,67.4,15378,802.7,7.6,84,None,0,2.03,8,Neutral
1592,2021-01-22,56,Male,173.5,102.4,11328,685.7,8.8,76,Gym,66,2.29,8,Happy
1113,2021-01-23,46,Female,181.1,91.3,18673,900,6.4,75,Yoga,27,1.98,7,Happy
1039,2021-01-24,43,Male,167,50.4,11373,658,6.8,66,Cycling,24,3.14,4,Neutral
1300,2021-01-25,38,Male,182.1,72.9,19895,900,7.6,70,None,0,3.05,5,Tired
1223,2021-01-26,34,Female,152.4,81,6720,420.4,6.6,75,None,0,2.48,10,Neutral
1317,2021-01-27,33,Female,192.2,63.1,18539,889.5,7.4,77,Running,40,3.71,6,Neutral
1348,2021-01-28,48,Female,170.6,88.2,6153,400.7,8.9,66,Gym,31,2.79,6,Tired
1114,2021-01-29,26,Male,180.7,86.4,7226,506.3,10,82,None,0,2.75,7,Happy
1697,2021-01-30,48,Male,172.2,68.7,3976,361.7,6.3,83,None,0,2.67,4,Tired
1322,2021-01-31,31,Male,161.8,84.7,6251,485.5,10,80,Cycling,29,1.62,8,Happy
1567,2021-02-01,54,Female,169.6,45,4499,376.2,6.2,71,Running,35,1.87,2,Neutral
1039,2021-02-02,19,Female,150.9,90.4,17587,893.7,8.3,84,None,0,2.46,9,Happy
1865,2021-02-03,31,Female,176.9,83.3,19206,900,6.3,81,None,0,2.47,6,Neutral
1039,2021-02-04,50,Female,171.9,53.7,11736,754.3,5.5,55,Cycling,23,2.91,1,Happy
1858,2021-02-05,52,Male,168.1,73.8,9633,527.2,8.8,77,Cycling,41,2.03,1,Neutral
1972,2021-02-06,56,Male,177.5,45,7971,472.8,6.9,94,Yoga,54,2.55,8,Happy
1748,2021-02-07,37,Male,170.4,58.5,10507,622.3,8.9,85,Gym,33,2.56,10,Happy
1288,2021-02-08,19,Male,176.1,86.4,14158,867.9,8.1,87,Yoga,50,2.59,10,Happy
1261,2021-02-09,58,Female,179.6,69.8,12108,630.7,7.6,68,Walking,89,2.51,7,Tired
1215,2021-02-10,36,Female,164.5,69,13077,722.6,7.8,76,None,0,1.52,3,Neutral
1146,2021-02-11,54,Female,161.6,70.7,5175,363.1,8.6,73,Cycling,55,0.92,8,Neutral
1335,2021-02-12,35,Male,152.8,68.9,3859,374.3,8.4,75,Gym,43,1.84,8,Neutral
1167,2021-02-13,33,Male,171.2,84.8,3962,255.3,6.4,70,Walking,59,2.13,7,Tired
1091,2021-02-14,21,Female,174.5,60.7,14616,732.8,7.6,63,None,0,1.68,5,Tired
1352,2021-02-15,29,Female,156.8,76.3,18751,900,9.3,76,Walking,40,2.46,8,Tired
1570,2021-02-16,46,Male,184.2,52.8,13857,754.7,7.1,67,Yoga,70,3.26,5,Tired
1570,2021-02-17,24,Female,161.8,81.1,6210,411.1,6.3,81,Walking,74,3.01,1,Happy
1815,2021-02-18,31,Male,150,65.2,3909,354.1,6.1,75,Running,23,2.83,8,Neutral
1680,2021-02-19,29,Male,184.9,69.4,11408,653.2,8.3,56,Running,81,3.19,7,Happy
1780,2021-02-20,52,Male,150.3,64.6,4405,404.2,6.6,89,Running,44,1.85,7,Tired
1362,2021-02-21,22,Female,179.6,66.5,16993,775.9,7.5,79,None,0,2.18,2,Tired
1556,2021-02-22,34,Female,177.2,54.9,15923,785.1,6.6,70,Walking,33,2.93,3,Happy
1344,2021-02-23,59,Male,173.2,74.9,1820,225.1,8.8,72,None,0,2.17,3,Neutral
1692,2021-02-24,49,Female,164.8,78.3,8255,561.7,7.2,63,None,0,2.21,10,Tired
1169,2021-02-25,27,Male,175,50,15941,837.3,9.1,74,Cycling,57,3.8,6,Happy
1355,2021-02-26,34,Male,180.5,61.1,12017,752.7,9.1,82,Gym,81,2.57,6,Happy
1190,2021-02-27,22,Male,160.1,70.5,5453,459.6,6.9,92,Running,60,3.73,3,Happy
1666,2021-02-28,59,Male,179.8,61,13206,710.9,9,74,Running,64,1.22,5,Happy
1421,2021-03-01,26,Female,179.3,66.7,14710,785.9,6.5,75,Running,35,2.06,9,Neutral
1699,2021-03-02,50,Male,172.9,94.2,15860,899.1,7.4,87,Yoga,38,2.79,7,Neutral
1006,2021-03-03,53,Male,164.6,54.7,9086,635.1,5.8,63,Yoga,56,2.57,9,Tired
1132,2021-03-04,53,Female,179.4,45,16776,866.3,7.9,76,Running,80,1.06,2,Tired
1746,2021-03-05,35,Male,175.1,61,19050,900,7.5,67,Running,45,2.34,10,Neutral
1556,2021-03-06,26,Male,159.8,65.1,8389,430.5,7.8,76,None,0,4.23,10,Neutral
1825,2021-03-07,46,Female,166.3,62.7,12774,605.9,5,84,Yoga,32,2.67,1,Happy
1760,2021-03-08,31,Female,178.2,74,3200,351.6,4,58,Gym,53,2.92,2,Happy
1030,2021-03-09,42,Female,171.1,54.6,13142,748.3,5.3,86,Cycling,42,2.05,6,Happy
1534,2021-03-10,32,Male,180.9,52.4,18367,900,7.7,79,Gym,39,2.67,10,Tired
1425,2021-03-11,23,Female,166.6,59.9,7051,547.1,8,76,None,0,2.49,7,Tired
1393,2021-03-12,59,Female,160,60.2,5115,394.3,8.7,88,Cycling,77,3.28,8,Tired
1671,2021-03-13,46,Male,191.9,101.8,7371,465.4,6.4,67,Walking,78,3.26,6,Tired
1362,2021-03-14,32,Male,153.2,93.3,7587,562,7.3,62,Walking,39,2.79,6,Happy
1436,2021-03-15,46,Male,165,45,11607,716.2,5.9,65,Gym,58,2.55,3,Tired
1669,2021-03-16,21,Male,172.8,45,16234,846.8,9.1,80,Yoga,51,1.32,9,Tired
1550,2021-03-17,35,Male,179.9,68.7,14930,823.1,5.9,70,Running,60,1.3,2,Happy
1926,2021-03-18,56,Female,176.5,98.7,10080,635.4,8.8,66,Walking,88,2.56,5,Happy
1081,2021-03-19,33,Female,193.1,80,2883,424.1,6.6,65,None,0,3.11,3,Neutral
1355,2021-03-20,28,Female,168.8,69.5,5821,426.3,9.4,77,Yoga,40,3.43,1,Happy
1257,2021-03-21,31,Male,161.3,63.2,4822,333.9,7.3,75,Yoga,43,1.88,2,Tired
1717,2021-03-22,20,Male,167.8,86.2,9338,604.8,7.2,61,Cycling,35,1.44,6,Happy
1588,2021-03-23,59,Male,166.8,72.7,19100,900,5.9,61,Walking,51,3.15,10,Tired
1988,2021-03-24,55,Female,169.3,96,3477,344.7,10,70,Gym,45,1.93,1,Neutral
1523,2021-03-25,59,Female,160.2,45,14135,763.8,8.5,84,None,0,1.4,2,Neutral
1294,2021-03-26,35,Male,177.8,76.4,10655,546.6,7.8,71,Yoga,26,2.15,10,Neutral
1961,2021-03-27,37,Female,173.7,61.6,11437,670.5,7.4,60,Gym,35,2.14,5,Tired
1223,2021-03-28,42,Male,157.4,76.2,16332,835.3,6,74,Gym,72,3.42,1,Tired
1524,2021-03-29,55,Female,179.7,73.8,10502,604.6,8,75,None,0,3.11,10,Neutral
1045,2021-03-30,30,Female,161.9,77.6,1368,234.8,6.9,60,Walking,64,1.98,4,Neutral
1666,2021-03-31,21,Female,158.2,84.7,14598,782,7.1,63,None,0,3.48,5,Tired
1112,2021-04-01,31,Male,170.9,90.8,3747,362.9,8.3,82,Gym,77,2.59,5,Tired
1232,2021-04-02,50,Female,152.4,99.3,8562,541,7.4,63,Gym,32,3.24,5,Tired
1016,2021-04-03,45,Female,175.9,70.2,8139,583.3,7,83,Running,41,3.43,10,Tired
1359,2021-04-04,54,Male,150,61.9,11010,678.2,9.2,60,None,0,2.32,9,Neutral
1222,2021-04-05,25,Female,159.7,51.6,7704,504.5,5.8,60,Gym,63,2.9,9,Neutral
1865,2021-04-06,51,Male,185.8,76.5,2887,263.7,4.5,75,Running,49,2.22,5,Happy
1699,2021-04-07,22,Male,163.1,82.5,12975,748,5.8,67,Walking,42,3.15,6,Happy
1447,2021-04-08,22,Male,164.9,49.8,17443,882,7.2,70,Gym,31,2.56,8,Tired
1855,2021-04-09,48,Male,182.7,87.2,1544,253.2,8,77,Yoga,33,3.17,7,Neutral
1364,2021-04-10,26,Male,162.1,68.5,14555,716.3,5.9,69,None,0,3.57,6,Tired
1674,2021-04-11,59,Female,177.6,51.2,18614,900,10,66,Gym,64,2.88,4,Happy
1325,2021-04-12,49,Male,181.7,57.3,15813,900,7.3,80,Running,43,2.43,3,Tired
1466,2021-04-13,50,Male,174.8,55.9,14333,748,7.2,77,Yoga,22,2.45,4,Happy
1413,2021-04-14,20,Male,155.6,56.1,17942,900,5.1,75,Walking,70,0.5,3,Happy
1454,2021-04-15,47,Male,164,78.5,15684,889.7,4.8,75,None,0,2,8,Neutral
1585,2021-04-16,29,Female,197.1,83,9861,568.3,4.3,67,Cycling,57,3.15,6,Tired
1232,2021-04-17,46,Male,165.1,95.5,18454,816.9,9.1,65,Cycling,39,3.18,6,Neutral
1223,2021-04-18,20,Female,199.9,59.5,2050,316.8,8.8,72,Running,21,1.99,1,Happy
1993,2021-04-19,43,Male,187.1,75.1,15292,815.6,7,67,Walking,45,2.62,5,Happy
1830,2021-04-20,47,Female,175.2,60.3,16756,885.8,5.2,75,Walking,21,2.37,8,Tired
1411,2021-04-21,26,Male,173,70.3,5022,403.6,6.6,71,Gym,86,2.98,2,Tired
1571,2021-04-22,43,Male,165.4,47.8,9336,631.4,9.1,75,Cycling,61,4.05,3,Tired
1334,2021-04-23,19,Female,169.1,53.2,3634,340.5,6.2,74,Gym,59,3,9,Tired
1221,2021-04-24,20,Male,163.1,82,8288,640.1,5.6,93,Walking,28,2.03,4,Happy
1036,2021-04-25,21,Female,169.4,47.7,9992,634.6,6.4,61,Running,21,2.45,10,Happy
1988,2021-04-26,42,Male,156.4,79.2,2485,350,6.6,73,Running,47,3.48,5,Happy
1277,2021-04-27,30,Female,155.8,59.9,18056,900,8.1,64,Yoga,22,1.51,7,Neutral
1195,2021-04-28,56,Male,183,45,13166,742.2,3.7,70,Running,35,2.07,5,Neutral
1915,2021-04-29,52,Male,153.9,45,18798,867.4,7.3,67,Cycling,23,3,2,Neutral
1863,2021-04-30,40,Female,178.9,92,4894,366.9,6,81,Yoga,42,3.41,7,Tired
1483,2021-05-01,26,Male,151.1,45,4846,447.7,6.2,60,Cycling,25,2.93,6,Happy
1241,2021-05-02,19,Male,176.3,69,15481,815.9,8.1,83,Gym,74,2.08,9,Neutral
1323,2021-05-03,58,Male,167.9,75.3,10386,559.2,5,80,Gym,27,2.88,2,Tired
1730,2021-05-04,48,Male,183.2,50.3,19408,900,7.3,96,Running,83,2.79,2,Tired
1191,2021-05-05,19,Male,166.7,61.7,18741,900,7.7,93,Yoga,86,2.75,8,Tired
1016,2021-05-06,49,Male,150,77.2,15996,837.9,7.9,67,Cycling,60,2.43,10,Happy
1523,2021-05-07,35,Female,168.1,74.4,9048,520.2,8.1,87,Cycling,59,2.54,1,Tired
1917,2021-05-08,30,Female,171.6,63.1,1568,333.9,7.9,72,Walking,46,1.86,8,Neutral
1400,2021-05-09,22,Female,168.7,73.6,7490,510,8.1,78,Running,58,4.24,5,Tired
1905,2021-05-10,59,Male,175.8,68.5,2945,248,5.7,92,None,0,2.61,1,Happy
1885,2021-05-11,27,Female,164.4,55.4,17791,900,9,67,Gym,59,2.88,10,Happy
1704,2021-05-12,42,Male,157.4,88,5228,406.8,5.2,76,None,0,2.35,1,Tired
1021,2021-05-13,51,Male,160,73.1,12945,743.1,7.6,56,Walking,56,3.09,6,Happy
1473,2021-05-14,54,Male,164.8,45,9805,607.5,6,84,Gym,86,1.59,10,Happy
1119,2021-05-15,47,Male,164.8,77.8,8131,546.1,4.4,96,Gym,38,1.28,2,Neutral
1209,2021-05-16,24,Female,194.1,60.8,3218,311.5,6.1,81,Cycling,53,2.48,2,Neutral
1305,2021-05-17,23,Male,182.6,65.7,15975,855.5,6.8,89,Gym,85,3.94,1,Tired
1269,2021-05-18,20,Female,176.9,70.1,16609,856.9,9.1,86,Yoga,29,3.35,1,Happy
1703,2021-05-19,30,Male,174.5,58.1,8711,566.5,9.7,68,Gym,71,1.93,4,Happy
1686,2021-05-20,20,Female,173,97,12991,710.4,6.8,78,Yoga,61,2.86,5,Happy
1284,2021-05-21,43,Female,173.1,47.6,13105,709.7,4.9,80,Gym,79,2.05,4,Neutral
1715,2021-05-22,41,Female,171.6,70.9,17877,842,5,63,Walking,21,2.8,6,Happy
1675,2021-05-23,23,Female,170.4,75.7,16238,849.3,8.2,89,Cycling,20,2.85,8,Neutral
1762,2021-05-24,59,Female,150,70.6,4868,406,8.1,70,Walking,69,3.15,2,Happy
1226,2021-05-25,29,Female,166.3,67.1,12526,793.5,6.1,73,Cycling,55,1.4,1,Neutral
1947,2021-05-26,53,Male,167.6,64.3,11060,666.4,5.2,72,Walking,41,1.61,2,Tired
1380,2021-05-27,19,Female,162.5,58,6433,421.1,8.5,75,Running,55,2.45,10,Tired
1459,2021-05-28,28,Male,164.4,57.7,18822,900,5.2,104,Gym,22,1.78,6,Happy
1006,2021-05-29,56,Female,173,87.4,2352,307.5,6.3,69,Gym,63,1.72,4,Happy
1028,2021-05-30,51,Male,177.7,63.4,9236,532.2,7.7,60,Running,35,2.69,7,Neutral
1906,2021-05-31,43,Female,173,102,19764,900,4,77,Running,30,1.86,2,Neutral
1032,2021-06-01,35,Female,177.4,80,5560,385,8.4,66,Yoga,29,4.08,1,Neutral
1645,2021-06-02,38,Male,177.6,45,17583,886.9,10,71,Walking,70,2.13,5,Happy
1878,2021-06-03,53,Female,167,83.2,16560,899.2,7.2,81,Gym,61,2.31,9,Neutral
1078,2021-06-04,57,Female,175.3,69.2,5424,317.5,6.9,64,Yoga,44,2.71,6,Happy
1927,2021-06-05,39,Female,152.5,49.2,8847,618.6,7.1,71,None,0,1.44,6,Neutral
1946,2021-06-06,47,Male,166.2,89.6,15195,797.6,7.3,78,Gym,63,2.86,1,Happy
1458,2021-06-07,47,Female,165,63.5,5797,400.2,5.9,67,Running,27,2.74,1,Neutral
1569,2021-06-08,25,Male,185.3,62.2,15309,856.7,5.3,75,Yoga,53,2.26,4,Neutral
1982,2021-06-09,51,Female,173.4,75.6,3407,326,6.5,78,None,0,2.69,2,Neutral
1537,2021-06-10,26,Female,156.7,87.1,4791,339.3,7.2,74,Yoga,20,2.8,3,Happy
1481,2021-06-11,37,Male,175.9,71.7,7508,424.2,5.5,77,Yoga,22,3.5,6,Tired
1429,2021-06-12,57,Female,179.1,70.6,15407,851.1,5,79,Walking,71,4.25,10,Tired
1737,2021-06-13,42,Female,169.1,59.5,10629,663.1,6.3,68,None,0,1.76,1,Happy
1284,2021-06-14,36,Male,176.9,86.9,1126,224.4,5,60,Yoga,66,1.59,10,Happy
1515,2021-06-15,22,Female,150,71.8,10812,698.5,8,65,Gym,38,2.57,2,Tired
1976,2021-06-16,28,Male,150,66.6,8694,549.6,3,63,Walking,89,1.04,4,Tired
1098,2021-06-17,32,Male,158.2,64.8,4319,439.2,5.2,87,Gym,66,2.95,6,Neutral
1396,2021-06-18,25,Male,171.5,85.4,9673,539.1,9.1,58,None,0,2.58,3,Neutral
1488,2021-06-19,36,Female,185.3,66.1,6431,403.3,6.7,81,Yoga,83,2.76,9,Happy
1038,2021-06-20,40,Male,158.7,85.4,5378,389.4,7.3,68,Yoga,64,2.29,10,Tired
1270,2021-06-21,44,Male,161.5,62.9,19505,900,6.8,85,None,0,2.68,4,Tired
1886,2021-06-22,57,Female,170.9,80.8,12012,738,6.1,71,Gym,64,2.83,7,Happy
1796,2021-06-23,49,Male,165.1,73.1,7490,514.3,8.6,75,Cycling,55,2.64,5,Tired
1156,2021-06-24,43,Female,164.5,55.7,11563,624.6,6.1,80,Yoga,28,1.56,6,Neutral
1074,2021-06-25,44,Female,165.8,68.7,17622,900,5.8,88,Yoga,42,2.62,9,Tired
1883,2021-06-26,36,Female,183.1,45,2420,275.4,8,69,Walking,51,3.8,9,Tired
1799,2021-06-27,59,Female,181.2,58.8,15672,786.7,4.1,69,Gym,64,2.67,6,Neutral
1129,2021-06-28,46,Male,170.2,46.3,1340,249.6,6.6,80,Yoga,47,2.6,2,Tired
1686,2021-06-29,56,Male,186.5,100,12542,692.1,6.2,59,Gym,71,3.59,9,Neutral
1973,2021-06-30,58,Male,175.1,46.5,8520,502.5,6.5,58,Walking,30,1.98,2,Neutral
1083,2021-07-01,50,Male,181.5,108.8,12185,648.6,6.3,79,Gym,38,3.12,2,Neutral
1021,2021-07-02,36,Male,161.4,77.7,5987,480.2,7.6,82,Gym,83,2.13,2,Tired
1458,2021-07-03,54,Female,163.5,62.2,13749,771.1,8.6,78,Walking,84,3.26,7,Neutral
1538,2021-07-04,36,Male,163.4,82.1,6412,503.7,7.7,74,Yoga,76,3.06,4,Happy
1706,2021-07-05,50,Male,169.1,60.3,8670,532.6,6.5,70,Gym,85,2.21,8,Tired
1848,2021-07-06,33,Male,170.6,48.9,19879,900,7.9,91,Cycling,23,2.31,8,Neutral
1381,2021-07-07,40,Female,173.2,71.2,14766,761.9,8.1,92,Yoga,48,3.18,1,Happy
1747,2021-07-08,24,Female,189.7,80.5,9323,624.3,7.5,76,Walking,23,1.2,1,Happy
1439,2021-07-09,43,Male,177.2,89.2,2857,234.3,8.6,68,Running,20,2.19,4,Neutral
1603,2021-07-10,49,Female,164.9,77.5,15455,890.4,3.5,65,None,0,2.93,2,Happy
1988,2021-07-11,29,Male,170,62.1,1504,204.7,7,79,Cycling,32,2.28,3,Neutral
1020,2021-07-12,25,Male,185,90.8,8467,577.7,7.5,63,Yoga,89,2.59,10,Happy
1302,2021-07-13,22,Female,177.8,87.4,19540,900,4.8,63,None,0,1.07,2,Tired
1975,2021-07-14,59,Female,184.9,74,9484,549.6,7.3,70,Walking,66,1.9,10,Neutral
1868,2021-07-15,45,Male,165.2,88.2,12842,610.8,8.4,80,Cycling,49,2.98,9,Happy
1954,2021-07-16,22,Male,162.9,102.8,5923,529.6,6.7,90,Yoga,46,1.97,6,Happy
1083,2021-07-17,43,Female,163,61.8,10251,638.8,8,78,None,0,1.59,7,Neutral
1773,2021-07-18,22,Male,166,56.5,16920,900,8.5,80,Running,21,3.24,6,Tired
1658,2021-07-19,39,Female,159.4,61.4,11495,635.2,9,85,Yoga,39,2.86,1,Neutral
1952,2021-07-20,32,Male,173,49.8,14319,726.2,8.7,84,Running,43,1.74,5,Happy
1452,2021-07-21,30,Female,173.1,78.9,10393,654.5,9,69,Running,63,2.6,3,Neutral
1386,2021-07-22,45,Male,183.4,45.9,7900,455.8,6.3,84,Gym,40,1.76,10,Tired
1506,2021-07-23,50,Male,152.4,89,3160,318,6.4,85,Walking,41,2.39,8,Happy
1256,2021-07-24,40,Female,160.6,59.9,17236,826.9,3.3,78,Gym,77,2.62,7,Tired
1569,2021-07-25,50,Male,178.1,90.4,7221,495,5.4,76,Running,30,1.93,9,Tired
1891,2021-07-26,35,Male,171.8,45,11038,545.7,8.8,81,Walking,72,3.02,1,Happy
1933,2021-07-27,47,Female,170.4,64.2,9255,496.2,6.1,80,Walking,28,3.13,2,Tired
1526,2021-07-28,43,Male,182.6,50.6,3699,305,7.6,56,Walking,86,2.68,2,Happy
1161,2021-07-29,33,Male,159.9,90.3,12125,715.7,7.4,79,Cycling,71,2.79,1,Tired
1956,2021-07-30,30,Male,162.7,95.2,16401,829.5,8.9,87,Yoga,32,1.48,8,Tired
1162,2021-07-31,56,Female,161.5,45,1372,304.1,4,85,Running,20,3.45,4,Happy
1831,2021-08-01,50,Female,150,83,15544,896.8,7.5,79,Walking,63,2.44,7,Tired
1792,2021-08-02,43,Female,171.3,86,19898,900,7.5,76,None,0,1.85,10,Tired
1791,2021-08-03,18,Male,164.8,74.9,18315,858.7,5.7,71,Cycling,24,2.6,1,Tired
1523,2021-08-04,55,Male,162.7,78.8,2990,367.9,8.4,74,Cycling,85,3.02,8,Neutral
1785,2021-08-05,19,Male,160.9,77.7,10607,547.2,4.9,82,None,0,2.86,8,Tired
1270,2021-08-06,23,Male,169.8,83,7790,466.4,8.6,79,Running,83,1.74,10,Neutral
1491,2021-08-07,55,Female,162,53.6,9553,497.1,3.8,84,Gym,34,3.03,3,Happy
1207,2021-08-08,59,Male,172.2,88,6383,503.5,5.6,70,Cycling,87,2.46,9,Happy
1538,2021-08-09,41,Male,174.6,73.1,16575,891.6,6.8,86,Running,73,2.85,5,Happy
1583,2021-08-10,35,Male,167.1,72.2,1715,349.5,7.3,69,Cycling,30,1.94,5,Neutral
1059,2021-08-11,44,Female,166.4,78.5,10837,611.4,4.2,77,Running,42,3.23,5,Happy
1429,2021-08-12,58,Male,171.9,50.9,18931,900,8.6,69,Walking,20,2.63,1,Happy
1984,2021-08-13,25,Male,169.7,46.7,14950,771.8,8.1,74,Gym,61,3.33,10,Tired
1656,2021-08-14,45,Male,183.3,68.2,8992,493,9.9,95,None,0,1.43,2,Neutral
1604,2021-08-15,27,Male,173.2,93.2,18035,900,8.1,80,Cycling,87,1.52,1,Neutral
1308,2021-08-16,34,Male,181,52.2,2050,450.8,5.9,77,None,0,2.33,2,Neutral
1519,2021-08-17,46,Female,176.1,72.6,14357,738.1,5.4,89,Cycling,21,3.53,9,Happy
1590,2021-08-18,23,Male,156.8,59.2,5742,459.3,6.4,50,Cycling,64,3.87,9,Neutral
1026,2021-08-19,31,Male,164.4,57.2,14369,767,10,73,Yoga,46,1.88,5,Happy
1685,2021-08-20,39,Male,169.5,77.5,6044,463.8,7.1,70,Yoga,80,2.54,4,Happy
1561,2021-08-21,23,Male,178.7,81.4,11288,704.5,7.1,66,None,0,2.61,2,Happy
1198,2021-08-22,43,Male,189.3,58.2,8261,473.3,9.1,60,Walking,88,3,6,Happy
1386,2021-08-23,56,Male,165.2,90.8,11846,649.9,5.3,73,Cycling,48,3.12,9,Tired
1348,2021-08-24,29,Male,170.6,76.3,19064,900,7.8,82,Gym,44,1.72,8,Neutral
1959,2021-08-25,52,Male,178,66.4,10799,657.4,7.8,74,Yoga,73,2.55,10,Neutral
1939,2021-08-26,31,Male,169.4,75.2,4522,397.2,8.4,83,Running,67,1.09,4,Happy
1692,2021-08-27,39,Male,186.4,100.5,14690,813.1,8.3,76,Running,65,3.07,6,Happy
1535,2021-08-28,40,Female,156.5,81.3,3057,352.7,6.9,87,Running,60,2.26,9,Happy
1827,2021-08-29,24,Female,176.8,59.5,3721,406.7,4.9,70,Walking,60,1.66,10,Tired
1377,2021-08-30,57,Female,176.7,69.7,5821,470.5,6.2,56,Cycling,80,2.73,10,Happy
1898,2021-08-31,42,Female,181.5,72,3563,340,8.3,59,Cycling,30,2.24,4,Neutral
1915,2021-09-01,30,Male,170.6,80,15559,840,9.8,70,None,0,3.38,9,Neutral
1557,2021-09-02,38,Female,178.9,73.6,14692,784.3,5.2,66,Yoga,51,1.88,8,Tired
1526,2021-09-03,58,Female,167.5,98.4,16661,829.1,5.1,69,Running,68,4.06,3,Happy
1152,2021-09-04,27,Male,162,66.6,1202,245.5,4.6,86,Walking,25,3.1,9,Neutral
1733,2021-09-05,26,Female,160.5,45,1941,271.9,5.8,60,None,0,3.4,5,Tired
1205,2021-09-06,32,Female,155.6,73.2,17972,834,8.4,90,Gym,25,1.78,1,Neutral
1454,2021-09-07,19,Male,165.6,63.4,9762,629.2,9,67,Cycling,66,3.75,8,Tired
1272,2021-09-08,42,Male,173.1,47.4,10537,668.7,3.9,63,Cycling,82,1.65,5,Happy
1893,2021-09-09,30,Male,167.9,59.4,2642,332.9,5.2,74,Walking,68,2.35,5,Neutral
1235,2021-09-10,51,Female,172,64.6,2365,338.8,4.9,90,None,0,3.41,2,Neutral
1851,2021-09-11,51,Female,182.3,87.1,8556,533.4,5.7,68,None,0,2.85,9,Happy
1739,2021-09-12,52,Male,164.8,47.8,1008,214.6,6.7,69,Yoga,38,1.63,6,Happy
1520,2021-09-13,55,Male,193.4,75.2,17915,900,6.4,70,Walking,74,3.29,10,Tired
1677,2021-09-14,20,Female,177.6,103.3,2035,228.5,7.8,87,None,0,2.74,3,Happy
1943,2021-09-15,59,Male,168,67.4,13763,695.8,4.1,71,Yoga,60,2.21,7,Neutral
1955,2021-09-16,23,Female,167.8,66.9,19001,900,6.2,79,None,0,1.42,2,Neutral
1830,2021-09-17,36,Male,159.9,80.8,7722,529.9,9,76,Cycling,76,2.8,7,Happy
1725,2021-09-18,20,Male,169.7,77.8,18460,900,9.1,74,Yoga,35,2.39,2,Happy
1500,2021-09-19,35,Female,150,91.3,5015,315.1,9.5,70,None,0,2.61,5,Happy
1116,2021-09-20,56,Male,182.6,67.5,8129,520.3,7.6,95,Yoga,57,1.39,10,Happy
1385,2021-09-21,26,Male,150,80.5,3962,302,6,103,Yoga,28,2.21,10,Neutral
1343,2021-09-22,29,Male,170.4,80.8,5840,476.4,7.3,66,None,0,2.84,9,Tired
1583,2021-09-23,22,Female,158.6,65,18296,900,10,64,Yoga,65,3.81,9,Neutral
1394,2021-09-24,20,Male,163,68.3,16337,878.7,6.2,75,Running,56,2.36,6,Neutral
1063,2021-09-25,28,Male,164.3,69.8,6699,440.1,9.7,52,Running,62,3.51,3,Tired
1716,2021-09-26,47,Male,189.3,51.4,6922,439.5,3.3,75,None,0,3.05,4,Happy
1720,2021-09-27,21,Male,159,64.2,15862,813.9,7.9,95,Running,25,2.66,4,Tired
1071,2021-09-28,22,Male,179.1,92.4,14598,741.9,8,69,Running,57,1.79,9,Neutral
1788,2021-09-29,18,Male,181.6,85.6,2898,308,7.6,86,Walking,80,1.82,4,Happy
1273,2021-09-30,44,Female,150,61.3,3822,315.3,7.7,90,Gym,23,2.93,4,Happy
1989,2021-10-01,45,Female,163.8,69.8,5484,350.3,7.8,66,None,0,2.13,5,Happy
1319,2021-10-02,46,Male,184.8,84.6,14052,781.1,7.9,77,Yoga,89,2.07,6,Happy
1337,2021-10-03,35,Female,156.9,76.7,19038,900,6.5,79,Walking,79,2.37,8,Happy
1365,2021-10-04,29,Female,182,82,17975,900,6.6,82,None,0,2.39,1,Happy
1494,2021-10-05,30,Male,169.8,78,2848,292.3,5,83,Running,78,3.13,5,Tired
1606,2021-10-06,58,Female,169.4,73.2,14269,676.2,8.1,86,Yoga,26,2.15,9,Happy
1165,2021-10-07,19,Female,170.7,67.5,4041,402.4,9,67,Gym,87,3.06,10,Tired
1543,2021-10-08,54,Female,173.4,52.1,17551,900,9.6,77,None,0,2.81,4,Tired
1010,2021-10-09,33,Female,160.4,80.4,5379,472.3,5.8,90,Yoga,67,1.33,8,Tired
1300,2021-10-10,41,Female,167.4,66.7,8661,620,4.4,91,Cycling,61,2.71,9,Happy
1728,2021-10-11,52,Female,173.7,45.3,7967,593,7.6,77,Cycling,49,0.63,1,Happy
1800,2021-10-12,39,Female,171.8,61.8,13199,679.1,5.3,70,None,0,1.87,8,Happy
1101,2021-10-13,53,Female,173.5,82.8,16674,900,7.9,85,Walking,54,2.82,8,Happy
1424,2021-10-14,28,Male,162.8,45,14531,764.8,3.7,80,Gym,81,2.49,5,Neutral
1391,2021-10-15,46,Male,176.3,54.6,19565,900,8.6,80,Walking,70,1.26,10,Neutral
1778,2021-10-16,52,Female,171.3,72.1,1832,286.3,7.2,83,Yoga,69,1.72,2,Happy
1213,2021-10-17,32,Female,154.2,91.1,15210,759.8,4.1,65,Gym,49,0.67,7,Neutral
1690,2021-10-18,48,Male,164.7,85,18405,900,7.5,83,None,0,1.56,5,Happy
1087,2021-10-19,59,Female,161,92.5,11185,624.6,7.1,77,Walking,69,2.91,5,Happy
1552,2021-10-20,58,Female,160.9,73.1,4492,472.6,7.8,86,Yoga,73,2.11,6,Happy
1400,2021-10-21,33,Male,165.2,66.9,12862,676.3,8.2,75,Running,23,2.62,10,Happy
1587,2021-10-22,27,Male,176.1,82.6,1288,201.3,3.4,81,Yoga,31,2.51,8,Happy
1888,2021-10-23,49,Male,163.7,56.5,8816,519.5,6.3,80,Walking,34,2.52,1,Happy
1045,2021-10-24,19,Female,172.3,55.3,2076,357.8,6.9,70,None,0,3.22,3,Happy
1671,2021-10-25,41,Female,170.6,52.7,16564,784.2,6.6,66,None,0,2.36,7,Tired
1462,2021-10-26,40,Male,162.2,86.3,2371,340.5,6.5,83,Gym,80,3.14,9,Tired
1591,2021-10-27,19,Male,166.6,57.5,2074,374.6,8.6,66,Gym,38,0.77,10,Neutral
1309,2021-10-28,55,Female,178.6,85,5934,428.9,4.4,72,Running,72,3.28,2,Neutral
1085,2021-10-29,48,Male,171.5,72.2,1039,221.9,6.6,71,Walking,76,1.6,4,Tired
1091,2021-10-30,57,Female,175.5,86.5,5274,415,6.7,79,None,0,1.75,4,Tired
1659,2021-10-31,43,Female,182.7,53.4,17566,846.5,6.8,82,None,0,2.01,7,Tired
1672,2021-11-01,46,Male,174.3,60.6,6496,592.3,5.5,59,Running,26,3.26,5,Neutral
1713,2021-11-02,20,Male,150.8,76.8,13992,793.2,10,68,Cycling,36,1.88,5,Happy
1935,2021-11-03,31,Female,172.7,63.5,3508,279.3,8.5,67,None,0,2.04,7,Neutral
1927,2021-11-04,42,Male,163.8,45,13018,680.4,10,73,Yoga,57,1.83,2,Happy
1241,2021-11-05,18,Male,188.1,49.4,9072,571.8,8,55,Cycling,66,2.68,8,Happy
1864,2021-11-06,20,Male,174,53.3,14348,709.2,8.1,86,Cycling,29,3.02,6,Neutral
1001,2021-11-07,43,Male,164,54.4,14910,721.2,7,76,Running,43,3.69,5,Happy
1224,2021-11-08,35,Female,175.7,80.2,14952,812.8,9.3,74,Running,69,4.18,1,Neutral
1800,2021-11-09,26,Female,170.9,75.1,17065,900,7.8,83,Yoga,87,2.96,2,Tired
1744,2021-11-10,55,Female,152.8,72.4,1318,298.5,6.7,80,Running,62,2.76,6,Tired
1972,2021-11-11,40,Female,178.6,100.1,12818,709.7,9.8,80,Running,56,1.65,6,Neutral
1925,2021-11-12,38,Male,165.9,87.6,19787,900,5,75,Running,64,3.84,9,Neutral
1928,2021-11-13,18,Male,184.2,82,14982,801.9,5.9,76,None,0,2.65,6,Neutral
1588,2021-11-14,38,Female,168.8,47.6,11856,723.8,10,83,Running,62,2.3,1,Neutral
1115,2021-11-15,44,Female,184.4,70.9,13516,677.8,8,80,Running,87,2.77,7,Happy
1665,2021-11-16,59,Male,174.2,74.5,1728,230.2,3.1,92,Cycling,56,2.05,3,Tired
1917,2021-11-17,23,Female,179.7,63.8,2287,272.6,8.5,76,Cycling,60,0.86,8,Neutral
1102,2021-11-18,53,Female,165.1,95.6,5001,387.9,5.5,82,Yoga,20,2.9,6,Neutral
1193,2021-11-19,45,Male,173.5,70.8,9752,587.4,6.1,74,Gym,35,3.44,3,Tired
1165,2021-11-20,34,Female,152.7,51.6,2375,293.8,10,78,Yoga,56,2.89,3,Neutral
1870,2021-11-21,57,Male,168.7,55,15970,872.5,9.5,79,None,0,2.5,8,Tired
1089,2021-11-22,20,Male,155.2,104.2,13078,635,10,71,None,0,2.51,6,Tired
1685,2021-11-23,29,Female,158.6,63.7,1024,160.9,6.1,69,None,0,2.62,2,Neutral
1121,2021-11-24,56,Male,161.1,45,18538,900,6.6,81,Walking,70,2.6,3,Happy
1142,2021-11-25,29,Female,176.6,61,13657,789.5,7.3,80,Yoga,83,2.46,6,Neutral
1993,2021-11-26,19,Male,168.5,45,18843,900,8.3,90,Yoga,41,2.52,7,Happy
1105,2021-11-27,39,Female,170.3,83.8,16583,861.3,6.5,75,Running,62,3.59,4,Neutral
1886,2021-11-28,40,Female,168.3,45,5706,434.6,9.8,65,Running,81,2.83,8,Happy
1427,2021-11-29,47,Female,180.8,49,14663,802.3,7.7,75,Running,73,2.57,3,Tired
1304,2021-11-30,22,Male,170,70.1,16844,900,9.2,83,Gym,46,2.96,6,Tired
1871,2021-12-01,26,Male,172.5,86.6,10412,651.2,5.8,54,None,0,2.96,7,Neutral
1970,2021-12-02,38,Female,164.3,69,19540,900,6.4,75,Running,35,3.16,8,Neutral
1316,2021-12-03,28,Male,181.5,51.1,6979,472.8,7.4,82,Walking,30,1.97,4,Happy
1962,2021-12-04,22,Female,182.2,72.7,8943,631.4,6.3,77,Cycling,40,2.16,5,Happy
1634,2021-12-05,52,Female,169.6,63,9911,600,8.6,71,Walking,28,1.93,6,Happy
1901,2021-12-06,44,Male,164.2,87,8486,441.7,8.6,63,Gym,46,3.04,1,Happy
1008,2021-12-07,19,Female,153.8,82.8,2105,407.1,6.6,75,Running,42,3,9,Happy
1773,2021-12-08,41,Male,161.3,61.9,4769,393.1,8,63,Yoga,70,1.61,3,Neutral
1072,2021-12-09,48,Female,150,81.7,3479,365.6,10,82,Cycling,22,2.77,2,Tired
1358,2021-12-10,50,Male,160.9,74.1,11112,591,8.6,76,None,0,3.46,7,Happy
1222,2021-12-11,56,Female,173.6,90.5,12271,800.7,8,90,Gym,27,2.34,4,Tired
1415,2021-12-12,47,Female,169.5,81.1,5731,389.6,8.9,55,Walking,61,2.72,4,Tired
1552,2021-12-13,54,Male,193.2,78.2,12361,675.2,9.5,72,Running,54,3.01,10,Neutral
1369,2021-12-14,45,Female,166.3,89.9,17087,807,9.3,82,Gym,67,1.58,9,Happy
1715,2021-12-15,48,Female,165.5,70.2,4172,385.1,6.9,86,Gym,73,2.61,7,Happy
1263,2021-12-16,28,Male,180.6,58.4,15041,787.6,8.4,83,Yoga,55,3.39,9,Happy
1839,2021-12-17,40,Female,150.7,73,8068,445.5,6.6,65,None,0,2.08,1,Happy
1689,2021-12-18,19,Male,155.2,64.7,7557,498.9,6.9,70,Yoga,31,3.08,3,Neutral
1859,2021-12-19,57,Female,176.6,79.1,4330,377.9,7.7,53,Yoga,78,2.52,10,Neutral
1317,2021-12-20,58,Male,168,70.9,7022,468.5,4.8,75,None,0,2.03,10,Happy
1083,2021-12-21,44,Female,168.3,76,13643,654.7,7.6,87,Walking,69,2.43,6,Happy
1317,2021-12-22,52,Female,160.6,51.9,3058,336.9,6,75,Yoga,62,2.13,1,Tired
1110,2021-12-23,19,Female,172.4,77.6,19254,900,5.2,81,None,0,1.88,5,Tired
1250,2021-12-24,56,Male,161.9,50.7,4621,429.3,8.2,81,Gym,68,2.32,4,Happy
1382,2021-12-25,54,Male,170.7,84.4,10337,585.7,6.6,72,Gym,74,2.55,4,Happy
1006,2021-12-26,38,Male,158.4,84.4,4991,446,7.3,51,None,0,2.38,7,Tired
1458,2021-12-27,22,Male,168.2,75.2,12565,703.3,6.6,88,Gym,40,2.31,5,Tired
1083,2021-12-28,38,Female,190.2,74.7,9503,583.4,6.1,79,Cycling,32,2.66,7,Happy
1207,2021-12-29,46,Female,165.8,66.6,18158,900,7.2,62,Cycling,61,2.87,1,Tired
1899,2021-12-30,37,Male,168.7,61,16337,812.7,5,79,None,0,1.7,9,Neutral
1389,2021-12-31,55,Male,168,69.8,12112,629.7,6.9,77,None,0,2.32,8,Tired
1313,2022-01-01,37,Male,171.7,99.7,14761,818.2,10,88,Walking,20,1.12,7,Happy
1021,2022-01-02,42,Female,174.7,73.4,11023,575.2,5.2,80,None,0,2.39,10,Neutral
1409,2022-01-03,19,Male,172.6,49.8,9885,555.5,9.1,80,Yoga,53,2.61,2,Neutral
1894,2022-01-04,49,Male,172.8,45,2376,216.1,10,77,Gym,61,2.9,6,Tired
1514,2022-01-05,43,Female,168.2,48.4,6939,535.2,5.8,67,Yoga,81,2.61,4,Happy
1126,2022-01-06,23,Female,171,64.3,10181,557.1,7.5,82,None,0,2.88,3,Tired
1808,2022-01-07,58,Male,167.9,89,3846,321.1,5.1,75,Gym,80,2.55,8,Tired
1699,2022-01-08,20,Female,151.9,54.6,7817,448.2,4.8,65,Cycling,73,2.03,4,Tired
1873,2022-01-09,50,Male,196.3,91.3,8430,517.9,7.3,68,Gym,77,1.72,3,Neutral
1013,2022-01-10,18,Female,177.3,72.7,12151,678.9,7.6,64,Walking,43,2.32,5,Tired
1970,2022-01-11,22,Male,160.2,77.3,2716,349.9,6.1,86,Running,46,1.96,9,Tired
1977,2022-01-12,30,Male,172.3,76.8,7780,445.1,5.3,95,Gym,40,2.42,10,Tired
1011,2022-01-13,36,Male,156.5,78.9,4331,343.2,5.8,87,None,0,2.16,3,Tired
1086,2022-01-14,29,Male,165.1,63.8,10081,674.4,8.3,79,Walking,74,2.79,9,Happy
1523,2022-01-15,42,Female,155.2,45,18762,900,8.3,74,Cycling,87,2.53,4,Happy
1908,2022-01-16,52,Female,169.5,61.2,5275,377.1,8,72,Cycling,66,2.81,10,Happy
1536,2022-01-17,29,Female,154.2,56.7,11556,659.8,6.4,65,Running,73,2.81,4,Neutral
1300,2022-01-18,47,Female,173.9,74.7,14555,880.6,5.4,94,None,0,2.37,2,Happy
1242,2022-01-19,22,Male,176.8,73.3,17615,844.9,9,65,Yoga,83,2.42,8,Tired
1121,2022-01-20,51,Male,161.7,65.9,11004,544.1,9.5,67,Yoga,68,2.85,4,Tired
1146,2022-01-21,39,Female,171.6,96.3,6422,430.1,6.2,73,Gym,54,4.21,3,Happy
1566,2022-01-22,56,Female,161.2,60.4,12188,683.4,6.8,74,Cycling,58,1.81,3,Neutral
1749,2022-01-23,30,Female,175.1,45,1247,209.8,4.8,81,Walking,77,2.53,1,Neutral
1355,2022-01-24,20,Female,163.1,71.8,14598,832.8,7.8,68,Running,76,1.66,8,Neutral
1684,2022-01-25,37,Female,177.9,87.8,14227,779.6,10,55,Yoga,25,2.49,5,Tired
1903,2022-01-26,48,Male,151.9,74.3,14811,762.2,8.4,73,Gym,39,2.03,5,Happy
1732,2022-01-27,22,Male,160,64.7,4741,362.7,10,73,Gym,69,2.42,4,Neutral
1630,2022-01-28,41,Male,158.9,73.6,17446,860.5,6.4,73,Cycling,28,2.61,5,Tired
1308,2022-01-29,57,Female,172,97.6,2551,343.5,5,72,Walking,33,2.16,5,Neutral
1694,2022-01-30,50,Female,175.6,56.9,7306,468.6,9.3,71,Walking,42,1.25,9,Neutral
1287,2022-01-31,25,Female,172.8,70.5,4005,300.6,7.3,62,Yoga,67,3.5,6,Happy
1306,2022-02-01,41,Female,164.9,80,4322,421,5.7,90,Gym,75,3.09,9,Tired
1811,2022-02-02,37,Male,150,73.8,17008,866.5,9.8,89,Cycling,59,2.41,8,Neutral
1593,2022-02-03,33,Male,170.4,66.3,8997,491.9,6.1,89,Walking,88,1.87,3,Tired
1965,2022-02-04,29,Female,177.9,63.6,13466,824.3,5.3,63,Gym,58,2.56,2,Neutral
1913,2022-02-05,30,Male,196.8,65.7,13516,771.2,7.9,79,Walking,62,2.75,6,Happy
1722,2022-02-06,59,Male,165.8,78,18266,900,5,71,Running,50,3.04,2,Neutral
1661,2022-02-07,56,Female,163.3,77.1,1393,245.1,8.5,70,Walking,89,3.1,3,Happy
1548,2022-02-08,42,Female,173.2,101.4,3739,335.5,5.3,66,Walking,22,3.24,3,Neutral
1351,2022-02-09,49,Female,167.4,46.9,5167,391.6,7.4,101,Gym,23,1.28,1,Happy
1311,2022-02-10,41,Female,182.8,96.4,14194,754.1,7.5,73,Walking,46,2.29,5,Neutral
1872,2022-02-11,26,Female,161.9,66.9,5231,379.8,7.4,66,Walking,46,3.2,8,Neutral
1058,2022-02-12,57,Female,167.5,68.6,2401,290.9,5.1,76,Running,66,1.85,9,Neutral
1642,2022-02-13,40,Male,178.8,82.9,9086,533,6.7,83,Walking,79,3.35,7,Tired
1923,2022-02-14,30,Male,173.1,82.8,1905,287.4,9.1,74,Walking,55,3.77,5,Tired
1713,2022-02-15,49,Female,181.6,87.3,1529,260,6.7,77,Gym,65,3.33,8,Neutral
1754,2022-02-16,32,Male,165.6,90.6,9011,525.4,5.3,85,Cycling,80,2.96,9,Tired
1034,2022-02-17,53,Female,182.6,69.4,16001,835.7,6.3,65,Running,61,2.19,9,Tired
1444,2022-02-18,22,Female,153.4,90.8,5618,451.9,5.1,77,Walking,26,2.7,9,Neutral
1092,2022-02-19,39,Female,153.8,60.6,17956,805.4,3.7,69,Cycling,49,1.56,2,Neutral
1949,2022-02-20,33,Female,182.8,65.4,18027,900,6.7,67,Gym,69,1.95,3,Neutral
1958,2022-02-21,58,Male,170.1,67.3,15908,775,7.2,93,Running,66,2,2,Tired
1206,2022-02-22,27,Female,179.2,62.1,8013,497.6,8,74,None,0,2.54,5,Tired
1352,2022-02-23,41,Male,171,70.9,10484,477.9,7.7,64,Gym,24,2.23,3,Tired
1902,2022-02-24,35,Female,169.9,83.4,12787,739.8,7.9,74,Cycling,89,2.68,9,Neutral
1331,2022-02-25,35,Female,156.7,79.8,13834,716.3,6.9,63,Running,77,3.11,2,Tired
1816,2022-02-26,24,Female,169.7,60.8,6605,439.2,10,73,Walking,63,2,5,Tired
1861,2022-02-27,21,Male,183.6,59.6,11677,671.6,5.7,68,Cycling,51,2.6,5,Happy
1724,2022-02-28,43,Female,170.6,57.2,17938,819,6.5,80,Gym,59,2.21,5,Happy
1158,2022-03-01,22,Female,176.8,71.3,15051,805.1,9.5,94,Running,76,2.63,1,Neutral
1953,2022-03-02,33,Female,176.5,46.3,11766,703.1,6.4,73,Cycling,30,2.98,10,Neutral
1956,2022-03-03,52,Male,159.9,56.6,11416,665.4,6.8,69,None,0,3.14,7,Tired
1023,2022-03-04,43,Male,178.6,63.1,16009,820.7,7.6,76,Cycling,66,2.97,2,Happy
1403,2022-03-05,35,Male,166.9,85.8,14874,797,8.8,90,Gym,21,2.79,2,Happy
1804,2022-03-06,46,Female,167.4,68,10185,603.6,7.2,80,Gym,71,1.51,9,Neutral
1515,2022-03-07,40,Male,191,85.1,18505,900,5.7,74,Walking,68,1.74,1,Tired
1731,2022-03-08,31,Female,176,72.8,17439,900,6.4,54,Walking,78,1.92,9,Neutral
1363,2022-03-09,32,Male,163.6,62.9,15660,805.9,7.8,74,Cycling,57,2.75,6,Tired
1381,2022-03-10,50,Male,170.6,63.5,9849,605.5,6.6,83,Gym,35,1.6,5,Happy
1531,2022-03-11,42,Female,170.4,52.5,5736,396.1,6.3,85,Cycling,46,2.74,5,Tired
1955,2022-03-12,38,Male,186.9,106,3609,365.2,5.6,88,Yoga,47,2.69,5,Happy
1151,2022-03-13,34,Female,170.4,86.7,15675,850,8.8,68,None,0,1.15,6,Happy
1561,2022-03-14,40,Female,192.1,79.1,4909,388,6.8,71,Gym,64,1.74,7,Happy
1688,2022-03-15,34,Male,157,50.5,17787,900,6.8,74,Yoga,52,3.23,9,Neutral
1946,2022-03-16,31,Female,169.7,63.2,15867,834.8,8,82,Yoga,79,2.99,2,Neutral
1607,2022-03-17,46,Female,162.4,55.4,1794,269.4,5,72,Gym,69,1.9,4,Neutral
1616,2022-03-18,37,Male,165.1,71.9,18945,900,7.1,80,Walking,65,1.78,5,Tired
1419,2022-03-19,47,Male,165.3,56.1,16369,863.4,9.3,71,Cycling,54,0.78,6,Neutral
1249,2022-03-20,36,Female,162.9,59.9,11833,644.4,6.9,68,Running,60,3.53,7,Happy
1116,2022-03-21,56,Male,187.3,56.5,11856,717.7,7.3,86,Running,77,2.53,3,Neutral
1865,2022-03-22,30,Female,184.2,66.4,7795,469.6,7.3,78,None,0,3.82,3,Happy
1511,2022-03-23,35,Female,174,71.1,6492,473.1,8.6,82,Gym,24,2.37,9,Neutral
1739,2022-03-24,40,Male,165.3,66.8,16794,858.7,7.3,73,Walking,24,2.7,9,Tired
1577,2022-03-25,50,Male,163.2,93,11149,659.3,10,83,Walking,41,3.12,2,Tired
1334,2022-03-26,56,Male,177.4,82.2,5999,437,7.3,64,Walking,53,3.65,4,Happy
1417,2022-03-27,57,Male,173,58.3,6197,407,6.3,66,Running,84,2.85,4,Neutral
1931,2022-03-28,35,Female,168.6,74.9,4562,437.2,9.3,84,Yoga,78,2.5,5,Neutral
1773,2022-03-29,26,Female,175.4,59.5,19078,900,6.7,74,None,0,2.52,2,Happy
1294,2022-03-30,50,Male,178.9,64.1,1855,306.3,6.1,73,Running,70,1.77,4,Tired
1937,2022-03-31,49,Male,168.5,77.2,10487,534.6,5.2,66,Walking,68,2.23,3,Neutral
1754,2022-04-01,34,Female,162.1,80,4621,370.4,7.7,83,Running,28,2.54,6,Neutral
1370,2022-04-02,36,Female,156.8,61.2,5206,484.7,6.3,94,Running,34,3.47,4,Neutral
1185,2022-04-03,44,Female,172.5,53.4,2038,267.7,5.8,81,None,0,2.2,1,Tired
1245,2022-04-04,23,Female,191.7,71.3,5596,428.7,6.2,71,Cycling,72,3.24,3,Neutral
1636,2022-04-05,52,Male,158.9,76.5,15151,886.2,6.5,89,Gym,44,2.44,8,Tired
1267,2022-04-06,54,Female,181,60.4,5370,407.7,8.2,79,Yoga,47,3.37,3,Neutral
1642,2022-04-07,51,Female,163.2,82.2,4447,390.8,7.7,71,Cycling,42,2.97,7,Tired
1236,2022-04-08,37,Male,165.3,79.6,16903,900,6.8,88,Gym,22,2.93,2,Happy
1529,2022-04-09,42,Female,179.1,60.2,16326,784.1,7.8,73,Walking,52,3.19,5,Tired
1551,2022-04-10,21,Female,167.4,87,15056,778,6.8,61,None,0,3.08,7,Happy
1020,2022-04-11,27,Male,172.5,87.4,6229,455.7,7.3,72,None,0,3.24,1,Neutral
1910,2022-04-12,27,Male,172.3,101,3241,249.8,6,80,Cycling,86,3.99,1,Neutral
1736,2022-04-13,41,Male,163.3,95.7,8818,621.2,6,68,Gym,86,3.63,8,Neutral
1866,2022-04-14,38,Female,179,56.5,7998,557.7,7.2,56,None,0,2.83,2,Happy
1793,2022-04-15,28,Female,169.4,83.9,11155,676.6,7.2,90,Cycling,27,2.19,4,Neutral
1519,2022-04-16,44,Male,156.1,83.2,7444,563.8,8.5,105,None,0,2.76,3,Tired
1099,2022-04-17,33,Male,161.1,64.8,4015,396.8,7.7,70,Running,79,1.15,5,Tired
1751,2022-04-18,43,Female,150,76.8,15903,824.6,6.3,69,Running,75,3.08,2,Happy
1477,2022-04-19,47,Male,170.5,45,7815,431,5.1,62,Cycling,89,1.76,6,Tired
1598,2022-04-20,33,Male,183,45,5864,400.5,8.3,67,Cycling,41,3.29,8,Happy
1297,2022-04-21,24,Male,159.5,45,10676,594.4,7.5,60,Yoga,52,3.89,5,Happy
1939,2022-04-22,33,Female,175.9,75.8,5234,440.3,8.5,62,Walking,69,1.48,7,Neutral
1525,2022-04-23,52,Female,174.3,76.5,15147,809.9,7.7,75,Running,65,2.46,5,Happy
1333,2022-04-24,33,Female,162.5,65.9,19723,900,9.7,59,None,0,1.75,6,Tired
1001,2022-04-25,57,Female,185.4,95.8,9526,624.3,6.7,60,Cycling,85,1.29,9,Tired
1374,2022-04-26,29,Female,167.3,84.8,7842,580.1,7.1,77,Gym,40,2.43,10,Neutral
1292,2022-04-27,52,Female,190.1,46,2858,388.1,8.2,69,None,0,2.94,1,Happy
1836,2022-04-28,38,Male,153.6,67.4,2207,231.8,8.3,79,Walking,67,3.03,10,Neutral
1933,2022-04-29,53,Female,167.3,55.9,18308,900,7.5,72,Gym,32,2.61,9,Neutral
1552,2022-04-30,34,Female,168.5,76.2,6429,406.8,4.6,73,None,0,1.34,3,Neutral
1317,2022-05-01,49,Male,169.6,69.5,8591,640.6,4.3,83,Walking,24,2.59,10,Neutral
1501,2022-05-02,58,Female,177.2,56.8,13944,759.3,6.4,70,Gym,37,1.46,3,Neutral
1827,2022-05-03,23,Female,200,95.4,6892,457.2,7,82,Running,56,1.5,4,Happy
1380,2022-05-04,41,Male,174.6,70.9,12777,683.4,4.2,71,Cycling,73,1.8,8,Tired
1622,2022-05-05,44,Male,170.2,63.8,6945,494.5,7,67,None,0,3.23,1,Happy
1013,2022-05-06,37,Male,159,66.2,8691,573.4,8,64,Cycling,47,2.88,4,Happy
1503,2022-05-07,42,Female,151.1,94.3,13548,659.5,6.9,58,Yoga,64,2.73,7,Neutral
1230,2022-05-08,19,Male,181.7,83.7,14673,856.8,7.4,63,None,0,1.9,3,Tired
1984,2022-05-09,26,Female,164.5,67.6,5027,424.6,7.9,57,Cycling,84,2.23,7,Happy
1083,2022-05-10,45,Female,196,55.1,13456,807.7,4.6,65,None,0,1.54,5,Happy
1129,2022-05-11,55,Female,178.7,57.5,5295,497.3,8,83,Running,61,3.46,10,Tired
1742,2022-05-12,20,Female,173.4,62.8,13869,749.8,5.9,75,Walking,52,4.04,9,Happy
1837,2022-05-13,37,Male,173.9,77.6,5661,469.3,6.6,71,Walking,35,2.89,8,Tired
1144,2022-05-14,23,Male,174,81.3,15730,800.4,6,68,Cycling,32,3.01,3,Happy
1890,2022-05-15,56,Female,163.1,59.1,13034,698,8.6,74,Gym,40,2.39,4,Neutral
1856,2022-05-16,50,Male,152.5,82,19782,900,5.2,75,Cycling,78,1.37,7,Tired
1027,2022-05-17,18,Female,164.5,56.4,17411,859.5,9.1,64,None,0,1.91,2,Happy
1065,2022-05-18,54,Female,169.8,60.8,13142,735.5,10,80,Walking,58,2.17,10,Happy
1162,2022-05-19,23,Female,163.5,48.3,2898,270.5,4.7,72,None,0,2.23,6,Tired
1228,2022-05-20,51,Male,157.1,47.8,13919,724,6.1,78,Yoga,46,2.07,9,Tired
1260,2022-05-21,32,Female,162.5,56.2,8300,506.7,7.9,75,Walking,56,2.53,9,Tired
1448,2022-05-22,43,Female,180.4,69.6,3427,409.4,5.5,61,Gym,22,1.9,6,Tired
1423,2022-05-23,31,Male,177.5,55.1,2625,330.7,6.6,88,Gym,26,4.02,6,Tired
1459,2022-05-24,24,Male,171.7,92.5,11767,712.8,7.3,75,Yoga,77,1.54,6,Tired
1951,2022-05-25,48,Male,175.9,56,19420,886.5,5.9,71,None,0,3.12,10,Neutral
1675,2022-05-26,41,Male,158.7,72.8,4355,375.9,7.1,81,None,0,2.32,6,Neutral
1300,2022-05-27,48,Female,162,89.8,15053,783,8.4,63,None,0,2.82,3,Tired
1918,2022-05-28,46,Male,173.1,71.4,5902,460.7,6.9,59,Gym,68,2.86,4,Happy
1302,2022-05-29,59,Female,160,64.5,16786,900,5.4,81,Cycling,56,2.61,6,Neutral
1286,2022-05-30,49,Male,171.1,72.2,11266,531.1,8.7,86,Cycling,25,1.71,10,Neutral
1394,2022-05-31,34,Male,157.4,61.6,9280,591.2,9.1,78,Walking,25,2.27,1,Happy
1009,2022-06-01,31,Male,153.5,55,15954,900,7.6,83,Running,47,2.62,1,Neutral
1706,2022-06-02,57,Male,177.4,79.2,12996,694.4,5.5,62,Cycling,32,2.57,7,Neutral
1629,2022-06-03,53,Male,180.3,61.3,15046,809.3,5.7,71,Cycling,32,1.78,1,Tired
1269,2022-06-04,41,Male,163.7,84.1,15205,842,3.4,68,None,0,3.4,5,Neutral
1591,2022-06-05,44,Female,154.8,81.9,5961,330.6,6.1,85,None,0,0.75,10,Neutral
1969,2022-06-06,42,Male,150,72.5,1032,254.6,8.6,80,Yoga,42,2.32,8,Neutral
1604,2022-06-07,49,Male,188.4,84.6,5698,388.2,6,85,Cycling,56,1.86,6,Tired
1777,2022-06-08,35,Male,171.1,61.8,9887,697.9,5.6,69,Walking,27,2.63,3,Happy
1843,2022-06-09,35,Male,163.9,81.8,9716,578.3,8.5,64,None,0,3.21,2,Happy
1861,2022-06-10,54,Female,166.4,81.7,14335,737.9,8.7,88,Yoga,24,1.52,2,Happy
1360,2022-06-11,43,Male,150.9,65.5,7177,529.4,6.2,75,Cycling,46,4.15,4,Happy
1256,2022-06-12,26,Male,176.2,63.6,9438,601.9,7.8,86,Walking,38,2.64,9,Neutral
1132,2022-06-13,52,Male,190,74.9,4926,441.8,5.7,74,Yoga,62,2.77,9,Tired
1275,2022-06-14,25,Male,162.2,99.5,16378,900,6.5,97,Running,62,1.49,1,Tired
1775,2022-06-15,37,Female,193.8,66.5,11288,622.3,4.3,87,None,0,2.47,5,Neutral
1682,2022-06-16,59,Male,168.8,63.2,11154,732.1,7.5,73,Walking,74,3.18,9,Happy
1971,2022-06-17,39,Female,186.7,87.7,3959,452.2,6.8,75,Cycling,80,2.65,4,Tired
1512,2022-06-18,36,Male,173.1,71,19611,900,6,75,Yoga,66,2.6,7,Neutral
1312,2022-06-19,47,Female,173.1,83,2393,262.1,6.9,64,Running,75,2.46,6,Neutral
1575,2022-06-20,45,Female,188.4,92.1,19407,900,6.7,70,Walking,37,1.54,4,Neutral
1885,2022-06-21,52,Male,177.8,45,14025,751,5.8,69,Running,84,1.53,10,Neutral
1979,2022-06-22,28,Male,173.7,69.4,7064,568,7.6,77,Walking,72,3.32,7,Tired
1283,2022-06-23,48,Female,150.6,66.6,7639,462.4,6.6,67,Cycling,30,3.12,7,Neutral
1120,2022-06-24,56,Female,154.9,55.6,3478,351.4,6.8,73,Walking,20,3.22,2,Tired
1106,2022-06-25,53,Male,174.6,45,8929,518.9,4.8,71,Cycling,27,1.92,7,Neutral
1932,2022-06-26,47,Female,184.7,46.1,10173,612.3,6.8,76,Walking,38,2.39,9,Neutral
1686,2022-06-27,40,Female,171.3,71.6,12415,803.7,6.7,90,Yoga,74,3.36,6,Tired
1996,2022-06-28,36,Female,164.1,62,9418,667.9,5.8,86,Walking,35,1.64,6,Neutral
1203,2022-06-29,29,Male,151.6,58,18650,900,7.8,62,Walking,85,3.29,6,Happy
1164,2022-06-30,32,Female,162.2,71.4,3057,353.8,3.8,74,Gym,31,2.09,2,Tired
1304,2022-07-01,48,Female,171.3,59.6,14703,811.7,6.3,72,Gym,81,1.9,6,Tired
1496,2022-07-02,54,Female,161.4,89.4,15383,800.1,7.5,69,Walking,77,2.48,6,Neutral
1631,2022-07-03,54,Male,160.4,60.7,14935,893.2,10,97,Gym,40,1.72,9,Tired
1555,2022-07-04,32,Male,169.5,92.6,11443,723.7,5,70,Cycling,56,1.17,2,Tired
1823,2022-07-05,46,Female,184.5,69.5,3941,369.4,7.1,70,Gym,24,2.55,9,Happy
1155,2022-07-06,43,Male,176.8,60.2,1156,235.4,7.8,93,Walking,89,2.87,5,Tired
1366,2022-07-07,19,Female,172.9,59.1,13255,722.6,7.1,85,None,0,3.35,9,Happy
1718,2022-07-08,37,Male,171.9,92.7,18144,900,5.2,71,Running,86,2.92,10,Tired
1901,2022-07-09,32,Male,175.5,80.4,9965,596.8,6.3,83,None,0,3.88,10,Happy
1619,2022-07-10,21,Female,168.9,58.6,18341,900,3.3,73,None,0,3.45,2,Tired
1250,2022-07-11,39,Male,165.9,71.8,15805,856.2,7,73,None,0,3.02,5,Tired
1956,2022-07-12,55,Male,177.4,45,17637,857.8,4.9,67,None,0,2.83,2,Happy
1915,2022-07-13,40,Male,167.7,50,18953,900,7.7,51,Running,66,3.36,5,Happy
1881,2022-07-14,43,Female,158.1,58.7,8505,589.7,6,61,Walking,68,0.95,7,Happy
1333,2022-07-15,28,Male,184.4,58.4,13405,678.4,5.9,64,Walking,43,2.16,7,Tired
1641,2022-07-16,45,Male,151.3,88.2,13837,736,7.2,79,Running,45,1.2,7,Neutral
1968,2022-07-17,19,Female,185.2,45,9999,578,7.4,77,Yoga,74,2.96,5,Neutral
1510,2022-07-18,25,Male,175.1,48.6,10973,577,8.3,86,Gym,26,1.98,7,Tired
1292,2022-07-19,46,Male,160.3,76.8,12855,729.7,6.6,63,Yoga,60,4.61,6,Tired
1019,2022-07-20,28,Male,170.2,73.5,7557,496.1,6.8,93,Cycling,21,2.14,7,Happy
1281,2022-07-21,54,Male,165.7,64.8,10071,570.9,4.9,92,None,0,2.57,5,Happy
1796,2022-07-22,35,Male,178.1,100.8,6088,547.8,9.2,75,None,0,2.22,2,Happy
1000,2022-07-23,31,Female,177.9,79.3,17384,773.8,5.6,68,Running,75,2.16,9,Neutral
1118,2022-07-24,27,Female,174.6,88.3,17550,858.8,8.1,69,Running,43,1.63,2,Tired
1034,2022-07-25,52,Male,177.5,69.2,3063,293.7,8.1,77,Yoga,31,1.6,3,Tired
1197,2022-07-26,26,Male,168.9,61.8,9303,504.2,7.6,94,Cycling,34,0.97,9,Neutral
1484,2022-07-27,52,Male,187.6,62,12631,818.1,6.6,74,Yoga,67,2.88,2,Happy
1756,2022-07-28,28,Female,182.2,83.9,2125,397.4,6.5,59,Cycling,80,2.2,8,Happy
1058,2022-07-29,29,Female,165.2,81.6,3641,311.4,6.9,94,Walking,47,3.85,3,Happy
1836,2022-07-30,20,Male,178.1,66.7,18813,900,4.1,71,None,0,1.63,6,Happy
1160,2022-07-31,56,Male,177.2,77.1,11235,679.2,7,90,Walking,35,3.53,9,Neutral
1690,2022-08-01,31,Female,167.4,84.4,13794,834.6,9.2,81,Running,55,3.6,10,Happy
1205,2022-08-02,45,Male,166.6,61.5,19018,900,6.7,74,Walking,23,3.39,10,Happy
1011,2022-08-03,28,Female,182.1,64.8,9862,616.1,7,85,Yoga,28,2.66,3,Neutral
1489,2022-08-04,56,Female,169.9,76.7,4111,434.6,5.5,68,Cycling,31,2.26,9,Happy
1275,2022-08-05,42,Male,172.6,45,2690,370.1,7.3,72,Running,63,3.39,7,Neutral
1692,2022-08-06,38,Female,184,77,16740,877.2,5.8,70,Walking,85,1.95,5,Happy
1241,2022-08-07,27,Male,195.3,53.1,16094,796.6,8.3,73,Running,38,2.69,8,Tired
1215,2022-08-08,32,Male,164.7,84.1,16875,836.8,8.7,80,Running,32,2.47,6,Happy
1250,2022-08-09,36,Male,167.8,102.2,10156,513.8,9,80,Cycling,74,1.88,7,Tired
1810,2022-08-10,39,Male,170.7,59.5,17664,900,4.8,59,Yoga,84,2.69,3,Neutral
1125,2022-08-11,38,Male,171,49.8,5446,428.4,8.1,70,None,0,3.02,10,Happy
1993,2022-08-12,49,Male,173.8,67.3,11158,660.8,8,71,Yoga,22,1.85,6,Happy
1216,2022-08-13,40,Female,165.1,66,3808,351.1,6.4,81,Gym,44,2.82,3,Happy
1305,2022-08-14,30,Female,157.3,79.9,6402,398.9,8.8,61,Yoga,71,0.94,7,Tired
1796,2022-08-15,22,Female,187.5,73.5,2964,334.2,7.6,82,Walking,35,1.77,10,Happy
1184,2022-08-16,21,Female,176.1,65.6,18206,900,9.1,64,Gym,62,2.18,6,Neutral
1038,2022-08-17,45,Male,165.8,71.4,10629,581.8,5.1,77,Gym,75,2.75,10,Happy
1222,2022-08-18,31,Female,174.4,53.2,3061,321,5.9,86,Gym,87,3.11,8,Neutral
1183,2022-08-19,25,Female,188.3,82.4,4865,362.2,7.1,63,Gym,27,2.56,8,Tired
1494,2022-08-20,26,Female,162.1,94.3,5294,401,8.8,77,Yoga,63,2.9,6,Neutral
1426,2022-08-21,52,Male,172.1,52,15171,750.1,7.7,73,Gym,57,2.39,2,Tired
1177,2022-08-22,54,Female,156.1,46.3,13965,745.2,5.6,65,Walking,42,2.78,10,Tired
1918,2022-08-23,38,Male,168.8,64,13228,810.5,9.7,63,Walking,25,2.75,10,Tired
1427,2022-08-24,35,Female,176.2,51.7,16651,840.9,6.6,68,Running,62,2.14,6,Neutral
1293,2022-08-25,50,Male,158.9,50.9,17461,864.4,5.6,67,Walking,63,2.25,1,Neutral
1851,2022-08-26,25,Male,168.1,49,3159,295.5,5.8,73,None,0,2.92,6,Neutral
1150,2022-08-27,34,Female,178,67.1,13822,743.4,5,71,Running,35,3.77,6,Happy
1383,2022-08-28,48,Male,175.9,63.8,4187,457.1,3.6,79,Walking,28,3.34,6,Neutral
1637,2022-08-29,51,Male,158.4,75.6,8135,595.7,6.8,83,Gym,28,1.71,9,Tired
1812,2022-08-30,23,Female,173.7,61.6,14508,773.1,4.7,60,Cycling,77,1.71,4,Neutral
1307,2022-08-31,39,Female,175.6,51.8,1789,239.4,7.5,72,Gym,84,2.13,7,Tired
1335,2022-09-01,31,Female,171.1,69.7,18947,869.8,8.5,66,Yoga,78,2.57,3,Neutral
1945,2022-09-02,20,Male,180.9,54.1,2322,247.3,7.6,64,Running,42,2.53,8,Neutral
1745,2022-09-03,29,Male,164.1,77.7,14387,676.8,7.1,59,Cycling,88,3.37,2,Tired
1891,2022-09-04,53,Male,174.1,45,7673,543.9,4.7,59,Walking,38,3.41,2,Neutral
1374,2022-09-05,29,Female,158.3,45,18886,900,8.3,70,Gym,54,2.5,5,Happy
1007,2022-09-06,19,Male,154,45.9,8116,505.9,9.9,79,Running,74,2.34,1,Happy
1340,2022-09-07,19,Male,177.8,63.7,19043,900,9.1,79,Running,59,2.86,1,Tired
1128,2022-09-08,32,Male,170.2,65.7,10507,565.8,5,64,Walking,33,3.24,3,Tired
1775,2022-09-09,40,Male,165.4,72.1,4062,265.5,6.9,63,Running,32,2.89,6,Tired
1668,2022-09-10,46,Male,159.3,61.5,19454,900,6.6,77,Walking,72,2.2,10,Happy
1351,2022-09-11,34,Male,178.3,57.3,11868,693.9,6.4,71,Walking,58,2.07,6,Tired
1357,2022-09-12,49,Male,154.9,91.5,3553,427.3,7,84,Gym,84,1.72,8,Tired
1516,2022-09-13,24,Female,179.9,87.5,18428,900,10,64,Running,75,2.64,7,Happy
1494,2022-09-14,47,Female,174.5,84.8,10979,625.2,7.2,56,Yoga,59,2.94,1,Tired
1085,2022-09-15,45,Female,155.4,74.6,6957,523.9,6.3,81,Yoga,65,3.01,1,Neutral
1174,2022-09-16,31,Male,171.3,75.8,12727,724.8,7.4,56,Gym,26,3.31,4,Neutral
1801,2022-09-17,47,Male,196.5,57.9,5578,423.2,5,61,Gym,64,3.54,1,Neutral
1192,2022-09-18,34,Female,181.9,72.2,6621,463,5.9,68,Walking,41,1.54,1,Neutral
1310,2022-09-19,49,Male,161.7,55.9,2966,311.4,8.5,72,Yoga,26,2.78,10,Happy
1118,2022-09-20,23,Female,177.2,54.2,11548,656.8,7.3,81,Running,71,2.81,1,Neutral
1217,2022-09-21,41,Male,155.8,45.7,14864,877.4,10,65,Yoga,87,2.45,3,Neutral
1426,2022-09-22,23,Male,156.3,76.1,19634,900,7.4,88,Gym,89,1.92,10,Happy
1969,2022-09-23,44,Female,169.3,72.5,12679,794.3,5.1,60,Gym,86,3.51,2,Happy
1413,2022-09-24,35,Female,175.5,65.5,15975,794.1,4.6,71,Walking,22,2.09,10,Happy
1113,2022-09-25,41,Female,178.1,63.5,15167,665,8.5,83,Running,77,0.97,8,Neutral
1977,2022-09-26,54,Female,178.3,45,3014,297.4,5.4,84,Gym,86,2.51,7,Tired
1144,2022-09-27,41,Female,174.9,73.8,5624,383.2,5.3,50,None,0,2.33,10,Tired
1537,2022-09-28,55,Male,153.9,65.3,6868,400,6.2,102,Running,28,3.8,8,Neutral
1647,2022-09-29,51,Male,169.4,83.4,15626,890.1,8.5,72,Yoga,73,2.84,4,Tired
1302,2022-09-30,57,Male,179.7,72.2,1804,205.3,6.4,78,Walking,70,2.29,9,Tired
1743,2022-10-01,32,Female,174.4,80.6,18718,900,5.7,72,Yoga,35,2.36,5,Happy
1880,2022-10-02,28,Female,171.8,69.9,1667,367.4,8.8,96,None,0,2.35,7,Neutral
1587,2022-10-03,39,Female,173.3,72.7,1384,197.9,8.6,88,Gym,39,4.05,4,Neutral
1986,2022-10-04,41,Female,173.1,84,12316,681.1,9.5,96,Gym,72,2.97,1,Tired
1839,2022-10-05,18,Female,150.4,67.1,4440,445.2,9,80,Running,50,1.51,8,Neutral
1344,2022-10-06,35,Female,181.5,77.1,17396,875.1,8.6,84,Gym,40,2.33,9,Happy
1813,2022-10-07,29,Male,168.9,63.3,8726,565.7,5.9,65,None,0,2.48,9,Tired
1963,2022-10-08,45,Male,177.1,68,12199,719.9,8,72,Running,40,1.72,10,Happy
1800,2022-10-09,57,Male,150,93.9,6403,464.8,8.8,84,None,0,1.25,8,Tired
1000,2022-10-10,24,Male,186.6,79.6,7151,463.6,9.8,78,Cycling,24,2.92,1,Neutral
1146,2022-10-11,40,Male,158.4,61.9,13359,695.3,7.3,76,Gym,88,1.94,3,Happy
1286,2022-10-12,38,Female,195.4,76.3,16227,794.3,6.3,67,Yoga,66,3.37,5,Happy
1975,2022-10-13,51,Female,191.2,50.8,11057,672.1,5.7,87,Yoga,39,2.51,7,Happy
1653,2022-10-14,28,Female,156.8,66.7,1100,211.1,8.5,87,Running,57,2.17,8,Tired
1052,2022-10-15,39,Female,178.2,55.7,5978,498.9,6,85,None,0,0.81,1,Tired
1303,2022-10-16,59,Female,159.8,76.8,10504,699.6,7.2,78,None,0,3.36,5,Happy
1068,2022-10-17,52,Female,163.6,67.2,11988,621.7,5.7,75,None,0,2.71,3,Happy
1360,2022-10-18,46,Male,163.8,74.3,15531,858.1,6.8,86,None,0,2.19,7,Tired
1601,2022-10-19,59,Female,174.5,81.6,7534,604.3,7.7,84,Cycling,51,1.88,6,Neutral
1957,2022-10-20,45,Female,173.2,63.1,17833,870.6,7.4,66,Gym,81,3.62,1,Neutral
1219,2022-10-21,35,Female,158,63.6,12631,765.3,8.1,78,None,0,1.76,2,Happy
1961,2022-10-22,31,Female,174.4,69.4,12693,735.8,4.9,82,Walking,52,2.24,5,Neutral
1703,2022-10-23,35,Male,168,57.1,4167,414.7,6.8,68,Walking,86,2.9,5,Tired
1965,2022-10-24,45,Male,151.8,69.8,6380,417.4,6.3,84,Yoga,25,3.52,1,Neutral
1574,2022-10-25,41,Female,165.7,70.6,14823,888.2,5.5,82,Gym,85,2.35,4,Tired
1584,2022-10-26,25,Male,186.6,73.4,12629,671.7,5.9,71,Walking,51,1.99,9,Happy
1160,2022-10-27,59,Male,166,76.3,4856,426.3,5.7,61,Running,83,2.43,9,Neutral
1680,2022-10-28,25,Female,151.6,46,2075,279.8,7.5,81,Gym,45,3.13,5,Neutral
1088,2022-10-29,21,Female,178.1,50.7,16755,897,7.6,95,Yoga,81,3.29,7,Tired
1687,2022-10-30,44,Female,160.7,52.5,11914,627.4,8.3,78,Cycling,24,1.54,2,Tired
1780,2022-10-31,53,Female,172.1,71.4,1701,206.7,7.5,81,Running,30,2.58,1,Happy
1584,2022-11-01,22,Female,168.3,65.7,4348,388.3,7.2,63,Running,68,1.5,2,Happy
1756,2022-11-02,50,Male,187.6,45,9185,549,7.1,75,None,0,3.12,4,Tired
1588,2022-11-03,51,Female,168.3,99.2,7836,493.4,8,74,Gym,79,2.8,6,Tired
1158,2022-11-04,47,Female,158.6,45,14304,799.4,3.8,66,Cycling,21,1.86,3,Happy
1488,2022-11-05,25,Female,165.3,70.5,11638,590.8,6.9,79,Running,78,3.57,2,Tired
1970,2022-11-06,56,Male,157.7,78.5,3249,390.3,7.5,79,Cycling,44,2.73,7,Neutral
1323,2022-11-07,43,Female,167.9,59.2,11705,674.2,9.7,72,Yoga,87,2.66,8,Happy
1609,2022-11-08,54,Female,187.7,79.6,10374,653.1,5.3,75,Running,61,2.37,9,Neutral
1380,2022-11-09,51,Female,182.5,54.9,9118,591.1,5.3,96,Walking,74,2.49,10,Tired
1101,2022-11-10,24,Male,190.4,72.6,3551,371.2,3.6,69,Yoga,57,2.23,8,Happy
1493,2022-11-11,57,Female,174.8,45,13550,682.1,4.9,64,Yoga,62,1.98,2,Happy
1643,2022-11-12,45,Female,171.4,87.6,3214,386.8,6.8,63,None,0,3.36,3,Happy
1613,2022-11-13,56,Female,160,70,9534,595,5.9,77,Running,72,2.16,1,Tired
1018,2022-11-14,56,Male,172.7,46.1,18101,900,5.9,50,Walking,40,2.13,1,Happy
1453,2022-11-15,45,Female,168.7,79.4,3460,332.1,7,70,Cycling,39,2.41,6,Happy
1481,2022-11-16,31,Female,177.8,94.5,12928,735.2,7.9,65,Walking,38,3.5,3,Happy
1593,2022-11-17,55,Female,158.8,56.1,4255,379.2,7,74,Yoga,52,3.29,4,Happy
1396,2022-11-18,21,Male,170.5,66.8,6334,483.2,7,74,Running,82,2.22,10,Tired
1278,2022-11-19,59,Female,154.3,62.3,13281,813.9,7.6,78,Walking,87,3.36,8,Happy
1850,2022-11-20,35,Female,173.4,58.4,7830,461.4,4.3,81,Walking,79,2.58,5,Happy
1364,2022-11-21,42,Female,176.8,56.9,8754,587.7,7.2,86,Yoga,38,1.91,6,Tired
1330,2022-11-22,24,Male,153.8,60.3,7940,512.2,6.9,71,Cycling,47,2.17,9,Happy
1640,2022-11-23,55,Male,156.6,61.1,11722,726,7,68,Walking,41,3.46,2,Neutral
1343,2022-11-24,45,Female,157,64.7,4632,466.6,6.1,84,None,0,3.96,3,Happy
1821,2022-11-25,22,Male,168.2,63.6,17029,891,6.7,58,Walking,82,2.72,5,Happy
1454,2022-11-26,20,Male,156,81.4,1014,271.6,7.6,83,Gym,81,2.1,2,Neutral
1600,2022-11-27,48,Male,183.8,80.1,12581,764,9.4,76,Yoga,48,2.41,8,Tired
1724,2022-11-28,59,Female,174.4,47,15157,856.2,4.5,79,Gym,51,1.97,2,Happy
1654,2022-11-29,37,Female,176,61.1,12506,763.1,7.9,79,Yoga,44,2.07,4,Neutral
1064,2022-11-30,36,Male,154.1,88.8,9208,553.4,8.8,76,Yoga,35,2,3,Tired
1075,2022-12-01,28,Male,182.9,74.4,10971,613,5.1,77,Gym,34,2.44,4,Tired
1710,2022-12-02,57,Male,176.5,75,19333,900,6.7,64,Cycling,78,2.58,4,Neutral
1142,2022-12-03,20,Female,163.2,73.6,9272,561.1,7.4,68,Cycling,67,2.4,6,Tired
1916,2022-12-04,40,Female,154.6,66.1,4079,359,10,93,Yoga,37,2.35,10,Tired
1914,2022-12-05,24,Male,169.2,69.4,9127,557.9,10,82,Gym,42,3.03,10,Neutral
1827,2022-12-06,40,Male,165.3,63.9,10210,633,5.1,86,Walking,74,2.34,10,Tired
1604,2022-12-07,24,Male,165.8,82.8,16014,866.5,6.5,72,Yoga,61,2.38,9,Neutral
1472,2022-12-08,51,Male,162.9,64.1,16646,862.6,7.3,76,None,0,2.38,3,Tired
1416,2022-12-09,59,Female,177.2,68.3,19208,900,7.8,80,Yoga,71,3.58,1,Neutral
1304,2022-12-10,36,Male,150,81,4864,435.9,7.3,87,Running,30,2.16,8,Tired
1735,2022-12-11,26,Female,184.3,65.1,11661,626.5,5.6,73,Cycling,74,2.92,7,Neutral
1496,2022-12-12,35,Male,180,68.9,19897,900,5.5,80,Gym,44,1.98,2,Happy
1290,2022-12-13,58,Male,172.1,64.6,11322,622.3,4.7,82,Walking,60,2.74,5,Tired
1939,2022-12-14,59,Male,168.6,68.7,7710,580.4,4,84,None,0,2.88,10,Neutral
1101,2022-12-15,42,Male,180.8,65.1,9516,589,4.7,73,Walking,74,3.26,4,Tired
1985,2022-12-16,31,Male,169.6,62,15386,818.6,8.7,88,None,0,2.23,9,Tired
1266,2022-12-17,42,Female,167.2,59.4,14338,684,8.1,61,Yoga,55,1.72,4,Happy
1866,2022-12-18,36,Male,181.4,67.4,16316,885.5,7.8,64,Walking,76,1.95,5,Tired
1967,2022-12-19,56,Male,190.9,85.3,11203,652.9,6.7,80,Walking,82,3.18,8,Tired
1621,2022-12-20,32,Male,160.3,79.4,5888,444.2,6.9,80,Yoga,39,3.96,3,Happy
1973,2022-12-21,33,Female,174.2,46.3,12325,688.3,6.6,73,Cycling,66,3.08,6,Neutral
1841,2022-12-22,44,Female,159.1,63.6,10386,646.7,4.6,71,Running,39,1.62,6,Neutral
1961,2022-12-23,57,Female,175,60.4,16645,900,8,71,Cycling,25,3.06,7,Neutral
1941,2022-12-24,27,Female,162.2,46.6,7260,514.6,8.3,66,Cycling,48,1.84,9,Neutral
1776,2022-12-25,21,Male,182.1,74.1,12267,756.5,5.3,75,Running,68,2.26,3,Neutral
1002,2022-12-26,36,Male,169,68.6,16419,820.8,5.3,59,Yoga,25,2.63,5,Neutral
1084,2022-12-27,45,Male,170.5,100.3,14086,733.8,7.5,86,Cycling,58,2.75,5,Happy
1793,2022-12-28,38,Female,186.3,65,3904,376.5,7.5,79,Gym,51,2.55,5,Neutral
1327,2022-12-29,31,Male,162.7,58.4,12492,732.8,8.1,88,Gym,68,2.08,6,Happy
1815,2022-12-30,50,Male,176.8,56.9,2123,310.8,9.1,77,Running,62,3.24,1,Tired
1449,2022-12-31,27,Female,163.7,63.2,14430,712.8,5.4,75,Gym,47,2.13,9,Happy
1453,2023-01-01,36,Female,182,78.9,15999,779.8,6.9,76,Yoga,64,3.38,3,Happy
1923,2023-01-02,47,Female,187.9,80.6,19654,900,5.5,68,Walking,84,1.55,6,Happy
1628,2023-01-03,39,Male,167.4,113.9,9121,475.4,5.6,63,Yoga,69,2.65,4,Happy
1220,2023-01-04,20,Male,150,51.9,19642,900,6.4,65,Running,73,1.64,7,Neutral
1153,2023-01-05,54,Female,163.1,71.3,4646,382.1,9.2,71,Walking,70,1.92,8,Tired
1664,2023-01-06,58,Male,194.3,59.7,14173,721.2,8.7,66,Gym,62,2.14,4,Tired
1011,2023-01-07,35,Female,164.1,75.3,8025,493.4,6.9,88,Cycling,83,3.56,10,Tired
1132,2023-01-08,28,Female,187.7,90.7,13549,747.4,3.8,68,Gym,49,3.42,6,Happy
1993,2023-01-09,19,Male,163.9,82.9,15853,759.4,7.6,79,Yoga,61,3.11,10,Happy
1303,2023-01-10,29,Female,163.7,51.9,18655,900,7.6,81,Yoga,57,2.52,7,Neutral
1292,2023-01-11,23,Female,177.8,80.3,9989,586.4,5.6,87,Running,85,2.63,10,Neutral
1974,2023-01-12,57,Female,176.6,45,12326,678,8.2,82,Cycling,88,3.39,7,Tired
1299,2023-01-13,46,Male,178.5,45,4463,365,5.6,73,Cycling,34,2.99,9,Happy
1739,2023-01-14,47,Female,170,66.3,15388,883.5,8.2,92,Walking,80,2.51,8,Happy
1782,2023-01-15,19,Female,180.3,79.2,15075,850.4,7.4,63,Walking,25,3.54,3,Happy
1042,2023-01-16,26,Female,179.6,75.2,11547,629.7,4.8,66,Yoga,43,3.07,4,Tired
1943,2023-01-17,19,Female,181.5,98.6,5941,385.8,6.5,77,Running,33,2.67,9,Tired
1342,2023-01-18,46,Female,163.8,71.6,17010,859.7,7.2,76,Yoga,31,2.18,7,Happy
1325,2023-01-19,50,Female,180.3,68.4,1897,337.2,7.5,83,None,0,2.12,7,Happy
1813,2023-01-20,27,Female,164.8,87.3,9244,463.4,8.5,77,Cycling,87,2.26,1,Tired
1497,2023-01-21,51,Male,168.4,64.4,1605,268.4,8.7,79,Cycling,63,2.82,2,Tired
1363,2023-01-22,25,Male,168.2,75.8,4677,371.7,6.6,85,Yoga,70,3.09,1,Neutral
1890,2023-01-23,54,Female,160,76.7,5547,481.8,7.8,76,Cycling,57,1.49,4,Neutral
1426,2023-01-24,50,Male,152.6,55.4,9652,635.1,9.4,82,Walking,60,1.14,4,Neutral
1020,2023-01-25,23,Male,182.2,75.8,18158,852.9,5.5,67,Cycling,63,1.83,5,Happy
1406,2023-01-26,57,Female,163,102.8,6256,510.1,6.1,68,Walking,35,2.21,5,Happy
1618,2023-01-27,36,Male,167.3,87,17333,776.6,4.5,84,Gym,69,3.34,1,Happy
1335,2023-01-28,49,Female,162.7,57.4,15730,859.8,6.1,76,Running,57,2.3,7,Tired
1814,2023-01-29,44,Female,167.4,105.1,6156,481.3,7.3,77,Running,24,2.68,6,Neutral
1116,2023-01-30,18,Female,164.9,80.3,6773,555.2,3.8,68,Cycling,28,2.79,8,Tired
1123,2023-01-31,50,Female,182.8,76.4,11886,686.8,7.7,71,Running,58,1.78,4,Tired
1398,2023-02-01,57,Female,164.1,68.5,16930,844,6.3,78,None,0,3.52,1,Tired
1792,2023-02-02,49,Male,187.1,80.2,4518,330.3,6.9,72,Gym,51,2.03,3,Happy
1803,2023-02-03,22,Female,181.4,71.7,7775,584,5.2,66,Cycling,83,3.59,9,Happy
1714,2023-02-04,34,Male,165.3,70.3,6378,540,6.8,66,Walking,52,2.41,10,Tired
1050,2023-02-05,25,Female,173.2,68,14634,762.9,9.5,69,Gym,37,2.26,7,Neutral
1782,2023-02-06,59,Female,175.2,84.6,7673,508,6.4,72,None,0,1.72,2,Happy
1323,2023-02-07,51,Female,178.4,82.9,7444,565.9,3.7,72,Gym,24,2.64,3,Happy
1788,2023-02-08,26,Male,179.4,67.8,15176,845.5,8.8,91,Running,78,4.08,2,Tired
1140,2023-02-09,40,Female,171.9,47.2,10379,605.8,7.8,84,None,0,2.79,4,Happy
1469,2023-02-10,52,Female,160.5,70.5,4727,351.1,7.1,78,Walking,35,2.69,2,Neutral
1786,2023-02-11,24,Female,176.4,59.2,15225,766.9,7.9,94,Yoga,67,2.03,4,Tired
1801,2023-02-12,32,Female,167.6,62.9,19373,900,7.1,74,Gym,85,2.91,7,Happy
1333,2023-02-13,37,Male,150,68.1,16468,840.4,9.5,80,Running,27,2.61,8,Tired
1892,2023-02-14,42,Female,173.9,54.1,5345,393.5,8.1,78,Gym,63,2.46,10,Tired
1963,2023-02-15,20,Male,162.7,45.8,9174,597.6,6.3,80,Walking,40,2.85,6,Neutral
1372,2023-02-16,41,Female,165.4,74.4,14052,766.1,9.2,68,Walking,45,1.23,9,Neutral
1563,2023-02-17,51,Male,170.1,70.4,8046,541.3,9.7,72,Cycling,54,2.43,6,Happy
1493,2023-02-18,39,Male,154.5,69.8,5186,391.2,8.4,67,Yoga,34,1.66,3,Tired
1538,2023-02-19,28,Female,171.4,77.7,17722,890.6,7.6,79,Yoga,59,2.52,1,Happy
1668,2023-02-20,25,Female,166.8,60.1,10853,597.4,5.7,75,Running,49,1.99,9,Happy
1750,2023-02-21,56,Male,161.2,75,6968,514.2,8,56,Yoga,85,2.04,3,Happy
1155,2023-02-22,52,Female,170.5,90.1,13456,742.5,7.6,80,Walking,32,1.57,1,Neutral
1290,2023-02-23,55,Female,153.1,66.2,16498,874.6,7,77,Yoga,20,3.28,2,Tired
1647,2023-02-24,25,Female,170.8,98.5,8684,496.4,8,92,Running,62,2.03,3,Tired
1143,2023-02-25,54,Male,174.7,70.7,16543,896.5,7.1,84,Gym,47,2.06,8,Neutral
1105,2023-02-26,44,Female,173.1,57.2,9361,590,7.8,86,Yoga,20,3.57,8,Neutral
1419,2023-02-27,45,Female,177.9,82.7,7505,536.7,8.6,64,Yoga,59,2.9,2,Happy
1669,2023-02-28,57,Female,181.7,68.3,7387,512.7,5,86,Walking,53,1.08,6,Happy
1657,2023-03-01,51,Male,169.2,85.8,12291,705.9,5.5,73,Walking,32,3.47,2,Neutral
1001,2023-03-02,49,Female,181,76.2,13806,661.2,5.6,68,Gym,80,3.65,7,Neutral
1944,2023-03-03,32,Male,169.1,65.1,3610,401.3,9.9,52,None,0,3.59,10,Tired
1588,2023-03-04,34,Female,163,92.8,3473,272.9,8,88,None,0,2.97,3,Tired
1643,2023-03-05,50,Male,166.1,62.5,3688,399.4,8.1,72,Cycling,32,1.73,8,Tired
1089,2023-03-06,33,Female,172.7,45,5804,428.5,8.7,74,Yoga,55,2.47,3,Neutral
1344,2023-03-07,46,Female,180.9,83.2,2290,211.3,5.4,78,Walking,80,1.49,10,Happy
1349,2023-03-08,26,Male,170,75.2,11227,644.8,3.9,94,Cycling,77,1.89,6,Tired
1458,2023-03-09,50,Male,163.3,89.3,19991,900,6.9,73,Yoga,34,1.72,1,Neutral
1262,2023-03-10,46,Male,184.4,56.8,19072,900,8.3,75,Yoga,31,2.06,8,Neutral
1350,2023-03-11,30,Female,155.7,66.3,7511,474.7,6.7,85,Cycling,88,2.61,7,Happy
1107,2023-03-12,38,Female,163.3,64.6,9197,515.8,4.9,72,Walking,80,2.19,1,Tired
1585,2023-03-13,38,Female,178.9,84,9714,621.6,5.6,67,Gym,61,2.16,7,Tired
1038,2023-03-14,22,Female,187.7,79.8,7672,504.8,5.2,53,None,0,2.3,5,Neutral
1908,2023-03-15,27,Male,174.8,73.2,17449,900,6.1,88,Yoga,21,3.55,2,Tired
1158,2023-03-16,23,Female,172.5,73.3,3981,353.5,5.3,77,Running,27,4.01,1,Happy
1582,2023-03-17,30,Female,167.1,52.7,13785,809.2,7.2,80,Running,73,2.18,2,Tired
1958,2023-03-18,18,Female,175.5,81.5,15666,806.6,6.2,70,Running,27,2.74,6,Happy
1311,2023-03-19,37,Female,171.3,81.8,3815,273.8,8,82,Gym,32,1.91,2,Neutral
1240,2023-03-20,25,Female,162.5,104.4,6096,389.1,5.5,69,None,0,3.04,6,Happy
1937,2023-03-21,27,Female,166.9,77.1,14950,819.8,7.4,77,Yoga,32,2.17,8,Happy
1444,2023-03-22,26,Female,161.3,79.5,19401,900,6.9,76,Walking,77,2,8,Happy
1297,2023-03-23,58,Male,170.1,77.2,7673,571.1,7.6,86,Walking,82,3.9,6,Happy
1951,2023-03-24,20,Female,171.6,59.5,2742,251.1,7.8,81,None,0,1.55,5,Neutral
1035,2023-03-25,28,Female,186.3,88.7,6720,519.7,8,69,Gym,57,0.78,4,Happy
1083,2023-03-26,29,Female,164,69.2,4509,358.7,8.2,81,None,0,3.01,6,Neutral
1451,2023-03-27,27,Female,168.2,67.1,13273,796.3,7.8,71,Yoga,88,2.24,5,Tired
1885,2023-03-28,42,Male,182.6,68,4534,406.6,7.4,67,Cycling,59,2.05,10,Tired
1774,2023-03-29,42,Male,188.1,69,15685,837,6,81,Cycling,20,4.41,4,Tired
1821,2023-03-30,28,Male,174.7,62.7,6136,478.7,8.3,77,Yoga,21,3.01,6,Tired
1384,2023-03-31,53,Male,167.5,73.2,6585,524.7,6,63,Yoga,48,2.46,9,Neutral
1171,2023-04-01,56,Male,165.3,68.6,9554,579.6,6.6,70,Walking,26,2,9,Neutral
1375,2023-04-02,43,Male,151.6,67.3,12473,605.1,5.7,82,Gym,76,2.81,8,Tired
1684,2023-04-03,31,Female,160.7,77.3,2634,365.4,5.7,79,Gym,74,1.29,10,Happy
1361,2023-04-04,56,Male,171,71.1,17908,900,6.5,79,None,0,2.14,1,Tired
1558,2023-04-05,57,Male,168.2,61.7,16117,900,6.7,93,Walking,26,2.47,9,Tired
1890,2023-04-06,18,Female,176.2,58.5,2722,278.7,5.8,85,Running,29,2.65,5,Tired
1140,2023-04-07,21,Male,168,71.5,9611,565.4,7,74,Cycling,58,2.4,3,Neutral
1886,2023-04-08,47,Female,162.7,58.8,4864,431.8,7.2,71,Yoga,77,2.01,8,Tired
1917,2023-04-09,29,Female,173.4,57.7,2067,320.8,6.2,68,None,0,3.14,8,Tired
1117,2023-04-10,52,Male,195.1,57.9,7438,518.7,10,70,Cycling,33,1.34,9,Tired
1276,2023-04-11,30,Female,166.8,73.8,18803,900,7.5,59,Cycling,20,2.31,2,Neutral
1725,2023-04-12,48,Male,171.4,87.9,8271,472.8,7.2,63,None,0,2.14,10,Tired
1219,2023-04-13,55,Male,178.5,75.2,12325,659.1,6,82,Gym,68,3.21,4,Tired
1904,2023-04-14,40,Female,164.3,83.3,12828,637.3,7.2,90,Walking,35,2.18,10,Happy
1025,2023-04-15,21,Female,182.7,69,15132,900,7.4,76,Running,26,2.81,2,Tired
1520,2023-04-16,33,Male,154.2,72.1,18013,869.3,7,68,Running,34,2.73,6,Neutral
1782,2023-04-17,24,Female,165.9,94.8,14442,763,9.1,50,None,0,1.22,1,Happy
1009,2023-04-18,39,Female,166.9,82.4,2834,348,4.4,92,None,0,2.45,10,Tired
1983,2023-04-19,46,Male,171.5,84.1,16126,845.3,6.4,62,Walking,78,1.28,3,Neutral
1377,2023-04-20,28,Male,150.3,66,3353,304.6,8.1,60,Cycling,67,2.75,2,Happy
1632,2023-04-21,50,Female,183.5,69.9,14878,787.7,5.7,72,Walking,69,1.99,7,Neutral
1636,2023-04-22,46,Male,174.1,76.1,12132,654.9,4.7,75,Walking,29,3.33,8,Happy
1681,2023-04-23,56,Male,181.2,60.9,9203,555.4,6.2,75,Yoga,71,2.37,2,Neutral
1583,2023-04-24,29,Male,186.1,45,11322,672.4,8.6,66,Yoga,87,1.96,9,Happy
1151,2023-04-25,24,Male,162.6,75.9,12295,640,5.7,79,Cycling,49,3.34,1,Tired
1719,2023-04-26,56,Male,150,84.4,4157,420.3,6.5,70,Gym,53,1.89,2,Tired
1048,2023-04-27,59,Male,181.5,70.8,10626,628.7,7.6,70,Running,84,3.13,3,Tired
1153,2023-04-28,43,Male,167.1,61.1,18340,900,6.1,72,Yoga,79,2.83,2,Tired
1858,2023-04-29,57,Female,158.7,65,12826,697.3,6.3,68,Cycling,27,2.24,1,Happy
1292,2023-04-30,26,Male,175.8,45,13095,782.2,6,62,None,0,1.56,8,Happy
1579,2023-05-01,58,Female,194.6,65,14567,823.6,6.1,63,Walking,88,3.37,1,Happy
1049,2023-05-02,51,Female,168.9,53.3,8884,567.4,5.3,64,Yoga,76,2.85,5,Happy
1663,2023-05-03,30,Female,179.5,59.5,2955,288.2,6.6,80,Walking,64,1.96,6,Happy
1530,2023-05-04,53,Male,160.1,52.5,11204,676.6,8.6,79,Walking,68,2.67,7,Happy
1611,2023-05-05,42,Male,153.1,50.8,5991,440.3,9.4,72,Yoga,81,3.2,3,Tired
1059,2023-05-06,41,Female,179.1,54.9,5065,489.9,8.9,73,Cycling,58,2.58,7,Happy
1166,2023-05-07,34,Male,175.5,79.5,17067,880.8,7.2,87,None,0,2.67,8,Neutral
1201,2023-05-08,19,Female,165.3,62.4,14763,874.7,9.5,80,Running,72,3.22,10,Neutral
1856,2023-05-09,30,Male,187.1,53.4,13095,733.5,10,91,Cycling,64,3.58,3,Neutral
1145,2023-05-10,48,Male,152.4,81.3,18408,884.5,7.3,69,Gym,47,2.42,5,Happy
1914,2023-05-11,46,Female,157.7,71.9,3329,498,5.5,63,Gym,72,1.56,1,Tired
1675,2023-05-12,45,Female,164.6,45,16873,802.6,9,85,Running,28,1.59,9,Neutral
1969,2023-05-13,44,Female,166.4,84.9,4026,262.2,5.2,75,None,0,2.02,8,Happy
1992,2023-05-14,32,Male,184.7,71.1,2011,176.7,5.7,67,Gym,46,1.85,3,Happy
1438,2023-05-15,48,Female,170.5,81.6,6624,601.9,3.9,80,Walking,41,1.32,4,Tired
1241,2023-05-16,57,Male,168.1,66.6,19084,900,8.1,68,Gym,49,3.79,1,Happy
1580,2023-05-17,32,Male,157.3,94.1,16229,856.4,3.5,82,Yoga,34,2.87,1,Happy
1686,2023-05-18,50,Male,180.9,64.3,14244,791.5,8.5,80,Walking,34,2.13,6,Neutral
1560,2023-05-19,37,Female,158.6,45,17602,900,9.7,73,Cycling,72,2.48,6,Neutral
1482,2023-05-20,59,Female,157.3,56.7,12780,622.7,9.6,58,None,0,1.25,9,Neutral
1107,2023-05-21,29,Female,166,77.5,6585,536.3,5.1,66,Running,89,3.31,5,Neutral
1225,2023-05-22,54,Male,171.6,72.4,17362,900,4.2,90,Yoga,35,1.14,3,Neutral
1672,2023-05-23,26,Male,162.8,68.2,15105,742.6,6,92,Yoga,84,2.86,6,Happy
1630,2023-05-24,40,Female,177.1,55.2,18195,900,8.3,101,Running,64,1.21,8,Happy
1660,2023-05-25,25,Male,167.2,70.3,15837,829.8,8.8,79,Gym,26,2.21,7,Tired
1976,2023-05-26,49,Male,180.5,69.8,15393,805.2,8,64,Running,64,3.37,10,Neutral
1661,2023-05-27,31,Female,175.1,69.6,6456,424.3,7.8,88,Running,58,1.36,3,Neutral
1431,2023-05-28,44,Female,187.9,78.1,5521,415.2,10,72,Gym,69,2.4,1,Neutral
1804,2023-05-29,42,Female,165.6,72.7,10775,604.7,6.3,68,Cycling,68,2.94,4,Neutral
1654,2023-05-30,30,Male,178.4,66.2,15099,857.2,5.8,78,None,0,2.82,6,Neutral
1418,2023-05-31,38,Male,152.1,55,5037,400.1,5.2,94,Running,68,2.55,4,Happy
1987,2023-06-01,48,Male,198.9,90.4,10074,568.3,7.6,74,Gym,59,2.85,5,Happy
1454,2023-06-02,54,Male,177.9,99.7,14986,798.2,6.7,75,Yoga,58,2.07,10,Neutral
1159,2023-06-03,22,Male,167,96.2,17815,900,8.2,60,Running,76,3.85,7,Happy
1522,2023-06-04,30,Female,167.4,80.5,13226,719.9,6.3,76,None,0,1.37,5,Neutral
1649,2023-06-05,45,Male,167.5,45,10139,639.4,7.9,82,Running,75,3.31,5,Tired
1968,2023-06-06,42,Male,188.4,45,13099,710.1,6.4,74,Cycling,21,2.63,2,Neutral
1589,2023-06-07,52,Male,179,61.8,10859,605.8,6.8,75,Cycling,45,2.93,1,Tired
1076,2023-06-08,56,Female,165.6,69.2,12174,619,6.9,77,Yoga,42,3.06,4,Tired
1508,2023-06-09,24,Female,157.6,68.6,3539,341.1,4.4,65,Cycling,37,2.89,10,Neutral
1440,2023-06-10,55,Female,182,72.9,11305,714.5,6.8,52,None,0,1.93,8,Neutral
1253,2023-06-11,49,Male,178.4,49.1,14199,761.8,7.8,74,Yoga,79,2.3,3,Neutral
1920,2023-06-12,20,Female,177.1,94.1,1390,230.5,5.5,73,Running,21,1.48,6,Neutral
1769,2023-06-13,56,Female,169.2,92.6,1082,205.4,9.9,81,Gym,68,2.29,10,Happy
1319,2023-06-14,54,Female,167,50.3,18386,849.2,7,99,Cycling,57,2.73,2,Happy
1802,2023-06-15,39,Male,186.9,45,9968,657.5,6.1,88,Yoga,50,2.92,9,Tired
1262,2023-06-16,25,Female,187.8,68.7,13281,755.5,6,54,Cycling,59,2.77,9,Neutral
1596,2023-06-17,34,Male,176.4,88.9,16120,883.3,9.1,100,Cycling,72,1.27,4,Happy
1657,2023-06-18,44,Male,179.7,69.5,10946,650.4,5.8,82,Walking,83,2.11,8,Happy
1834,2023-06-19,50,Female,172.4,73.9,11891,635.4,7.4,72,Running,52,2.04,2,Happy
1553,2023-06-20,34,Male,156.3,63.4,7007,464.4,8.3,90,Cycling,77,1.58,10,Tired
1373,2023-06-21,59,Female,160.2,72.2,1522,235.9,7.8,50,Gym,69,1.91,2,Happy
1636,2023-06-22,29,Male,181.5,84.2,2694,286.9,6.2,70,None,0,2.5,6,Neutral
1166,2023-06-23,44,Female,182.7,76.2,19636,900,8.3,77,Walking,22,3.49,2,Happy
1936,2023-06-24,25,Female,180.5,78.6,5837,488.7,7.2,76,Yoga,80,1.83,1,Neutral
1752,2023-06-25,40,Female,173.5,45.1,12801,813.1,4.4,90,Yoga,29,1.71,10,Happy
1458,2023-06-26,59,Male,180.9,102.1,9469,535.1,8.8,87,Gym,85,2.08,2,Neutral
1998,2023-06-27,46,Female,169.4,45.2,17531,892.8,6.1,82,Gym,70,2.74,2,Tired
1279,2023-06-28,37,Male,176.2,72.3,9148,576.8,6.7,72,None,0,3.36,5,Happy
1699,2023-06-29,33,Female,168,67.7,14065,713.6,7.5,85,Running,44,2.44,6,Happy
1301,2023-06-30,34,Male,159.4,68.4,13706,750.9,6.2,69,Gym,62,1.49,3,Tired
1530,2023-07-01,33,Male,178.6,83,4620,402.4,8.1,83,Yoga,83,1.64,8,Tired
1579,2023-07-02,36,Female,182.8,59.4,11631,661.3,5.3,68,Running,78,2.63,2,Tired
1217,2023-07-03,25,Female,194.7,63.5,10131,636.6,6.1,78,Gym,81,3.2,10,Neutral
1101,2023-07-04,55,Female,172.6,52.8,15307,812.3,8.8,60,Gym,29,3.77,3,Neutral
1553,2023-07-05,55,Female,159.5,86.8,4709,245.1,7,85,Yoga,83,1.67,4,Happy
1287,2023-07-06,46,Female,166.7,74,16986,831.4,5.4,71,Running,79,2.6,5,Neutral
1166,2023-07-07,58,Male,168.6,79.6,14915,868.2,7.1,61,Walking,39,1.78,5,Happy
1620,2023-07-08,53,Female,171.5,82.2,6094,469.8,7.6,65,Walking,68,1.87,6,Tired
1035,2023-07-09,43,Female,174.7,99.9,10415,474,4.6,72,None,0,1.81,4,Happy
1743,2023-07-10,48,Male,173.6,97.3,17078,807.6,9.5,66,Running,70,2.27,10,Tired
1740,2023-07-11,29,Female,177.8,74.8,16476,895.1,9.7,82,Gym,76,1.88,7,Tired
1352,2023-07-12,34,Female,172,72.4,14530,752.4,7.2,72,Gym,56,4.24,8,Happy
1675,2023-07-13,32,Male,150,62,8472,403.8,6.7,84,Running,22,2.18,4,Neutral
1898,2023-07-14,26,Female,172.3,81.2,4363,427.5,7,72,Walking,48,3.19,9,Neutral
1072,2023-07-15,56,Female,170.9,80.6,19201,900,8.3,82,None,0,2.04,6,Happy
1647,2023-07-16,59,Female,175.5,59.1,15140,764.1,7.7,75,Cycling,66,4.06,8,Neutral
1352,2023-07-17,29,Male,166.4,80.8,18067,900,7.4,72,Yoga,88,2.74,9,Tired
1890,2023-07-18,49,Female,172.2,85.1,15315,773,9.1,65,Running,40,3.09,1,Tired
1069,2023-07-19,42,Male,175.6,53.2,15414,785.4,8.7,76,None,0,2.09,5,Neutral
1424,2023-07-20,56,Female,168.4,72.8,3017,296.4,5.6,82,Cycling,40,3.18,7,Neutral
1998,2023-07-21,35,Male,176.8,69,5223,314.1,8.3,68,Yoga,21,2.73,10,Tired
1707,2023-07-22,32,Female,170.7,69.9,3184,348,8.7,75,Cycling,88,2.23,2,Happy
1780,2023-07-23,49,Male,171.6,55.7,18741,900,7.4,69,Cycling,26,1.74,7,Neutral
1560,2023-07-24,23,Male,150,45,7531,478.3,7.9,94,Yoga,54,2.33,7,Neutral
1827,2023-07-25,52,Male,158.6,58.7,5666,462,6.5,78,Cycling,49,2.27,3,Happy
1641,2023-07-26,51,Male,158.6,56.6,12255,610.6,5.2,76,Walking,63,3.11,9,Tired
1955,2023-07-27,55,Male,172.2,75.3,3468,373,9.8,70,None,0,2.34,7,Happy
1516,2023-07-28,22,Male,182.7,75.5,8291,547.9,5,84,Running,74,1.15,10,Happy
1427,2023-07-29,35,Female,168.8,74.7,8255,495.7,9.5,75,None,0,2.95,5,Happy
1538,2023-07-30,33,Female,178.5,49,4920,417.5,6.9,74,Walking,73,3.41,7,Neutral
1159,2023-07-31,25,Male,176.5,53.2,5236,365.4,8.9,74,Walking,20,1.33,7,Tired
1148,2023-08-01,42,Male,171.4,60.7,2939,372.8,7,64,Yoga,82,3.76,6,Tired
1775,2023-08-02,49,Male,175.7,70.3,4856,420.6,8.4,90,Yoga,74,3.48,4,Neutral
1229,2023-08-03,43,Male,172.5,65,1050,260.2,7.7,84,Yoga,46,2.06,8,Happy
1711,2023-08-04,39,Female,168.6,74.7,16926,853.9,6,75,Cycling,34,1.72,2,Neutral
1561,2023-08-05,48,Male,173.9,84.6,2360,333.2,7.2,74,Cycling,28,3.24,8,Happy
1066,2023-08-06,27,Female,184.5,55,7805,572.4,6.8,66,Running,88,1.54,5,Happy
1811,2023-08-07,29,Female,174.7,55.6,12928,797.5,8,60,Cycling,78,2.03,7,Happy
1380,2023-08-08,45,Male,172.2,72,12994,692.5,7.2,66,Running,42,1.58,3,Happy
1057,2023-08-09,23,Male,161.2,68.8,4045,402.7,7.4,86,Walking,30,2.5,7,Neutral
1258,2023-08-10,37,Female,184.2,81.2,12093,753.5,5.5,71,Running,43,3.53,9,Happy
1341,2023-08-11,22,Female,155.9,70.1,1257,238.1,5.1,86,Running,73,2.76,7,Neutral
1837,2023-08-12,40,Male,152.9,96.1,12651,776.3,7.1,75,Yoga,50,3.21,1,Happy
1129,2023-08-13,26,Male,173.7,46.2,1044,249.7,7.3,66,Cycling,41,2.25,9,Neutral
1726,2023-08-14,46,Male,161.2,82.6,18718,897.8,5.4,68,Gym,33,2.57,7,Tired
1171,2023-08-15,33,Female,180.9,73,18055,886.7,7.9,77,Gym,24,1.64,2,Neutral
1769,2023-08-16,39,Female,153.2,49,16354,782,7.9,59,Yoga,36,2.43,5,Tired
1613,2023-08-17,25,Male,179.6,45,14589,781.6,7.2,67,None,0,1.98,10,Neutral
1208,2023-08-18,37,Female,178.2,53.1,8000,512,7,70,None,0,2.39,2,Tired
1802,2023-08-19,31,Female,171.2,88.1,15480,828.6,5.1,83,None,0,2.34,7,Neutral
1353,2023-08-20,56,Male,150,86.4,7085,551.5,5.1,78,Walking,23,2.28,9,Happy
1470,2023-08-21,54,Male,152.8,68.1,1234,248.5,7.6,77,Walking,28,3.98,4,Tired
1797,2023-08-22,51,Female,172.4,64.6,7834,500,5.8,80,Walking,55,3.74,3,Happy
1115,2023-08-23,28,Female,167.7,57.2,16055,832.2,5.9,85,Running,70,3.49,6,Tired
1263,2023-08-24,57,Male,177.3,67.2,4207,275.6,7.4,76,Cycling,51,3.76,8,Happy
1661,2023-08-25,50,Male,169.3,62.9,3400,370.2,10,65,Walking,37,3.49,8,Happy
1811,2023-08-26,48,Male,168.4,95.6,10609,616.8,6.4,77,Gym,34,2.48,8,Neutral
1441,2023-08-27,51,Male,150,51.5,13562,746.5,10,67,Running,39,2.41,5,Happy
1547,2023-08-28,24,Male,178.2,75.9,8740,539.6,6.9,54,Walking,77,2.66,6,Tired
1452,2023-08-29,40,Female,163.5,96.4,15184,813.7,7.8,77,Walking,59,2.35,2,Tired
1844,2023-08-30,24,Female,166,81.6,15038,735.9,8.4,80,None,0,1.77,6,Tired
1476,2023-08-31,42,Female,159.3,53.1,1650,265.9,8.5,78,None,0,2.71,5,Neutral
1286,2023-09-01,20,Female,154.6,46.9,17417,866.5,7.5,80,Cycling,32,1.4,3,Neutral
1302,2023-09-02,55,Male,184.7,74.1,14119,766.5,6.7,86,Cycling,81,2.6,8,Tired
1310,2023-09-03,37,Male,178,72.3,8644,495,8.2,65,Running,47,1.8,4,Happy
1207,2023-09-04,51,Male,178.1,88.5,18494,900,7.6,71,Gym,65,2.44,2,Neutral
1617,2023-09-05,47,Female,167.8,78.2,9653,587.2,6.3,62,Yoga,34,2.63,3,Happy
1445,2023-09-06,34,Female,152.6,62.7,15416,751.9,9.1,79,None,0,2.25,2,Neutral
1669,2023-09-07,27,Female,191,61.7,2874,362.3,7.7,87,Gym,42,1.35,2,Neutral
1632,2023-09-08,52,Male,174.2,50.4,11429,631.4,5.9,70,None,0,1.67,3,Neutral
1054,2023-09-09,37,Female,171.4,71.9,13213,710.6,5.7,82,Cycling,85,2.82,7,Neutral
1911,2023-09-10,35,Male,166.4,48.9,17219,900,9.9,67,Cycling,69,2.11,10,Tired
1011,2023-09-11,44,Male,150,83.6,18640,900,6.3,81,Yoga,32,2.89,1,Neutral
1656,2023-09-12,53,Male,181.4,78.8,4240,346.3,8.1,53,Gym,21,2.51,10,Neutral
1399,2023-09-13,40,Male,159.4,78.4,16802,877.7,7.6,90,Gym,53,2.36,6,Tired
1907,2023-09-14,49,Male,175.5,50.2,17122,900,8.1,64,Yoga,59,2.74,1,Tired
1647,2023-09-15,27,Male,177.7,67.8,11903,739.3,9.9,77,Cycling,88,2.03,3,Tired
1979,2023-09-16,28,Female,173.3,64.2,2409,300.8,8.5,89,Running,80,2.78,4,Tired
1514,2023-09-17,55,Male,174.7,71.5,11620,688.4,8.3,63,Gym,44,2.21,8,Happy
1655,2023-09-18,23,Male,183.5,77.9,2832,267.6,6.7,93,Walking,82,4.28,2,Tired
1541,2023-09-19,58,Female,162.1,62.3,19408,900,6,96,Gym,47,1.71,7,Tired
1236,2023-09-20,51,Male,171.6,62.9,6736,497.2,10,82,Gym,75,2.25,3,Tired
1278,2023-09-21,53,Female,167.7,80.2,5993,399.4,6.9,75,Gym,45,2.28,1,Happy
1347,2023-09-22,54,Female,151.6,53.1,12103,637.9,6.8,73,Cycling,46,1.55,6,Tired
1626,2023-09-23,34,Female,172.9,58.8,15397,848,7.4,81,Walking,45,3.01,2,Happy
1103,2023-09-24,57,Male,182.5,70.1,4213,361.1,7.3,82,Gym,34,2.2,3,Neutral
1629,2023-09-25,57,Male,183.8,83.5,11355,665.6,9.4,55,Running,69,0.83,6,Happy
1516,2023-09-26,29,Female,188.6,55.5,7208,424.2,7.8,72,None,0,2.99,3,Tired
1979,2023-09-27,38,Male,152.3,96.8,10644,580.2,5,69,None,0,2.05,5,Happy
1871,2023-09-28,57,Male,186.3,49.7,7453,579.7,6,68,Walking,23,2.43,3,Happy
1247,2023-09-29,36,Female,171.8,93.3,12093,650.8,7,68,Yoga,49,2.97,7,Happy
1363,2023-09-30,20,Female,186,88,14741,779.5,8.5,62,Running,28,2.24,7,Happy
1320,2023-10-01,35,Male,166.1,48.5,12263,702.4,4.7,90,Yoga,61,2.24,1,Happy
1632,2023-10-02,36,Female,164.7,45.5,1305,198.7,7.7,69,Gym,33,4.23,6,Happy
1285,2023-10-03,23,Female,157.8,80.8,2384,363,8.1,74,Cycling,59,0.99,3,Happy
1148,2023-10-04,33,Female,177.8,64.3,18958,900,8.3,72,Gym,22,1.6,7,Happy
1083,2023-10-05,25,Male,175.1,54.9,1872,263.1,6.9,70,Gym,60,1.74,1,Neutral
1965,2023-10-06,35,Male,158.8,97.2,9360,627.8,8.6,79,Yoga,52,3.75,10,Neutral
1405,2023-10-07,56,Male,150,52.1,10795,677.4,5.8,72,Gym,79,2.05,3,Tired
1977,2023-10-08,29,Female,174.2,59.1,18414,900,8.4,81,Running,83,2.67,10,Tired
1455,2023-10-09,27,Male,175.3,60.9,10926,615.2,6.9,91,Cycling,81,2.17,2,Tired
1742,2023-10-10,24,Female,160.1,45,16491,900,7.1,64,Yoga,26,2.92,8,Tired
1799,2023-10-11,18,Male,158.1,71.4,7905,548.5,7,78,Walking,69,2.49,8,Tired
1160,2023-10-12,53,Male,176.6,56.3,5442,502.2,8,78,None,0,2.68,9,Tired
1783,2023-10-13,38,Female,188.6,82.2,16290,900,5.3,63,Gym,66,3.4,9,Neutral
1459,2023-10-14,54,Male,165.1,84.1,4667,354.6,8.3,81,None,0,2.81,2,Neutral
1549,2023-10-15,41,Female,161.2,73.5,18660,900,8.3,72,Yoga,45,1.99,7,Neutral
1499,2023-10-16,42,Male,173,73.6,7553,411.9,6.5,91,None,0,2.72,7,Happy
1737,2023-10-17,24,Male,176.4,72.5,17926,816.5,7,85,Gym,70,4.19,4,Happy
1508,2023-10-18,59,Female,166.4,59.5,5808,401.7,5.7,75,Gym,71,2.9,6,Tired
1653,2023-10-19,34,Female,190.3,60.8,8731,612.6,5.3,73,Yoga,35,2.61,1,Neutral
1803,2023-10-20,46,Female,179,89.8,1583,238.4,7.3,92,Running,67,1.54,6,Tired
1480,2023-10-21,47,Male,166.2,81,17894,881.9,7.3,69,Walking,46,3.01,1,Neutral
1662,2023-10-22,24,Male,154.1,73.1,10138,640.5,6.5,78,Gym,52,3.11,5,Neutral
1113,2023-10-23,50,Male,183.2,79,8695,504.7,5.1,74,Running,42,2.72,4,Tired
1748,2023-10-24,24,Female,181.9,69.1,4473,470.9,7.7,87,Gym,64,2.58,6,Tired
1577,2023-10-25,41,Female,167,72.8,2198,274.8,6.5,88,Gym,41,4.48,5,Happy
1360,2023-10-26,28,Female,173.5,78.9,4995,446.3,5.9,80,Running,61,3.1,5,Neutral
1340,2023-10-27,26,Male,168.5,45,13113,714.5,8.9,70,Gym,52,3.37,3,Happy
1769,2023-10-28,29,Male,175.2,83.6,5535,422.6,5.5,73,Walking,29,2.55,10,Happy
1986,2023-10-29,52,Female,159.8,82.5,6871,531.2,7.8,63,None,0,2.41,2,Happy
1760,2023-10-30,21,Male,158.3,58.3,3447,349.3,4.8,77,Yoga,58,2.94,7,Happy
1968,2023-10-31,53,Female,178.1,88.7,10408,691,4.8,67,None,0,2.41,10,Neutral
1448,2023-11-01,45,Male,179.4,45,7844,474.6,7.7,97,Running,70,2.46,8,Neutral
1842,2023-11-02,30,Male,165.1,75.3,18674,882,6.5,70,None,0,2.82,5,Happy
1834,2023-11-03,40,Female,162.5,70.6,13413,649.1,5.2,85,Cycling,34,2.14,9,Neutral
1179,2023-11-04,36,Male,181.5,65.4,16169,900,8.4,90,Gym,77,2.65,1,Happy
1701,2023-11-05,59,Male,162.8,70.3,8549,587,7.6,83,Yoga,78,2.56,3,Tired
1406,2023-11-06,54,Female,170.6,78.7,9693,574.4,3.8,70,Walking,45,3.18,8,Happy
1665,2023-11-07,56,Female,169.3,45,12063,697.5,8.4,69,Walking,60,2.07,5,Tired
1195,2023-11-08,41,Male,155.3,85,17770,900,5.4,104,Cycling,63,1.1,2,Happy
1465,2023-11-09,33,Female,171.9,63.8,9603,574.6,4.4,95,None,0,2.28,10,Happy
1310,2023-11-10,50,Male,170.9,85.2,3006,232.2,5.8,78,Walking,56,2.78,9,Neutral
1261,2023-11-11,29,Female,173.6,79.7,6213,361.2,6.9,72,None,0,3.17,1,Tired
1418,2023-11-12,51,Male,171.6,63.5,19531,900,7.1,66,Yoga,23,2.02,3,Neutral
1405,2023-11-13,24,Male,191.4,68.8,4868,399.8,4.5,69,Cycling,43,2.88,4,Happy
1938,2023-11-14,28,Female,181.6,69.7,10530,574.1,4.9,82,None,0,3.29,7,Tired
1142,2023-11-15,48,Male,170.4,94.1,15360,866.1,5.9,98,Running,82,3.03,4,Happy
1341,2023-11-16,46,Male,171.3,52.9,7637,441.8,6,74,None,0,1.95,2,Tired
1315,2023-11-17,30,Female,187.6,63.4,17736,874.8,8.1,87,None,0,2.02,2,Tired
1100,2023-11-18,48,Female,178.6,46.3,5964,347.5,6.4,84,Cycling,32,2.8,10,Happy
1243,2023-11-19,19,Male,157.7,71.9,2302,269.8,8.1,72,Running,46,3.64,1,Happy
1489,2023-11-20,56,Female,179.5,60.6,8749,550.3,8.6,85,Walking,36,2.51,7,Neutral
1011,2023-11-21,32,Female,182.4,62.5,1846,327.7,7.8,85,Yoga,88,2.38,9,Neutral
1238,2023-11-22,28,Male,186.2,92.3,14390,781.6,3,84,None,0,1.54,10,Happy
1560,2023-11-23,51,Male,166,57.6,14735,826.4,6.5,71,Gym,37,2.24,2,Neutral
1041,2023-11-24,56,Female,165.3,67.6,15876,885.3,6.8,82,Cycling,35,2,7,Neutral
1677,2023-11-25,21,Female,160.6,63.1,14967,818.3,6.9,87,Walking,70,2.52,8,Happy
1593,2023-11-26,28,Female,173.1,64.1,19908,900,3.9,85,None,0,1.44,3,Tired
1428,2023-11-27,46,Male,177.3,111.6,19262,900,5.9,86,Yoga,58,2.27,4,Happy
1802,2023-11-28,19,Male,164.9,45,5105,478.6,5,73,Gym,75,1.79,9,Neutral
1157,2023-11-29,33,Male,168.6,79.7,3819,337,5.6,86,Cycling,73,3.16,4,Happy
1215,2023-11-30,56,Male,150,106.4,9077,590.8,6.6,88,Yoga,63,1.9,6,Happy
1669,2023-12-01,30,Male,185.1,86.2,13022,747.3,5.9,70,Walking,65,2.1,8,Tired
1461,2023-12-02,54,Male,154.4,70.7,10250,591.6,5.7,61,None,0,2.7,10,Tired
1133,2023-12-03,34,Male,173.7,52.4,19873,900,6.7,91,None,0,2.18,2,Neutral
1066,2023-12-04,38,Female,172.4,89.6,12793,692.5,6.3,70,None,0,4.15,1,Neutral
1847,2023-12-05,36,Female,170.5,84.1,19677,900,7.3,68,Cycling,85,3.15,7,Neutral
1006,2023-12-06,24,Male,170.7,47.1,18058,900,6.4,77,None,0,2.51,1,Neutral
1947,2023-12-07,55,Male,159.9,65.2,11070,645,4.6,72,Cycling,62,2.76,4,Neutral
1525,2023-12-08,25,Male,166.7,51.9,7257,537,5.5,56,None,0,0.85,5,Happy
1072,2023-12-09,30,Female,179.7,45,2011,183.1,6.5,84,Running,24,3.36,2,Happy
1398,2023-12-10,54,Male,182.7,51.6,17616,900,6.3,84,None,0,2.86,10,Neutral
1404,2023-12-11,19,Female,165.8,71.6,3173,362.3,4.9,65,Running,56,2.45,4,Tired
1674,2023-12-12,58,Female,154.4,78.7,4384,346.6,8,75,Cycling,45,2.9,10,Tired
1577,2023-12-13,28,Female,162.2,65.1,19712,900,7.5,65,Yoga,28,2.98,7,Neutral
1858,2023-12-14,41,Female,188.5,90.6,1797,223.1,6.1,66,Walking,34,2.21,4,Happy
1129,2023-12-15,23,Female,162.8,85.4,8121,484.9,6.8,69,Gym,45,2.77,1,Tired
1930,2023-12-16,43,Male,169,68.1,14594,797.3,5.4,80,Running,82,3.23,10,Tired
1465,2023-12-17,24,Male,184.2,66.2,15986,900,8.3,95,Walking,89,2.82,4,Tired
1205,2023-12-18,56,Female,164.7,75.7,8690,580.8,10,71,None,0,2.32,6,Tired
1787,2023-12-19,36,Male,168.3,69.7,13669,704.3,6,83,Cycling,73,2.71,5,Happy
1977,2023-12-20,23,Female,177.9,48.6,19973,900,8.8,83,Walking,50,3.47,4,Happy
1767,2023-12-21,46,Female,187.1,65.6,18847,900,5.7,54,Walking,51,3.05,2,Tired
1265,2023-12-22,56,Male,163.5,80,12554,615.8,6.2,61,None,0,1.69,10,Happy
1536,2023-12-23,19,Male,183.9,89.7,18431,900,9.2,95,Walking,37,2.91,6,Happy
1961,2023-12-24,36,Male,167.2,84.4,5871,427.7,6.8,70,Cycling,47,2.82,6,Neutral
1792,2023-12-25,21,Male,161.1,75,14354,780.1,8,80,Running,44,3.31,6,Neutral
1252,2023-12-26,23,Male,172.5,91.9,6289,450,6.6,78,Gym,58,2.52,4,Neutral
1821,2023-12-27,54,Female,158.4,76.4,18945,900,4.3,54,Yoga,68,2.24,8,Neutral
1288,2023-12-28,45,Male,174.7,68.7,16831,826.5,10,68,Running,23,1.54,1,Tired
1163,2023-12-29,47,Male,200,92.2,7286,475.2,6.7,82,Gym,71,2.01,10,Neutral
1094,2023-12-30,24,Male,181.1,80.8,17958,900,7.2,66,Cycling,87,3.35,8,Neutral
1781,2023-12-31,26,Female,169,89.5,14916,854.6,5.9,71,Gym,76,2.64,8,Happy
1832,2024-01-01,42,Male,180.5,52.2,10934,602.5,8.2,63,Cycling,32,2.43,5,Tired
1109,2024-01-02,50,Female,160.7,57.1,13762,738.3,8.1,67,Gym,84,3.41,9,Happy
1335,2024-01-03,18,Male,162.4,57.7,11550,644.2,4.7,70,Running,82,3.26,9,Happy
1821,2024-01-04,23,Male,169.2,72.7,5024,480.3,7.3,56,None,0,1.98,10,Happy
1237,2024-01-05,35,Female,170.9,97.4,9722,622.1,8.3,87,None,0,3.34,4,Neutral
1380,2024-01-06,27,Male,157.1,52.9,18374,888.3,8.8,61,None,0,1.34,2,Tired
1435,2024-01-07,45,Male,166.9,83.6,3120,344.7,8,73,Cycling,80,2.82,1,Neutral
1898,2024-01-08,28,Female,168.6,52,19825,900,8.1,68,Walking,26,2.74,8,Tired
1482,2024-01-09,50,Male,185.4,101.8,6877,488.1,6.2,86,None,0,3.3,8,Happy
1936,2024-01-10,18,Female,157.1,46.1,11720,737.1,5.2,63,Cycling,36,2.77,7,Tired
1901,2024-01-11,30,Female,156.1,81.1,19904,898.3,6.5,67,Cycling,79,2.33,3,Happy
1024,2024-01-12,54,Female,171.8,83.2,18335,883,5.1,62,Gym,85,2.38,3,Neutral
1652,2024-01-13,37,Female,181.5,79.3,15659,834.2,5.9,51,Cycling,57,4.39,10,Happy
1116,2024-01-14,18,Female,175.5,56.8,1964,258.8,5.9,80,Gym,32,2.56,8,Neutral
1481,2024-01-15,20,Male,173,54.2,3134,336.1,5.6,75,Running,71,2.92,8,Neutral
1391,2024-01-16,35,Male,167.1,89.1,3244,325.6,7.8,77,Cycling,71,1.09,2,Neutral
1916,2024-01-17,58,Male,176.8,85.7,3803,268.1,5.5,83,Walking,51,1.92,1,Happy
1993,2024-01-18,31,Female,178.3,85.5,4911,427.5,9.8,76,Walking,28,2.86,1,Neutral
1963,2024-01-19,48,Female,167.4,87.3,12216,621.9,8.5,71,Running,36,1.37,1,Tired
1536,2024-01-20,44,Female,160.5,47,2408,306.6,8.8,78,None,0,2.88,3,Tired
1078,2024-01-21,34,Female,160.6,46.5,14195,745.1,6,70,Walking,73,1.99,1,Tired
1579,2024-01-22,46,Male,178.8,59.9,12170,806.9,7.3,86,Gym,73,1.78,8,Tired
1172,2024-01-23,53,Male,154.6,62.8,8663,540.5,5.4,71,Cycling,47,1.99,8,Neutral
1955,2024-01-24,54,Female,186.8,61.2,10809,649.9,7.3,74,Yoga,69,3.57,9,Tired
1011,2024-01-25,43,Female,165.4,74.2,8113,552.2,4.3,81,Cycling,37,2.73,4,Happy
1799,2024-01-26,34,Male,173.1,86.7,9142,582.6,8.6,98,Cycling,32,1.86,8,Tired
1127,2024-01-27,39,Female,177,65.6,14778,789.8,6,65,Yoga,52,3.04,7,Tired
1607,2024-01-28,42,Female,163.2,57.8,18772,900,7.5,63,None,0,3.08,4,Happy
1091,2024-01-29,19,Female,165.4,82.2,5367,409.1,7.7,73,Walking,57,2.23,1,Happy
1652,2024-01-30,39,Male,171.3,65.8,13679,653.9,6.2,68,Walking,25,3.17,3,Tired
1542,2024-01-31,22,Male,161.5,71.6,11786,695.8,5.8,82,Cycling,64,3.2,8,Neutral
1845,2024-02-01,21,Female,159.3,65,14012,900,6.8,77,Walking,78,3.1,8,Happy
1531,2024-02-02,53,Male,160.2,75.1,10938,646.4,8.2,64,Gym,67,2.03,2,Neutral
1657,2024-02-03,23,Female,182.1,54.8,12693,724.7,6.8,82,Gym,60,1.67,7,Neutral
1988,2024-02-04,38,Female,174,80.9,12051,604.4,7.9,93,Yoga,74,1.31,1,Tired
1827,2024-02-05,30,Male,162.1,69.5,4978,358.3,8.2,67,Cycling,80,2.04,4,Neutral
1446,2024-02-06,54,Female,178.7,58.5,16611,900,6.7,78,None,0,2.24,7,Neutral
1389,2024-02-07,42,Female,162.6,78,5490,347.2,6.8,53,Gym,21,2.3,4,Neutral
1671,2024-02-08,43,Male,150.5,58.5,18236,893,7.2,71,Running,29,2.47,4,Tired
1860,2024-02-09,56,Female,177,59.2,7377,523.5,8.7,78,Walking,58,3.71,7,Happy
1042,2024-02-10,37,Female,186.5,52,10903,676.6,6.5,74,None,0,2.26,1,Tired
1253,2024-02-11,50,Female,175.6,45,15567,817.2,8.7,76,Cycling,84,2.47,5,Happy
1129,2024-02-12,31,Male,151.1,78,16788,877.7,7.4,67,Gym,85,1.23,6,Neutral
1059,2024-02-13,53,Female,169.8,87.5,18440,900,5.9,88,Yoga,71,4.06,7,Happy
1662,2024-02-14,34,Male,167.3,63.2,3260,268.7,6.9,71,Gym,63,1.58,7,Happy
1466,2024-02-15,38,Female,173.8,58,18292,900,5.3,63,Running,53,2.01,7,Happy
1286,2024-02-16,33,Female,161.5,45,17833,900,5,75,Gym,64,2.99,2,Happy
1516,2024-02-17,33,Female,166.7,45,17952,900,7.9,84,Cycling,51,2.67,6,Neutral
1466,2024-02-18,37,Female,155.8,80.9,4498,283.6,8.2,81,Yoga,24,3.65,9,Happy
1929,2024-02-19,46,Male,172.2,45,14961,875.2,7,70,Yoga,82,3,7,Happy
1777,2024-02-20,45,Male,156.2,52.8,11518,606.1,7.1,93,Running,88,2.44,7,Neutral
1344,2024-02-21,25,Female,174.4,74.3,13501,743.6,6.1,74,Cycling,73,3.23,2,Happy
1641,2024-02-22,41,Female,162.5,71.3,2308,308.4,7.3,58,Running,57,3.31,7,Tired
1381,2024-02-23,20,Female,150,74.9,16902,853.3,10,81,Running,28,2.04,9,Happy
1778,2024-02-24,42,Female,177.9,70.1,1717,280.9,8.5,74,Running,80,3.17,3,Tired
1689,2024-02-25,36,Female,174.9,64.6,4345,335,6.9,74,Gym,40,2.34,2,Tired
1252,2024-02-26,50,Female,183.5,52.9,16370,900,6.8,84,Walking,55,2.43,6,Tired
1926,2024-02-27,19,Female,150,60.5,14953,785.1,6.4,72,Gym,20,2.6,2,Neutral
1055,2024-02-28,32,Female,163.5,65.7,10095,648.8,4.9,72,Cycling,41,2.23,1,Tired
1462,2024-02-29,39,Male,171.3,45,10642,571,6.3,62,None,0,2.2,10,Tired
1456,2024-03-01,27,Male,175.7,58.2,18839,900,8,70,Running,65,3.19,4,Neutral
1982,2024-03-02,35,Male,155.4,64.4,8035,485.5,5.6,77,Running,84,1.43,9,Neutral
1082,2024-03-03,39,Female,174.3,59.7,1531,191.6,6.6,69,Walking,25,1.76,10,Tired
1904,2024-03-04,44,Female,164.3,64.9,3267,277.4,5.3,58,Yoga,59,2.97,3,Neutral
1098,2024-03-05,30,Female,151.4,80,17716,866.2,8.2,82,Running,54,2.45,3,Happy
1148,2024-03-06,50,Male,162.5,81.9,17130,890.8,5.1,82,Gym,80,3.19,6,Tired
1328,2024-03-07,22,Female,175.1,92.7,14736,900,7.9,82,Running,42,2.75,6,Tired
1155,2024-03-08,43,Male,151.9,47.4,10513,757.3,8.5,66,Cycling,39,1.57,8,Happy
1189,2024-03-09,30,Female,176.4,63.7,14815,776.5,6.5,75,Walking,47,2.54,10,Neutral
1493,2024-03-10,44,Male,172.8,88.4,13244,777.7,6,77,None,0,2.87,6,Happy
1882,2024-03-11,31,Male,167.5,45,10900,573.3,7.7,81,Yoga,26,2.66,8,Happy
1262,2024-03-12,41,Male,153.6,52.4,12718,603.5,9.4,81,None,0,2.17,8,Neutral
1079,2024-03-13,20,Female,154.5,60.8,17784,900,9,61,Cycling,43,2.31,7,Neutral
1399,2024-03-14,47,Male,166,100.7,12822,740.2,6.9,92,Gym,32,2.11,5,Tired
1763,2024-03-15,52,Female,158.8,55.4,12229,728.3,5.7,63,None,0,1.57,4,Tired
1608,2024-03-16,31,Female,166.7,86.3,4991,453.6,6.7,59,Cycling,34,1.48,1,Tired
1259,2024-03-17,29,Female,179.1,69.6,18441,900,4.5,50,None,0,2.77,6,Neutral
1771,2024-03-18,45,Female,167.3,52.8,8933,560.9,6.2,82,Running,88,1.89,8,Tired
1614,2024-03-19,46,Female,167,112,15583,864.4,7.7,89,Walking,79,2.9,4,Happy
1551,2024-03-20,34,Male,167,72.9,9233,629,6.4,69,Running,29,2.08,7,Tired
1784,2024-03-21,57,Female,180.1,75.6,14088,718.2,6.1,57,Walking,70,1.58,3,Neutral
1100,2024-03-22,38,Female,182.9,78,17410,900,6.9,84,Gym,83,2.21,5,Neutral
1358,2024-03-23,40,Female,174.2,76.9,3618,377.2,6.6,62,Cycling,75,3.97,7,Tired
1379,2024-03-24,37,Female,171.4,102.3,10362,621.9,8.1,81,None,0,2.43,9,Neutral
1819,2024-03-25,28,Female,172.3,96.8,7639,474.5,5,66,Walking,42,2.95,9,Neutral
1220,2024-03-26,51,Male,184.3,56,8042,521.8,7.8,71,Cycling,73,2.62,7,Tired
1819,2024-03-27,27,Male,174.8,100.3,12391,722.1,6.9,78,None,0,1.52,4,Tired
1419,2024-03-28,27,Female,185.2,59.5,3018,282.7,7.7,78,Walking,80,3.51,6,Happy
1123,2024-03-29,23,Male,165.8,74.8,13952,698.2,4.9,76,Running,39,2.33,4,Neutral
1421,2024-03-30,53,Male,156.6,48.2,17240,900,8.3,90,Walking,72,1.58,3,Tired
1230,2024-03-31,41,Female,163.3,85.5,3047,331.3,7.8,92,Walking,34,2.14,9,Happy
1689,2024-04-01,29,Male,164.4,65.4,18942,900,9.5,93,Yoga,48,2.36,5,Neutral
1062,2024-04-02,40,Female,186,52.8,2722,319.4,5.8,73,None,0,3.02,8,Neutral
1484,2024-04-03,44,Male,177.4,87.8,5052,454.6,6.1,76,None,0,2.02,3,Happy
1627,2024-04-04,54,Male,163.6,91.5,2651,310,4.3,89,Gym,81,4.33,9,Neutral
1702,2024-04-05,23,Male,178.1,92.1,2778,340.5,5.8,68,None,0,1.84,1,Tired
1573,2024-04-06,18,Female,168.7,47.2,1683,211.8,9.2,71,Running,35,2.93,2,Happy
1767,2024-04-07,23,Male,186.3,93.6,10471,530.6,7.4,75,Running,73,1.12,4,Happy
1482,2024-04-08,39,Male,166.7,65.5,19394,900,5.9,75,Cycling,26,2.41,2,Tired
1518,2024-04-09,58,Female,154.6,100.8,14937,726.2,7.2,72,Walking,79,2.76,9,Happy
1154,2024-04-10,41,Female,168.1,79.4,19966,892.8,6.9,66,Walking,29,1.72,7,Tired
1091,2024-04-11,42,Male,166.7,73.8,9505,595.3,4.1,84,None,0,3.55,2,Tired
1981,2024-04-12,32,Female,156.6,70.1,8443,449.3,4.4,71,Walking,27,2.8,4,Neutral
1525,2024-04-13,43,Male,175.9,69.8,6492,507.2,8.7,77,Running,56,2.28,6,Neutral
1454,2024-04-14,25,Male,184.2,59.8,17827,900,8.1,75,Yoga,23,2.8,2,Neutral
1740,2024-04-15,41,Female,158.8,54,19055,890.1,4.8,82,Cycling,42,2.08,9,Neutral
1597,2024-04-16,55,Female,179.7,64.6,4266,385.1,6.8,80,Walking,28,3.38,3,Neutral
1644,2024-04-17,23,Female,163.9,87.9,6909,569.3,5.9,72,Yoga,57,3.21,2,Tired
1509,2024-04-18,52,Male,169.8,49.1,13869,731.2,8.6,71,None,0,2.76,4,Happy
1182,2024-04-19,59,Female,168.7,90.1,8014,551.1,7.7,74,Gym,64,2.93,5,Happy
1385,2024-04-20,18,Male,169.8,72.2,12287,811.1,5.3,64,Running,37,1.47,4,Neutral
1573,2024-04-21,53,Female,174.7,81.7,8819,468.9,7.2,67,Gym,65,3.53,3,Tired
1730,2024-04-22,29,Male,159.8,82.5,15837,782.5,6.9,80,Running,21,2.43,3,Tired
1404,2024-04-23,55,Female,182.9,83.9,16186,875.6,6.9,78,Cycling,67,3.22,3,Tired
1245,2024-04-24,28,Male,175,70.3,11056,750.9,6.2,65,None,0,3.02,3,Happy
1741,2024-04-25,29,Female,178.4,70.8,1715,233,7,74,Gym,35,3.21,6,Tired
1590,2024-04-26,59,Male,162.2,83.4,18275,900,5.7,59,Cycling,64,1.77,4,Neutral
1660,2024-04-27,56,Female,158.9,54.4,17884,900,5.2,76,Cycling,67,1.86,7,Tired
1649,2024-04-28,24,Female,181.8,52.1,13694,649.4,5.1,72,Cycling,43,4.07,7,Neutral
1470,2024-04-29,28,Male,158.4,63,9894,675.3,5.4,96,Gym,84,1.44,4,Happy
1825,2024-04-30,53,Female,171.5,74.3,19717,900,7.6,81,Gym,52,1.73,1,Happy
1887,2024-05-01,48,Male,180.2,98.8,19578,900,7.7,65,Gym,23,2.53,9,Tired
1422,2024-05-02,50,Male,168.7,70.7,11201,565.1,9.2,65,Walking,20,2.53,7,Happy
1900,2024-05-03,30,Female,181.7,100,11515,622.9,6.7,81,Cycling,52,2.12,6,Happy
1064,2024-05-04,35,Male,167.3,77.7,10077,528.2,8.1,84,None,0,2.93,5,Tired
1012,2024-05-05,58,Female,157.2,63.2,18975,878.9,7.1,94,Walking,22,3.13,9,Happy
1212,2024-05-06,41,Female,173.7,87.2,11443,662.6,7.4,87,Running,64,2.49,9,Neutral
1985,2024-05-07,26,Male,172,66.4,5440,445.9,8.2,80,Gym,40,2.31,10,Tired
1241,2024-05-08,48,Female,196.9,73.8,2783,284,7.9,89,None,0,2.48,6,Neutral
1492,2024-05-09,58,Male,160.5,50,14113,692.7,7.2,76,Yoga,76,2.15,8,Happy
1212,2024-05-10,27,Male,167.5,47.4,6385,391.6,6.1,75,Running,59,1.31,7,Tired
1692,2024-05-11,19,Female,162.7,78.3,5117,423.3,7.4,63,Cycling,81,2.71,1,Neutral
1337,2024-05-12,55,Female,168.6,86.6,7982,524.8,9,90,Cycling,62,3.04,2,Tired
1996,2024-05-13,32,Male,168.2,99.2,3583,362.7,7.3,76,None,0,2.39,9,Neutral
1172,2024-05-14,20,Male,161.3,57.9,10921,714.8,6.4,74,Walking,43,0.91,10,Neutral
1671,2024-05-15,48,Female,174.7,92,14407,805,8.2,67,Gym,43,2.1,4,Tired
1163,2024-05-16,23,Female,167.9,89.7,16316,873.1,4.9,87,None,0,3.13,3,Neutral
1464,2024-05-17,20,Female,183.5,62.6,14756,900,6.5,85,Gym,87,1.49,2,Tired
1994,2024-05-18,28,Female,163.5,90.8,16348,840.2,5.5,66,Running,76,2.99,8,Happy
1496,2024-05-19,32,Male,188.6,84.2,3430,456.4,6.8,80,None,0,2.19,7,Neutral
1699,2024-05-20,45,Female,172.8,87.1,8060,593.6,8.9,83,Running,67,2.49,9,Neutral
1394,2024-05-21,27,Male,182.7,102.5,3936,342.5,8,63,Running,46,2.02,3,Neutral
1702,2024-05-22,55,Male,171.2,86.5,12864,754.8,4.2,81,Yoga,49,1.71,1,Neutral
1916,2024-05-23,24,Female,162.2,45,10307,601.5,6.1,79,Yoga,65,3.5,9,Happy
1307,2024-05-24,32,Male,167.4,74.8,7709,436.5,4.8,81,Cycling,31,3.07,5,Tired
1767,2024-05-25,35,Female,156.1,46.5,10075,602.6,8.6,95,Cycling,79,2.95,5,Tired
1182,2024-05-26,35,Male,168.9,72.3,7616,431.3,6.1,105,Cycling,38,3.14,3,Tired
1628,2024-05-27,58,Female,171.7,71.4,3419,348.4,7.1,87,None,0,2.85,8,Happy
1793,2024-05-28,41,Male,170.5,61.2,2399,336,7.2,78,Gym,73,3.16,8,Happy
1509,2024-05-29,19,Male,183.3,54.6,10768,619.9,7.3,81,Cycling,53,2.04,1,Tired
1707,2024-05-30,57,Female,168.5,62,19468,900,3,79,Walking,26,3.46,4,Tired
1545,2024-05-31,37,Female,151.1,64.9,15245,820.5,7.5,99,Running,61,3.4,6,Happy
1563,2024-06-01,51,Male,200,68,13978,801.3,6.2,76,None,0,2.77,9,Happy
1623,2024-06-02,43,Male,163.1,71.6,15436,821.9,8.3,71,Gym,72,2.3,2,Neutral
1763,2024-06-03,24,Female,179.7,78.8,2535,285.7,7.3,80,Yoga,27,1.64,7,Tired
1593,2024-06-04,55,Male,155,65.3,9281,611.2,7.9,96,Running,41,2.66,10,Tired
1743,2024-06-05,47,Female,172.5,89.2,16365,862.5,5.9,65,Cycling,45,3.68,1,Tired
1226,2024-06-06,59,Male,162.1,69.4,14450,671.2,5.3,68,Yoga,82,1.69,10,Tired
1744,2024-06-07,22,Female,150,83.9,5190,390.1,8.3,68,Yoga,65,3.21,4,Tired
1732,2024-06-08,28,Male,167.2,65.4,19038,900,7.8,63,Yoga,63,2.17,10,Neutral
1435,2024-06-09,18,Female,169.5,111.2,11093,651.1,7.3,65,None,0,2.23,7,Happy
1924,2024-06-10,51,Female,167.8,77,11871,676.8,7.3,84,Running,55,1.68,3,Neutral
1421,2024-06-11,18,Male,172.4,94.5,8452,440.6,7.6,77,Gym,60,1.97,3,Neutral
1553,2024-06-12,36,Female,167.3,59.6,4960,323.8,5.1,62,Running,46,2.95,4,Tired
1020,2024-06-13,19,Male,170.7,63.3,7834,465.7,8.6,82,Walking,89,3.04,8,Neutral
1553,2024-06-14,38,Female,171.7,66.2,11564,665.8,6.8,78,Cycling,60,2.67,3,Neutral
1396,2024-06-15,37,Female,169.6,107.1,15742,883.4,6.8,85,None,0,2.15,8,Tired
1624,2024-06-16,40,Female,168.3,66.8,6091,363.5,6.4,69,Gym,76,1.73,10,Neutral
1104,2024-06-17,38,Male,161.1,57.6,17902,882.5,3.3,63,None,0,2.54,9,Neutral
1191,2024-06-18,41,Female,175.9,89.5,4710,386,7.9,82,Gym,31,2.24,8,Happy
1016,2024-06-19,21,Male,167.2,70.9,18213,882,5.5,83,Cycling,44,2.65,8,Tired
1119,2024-06-20,29,Female,166.4,66.7,7627,509.4,7.2,64,Walking,53,2.28,9,Tired
1392,2024-06-21,39,Male,175.1,60.8,8988,591.5,5.8,77,Yoga,43,2.29,4,Neutral
1424,2024-06-22,37,Male,172.1,77.3,3986,321.6,6.5,69,Cycling,82,2.61,3,Tired
1128,2024-06-23,35,Male,163,85.9,11509,676.7,6.4,85,Yoga,82,2.75,8,Happy
1129,2024-06-24,18,Female,182.5,81.8,16300,846.3,5.7,82,Cycling,29,3.36,1,Neutral
1571,2024-06-25,47,Male,158.1,62.8,13665,689.1,6.7,87,Running,24,2.26,10,Happy
1559,2024-06-26,50,Female,159.7,55.2,17560,895.4,6.3,67,None,0,2.88,1,Neutral
1028,2024-06-27,41,Male,176.7,45,11513,683.4,5.4,68,Walking,47,3.76,4,Neutral
1096,2024-06-28,31,Male,187.5,55.8,10906,706.9,8.8,71,None,0,2.9,10,Tired
1009,2024-06-29,53,Male,164.2,64.4,7170,569,5.8,70,Walking,64,3.31,3,Tired
1241,2024-06-30,22,Male,174.1,69.1,3623,316.5,7.8,79,Cycling,85,2.07,10,Neutral
1825,2024-07-01,28,Female,158.1,65.9,16576,831.6,8,64,Walking,68,2,2,Happy
1955,2024-07-02,41,Male,160.7,112,5365,416.6,8.4,90,Yoga,59,2.39,9,Neutral
1231,2024-07-03,48,Male,181.3,77.4,12379,668,6.2,92,Walking,85,2.46,5,Neutral
1788,2024-07-04,30,Female,173.7,51.4,5340,474.3,6.7,86,Walking,27,3.25,3,Neutral
1283,2024-07-05,33,Male,181.6,79.8,5755,435.2,6.7,80,None,0,1.99,9,Happy
1714,2024-07-06,41,Male,180.9,75.9,16963,881.3,7.8,74,Walking,36,2.44,8,Tired
1758,2024-07-07,30,Male,150,54.3,10098,636.1,6.6,77,Gym,87,3.25,4,Tired
1801,2024-07-08,41,Male,158,74.3,16991,887.6,7.7,67,Cycling,63,2.65,10,Happy
1775,2024-07-09,43,Female,172.7,78,19259,900,6.6,77,Running,50,2.49,5,Tired
1954,2024-07-10,19,Female,153,85.4,4958,411.5,8.7,78,Running,24,2.67,5,Neutral
1725,2024-07-11,33,Male,159.5,45,3136,318.2,7,67,Gym,79,1.71,8,Tired
1199,2024-07-12,55,Female,184.3,79.7,11788,626.4,6.8,91,None,0,1.7,7,Tired
1944,2024-07-13,18,Female,164.6,91.1,10045,689.8,7.5,74,Gym,61,1.39,3,Happy
1078,2024-07-14,28,Male,177.1,98.3,1506,215,9.5,65,Running,42,2.64,6,Happy
1912,2024-07-15,52,Female,169.7,51.6,9599,666.7,6.1,73,Yoga,36,3.14,6,Neutral
1955,2024-07-16,46,Male,163.2,67.8,9715,605.7,8.6,69,Running,77,3.04,2,Neutral
1854,2024-07-17,54,Female,153.4,69.3,4050,331.9,5.8,67,Running,68,3.3,1,Tired
1855,2024-07-18,34,Female,172.3,80.1,15783,859.1,7.1,91,Cycling,22,3.52,7,Happy
1172,2024-07-19,56,Female,184.5,67.5,3397,375.2,5.8,75,Running,64,2.6,3,Happy
1466,2024-07-20,59,Male,163.5,59.3,8912,642.4,6.4,85,Running,54,2.45,5,Neutral
1580,2024-07-21,45,Female,170.7,73.3,2309,226.6,6,79,Walking,21,3.53,8,Tired
1415,2024-07-22,46,Male,154.8,64.9,8202,521.1,8,80,Gym,66,2.01,5,Tired
1939,2024-07-23,20,Male,163.3,78.4,8700,616.9,6.3,75,Running,22,1.68,5,Happy
1448,2024-07-24,27,Female,173.4,57.9,5718,466,7.8,71,Running,48,2.26,5,Happy
1086,2024-07-25,59,Male,177.4,54.7,6950,502.3,6.2,88,Yoga,39,2.18,7,Happy
1100,2024-07-26,31,Female,175.6,89.7,11233,723.2,7,82,Running,53,2.53,2,Happy
1007,2024-07-27,29,Male,150,104.1,15171,797.8,9.2,73,Cycling,59,1.9,1,Neutral
1844,2024-07-28,59,Male,165.4,97.3,11726,549.1,5.9,85,None,0,2.76,4,Neutral
1199,2024-07-29,47,Female,160.3,68.9,18139,900,5.9,90,Yoga,82,2.1,5,Happy
1504,2024-07-30,49,Female,166.9,85.8,1145,346.4,6.6,79,Running,75,3.36,7,Tired
1086,2024-07-31,49,Female,168.9,59.7,13014,735.5,7,91,None,0,1.66,1,Neutral
1042,2024-08-01,59,Female,180.7,77.6,2858,272.2,7.9,70,Cycling,85,2.4,9,Happy
1384,2024-08-02,49,Male,173,61.2,5722,495.6,7.1,66,Gym,60,2.27,10,Happy
1620,2024-08-03,43,Male,184.2,88.8,4598,426.2,7.4,72,Running,48,2.66,4,Tired
1434,2024-08-04,18,Male,163,86.9,14583,790.7,5.3,75,Gym,70,3.15,6,Tired
1407,2024-08-05,59,Female,155.8,101.1,15869,864,7.5,91,Running,31,2.69,1,Happy
1482,2024-08-06,19,Male,184.6,66.6,18013,869.7,7.5,71,Yoga,63,2.41,9,Neutral
1663,2024-08-07,34,Female,174.3,93.7,16216,830.5,8,79,Yoga,29,2.98,4,Neutral
1016,2024-08-08,47,Male,162.6,77.6,12358,691.1,6.5,86,None,0,3.09,5,Tired
1644,2024-08-09,56,Female,174.4,71.1,4518,435.7,7,80,Cycling,48,2.69,8,Neutral
1147,2024-08-10,24,Male,178.4,75.1,5352,386.6,8.1,70,Walking,48,2.77,6,Neutral
1276,2024-08-11,44,Male,171.2,95.5,13106,723,5.4,62,None,0,2.95,10,Neutral
1231,2024-08-12,26,Female,162.7,68,8429,609.2,4.3,87,None,0,1.35,3,Happy
1825,2024-08-13,39,Male,165.6,68.8,10096,730.1,5.3,64,Cycling,22,2.25,10,Happy
1926,2024-08-14,51,Female,172.9,45,6555,418.7,6,71,Running,23,2.76,8,Neutral
1365,2024-08-15,18,Male,172,67.8,8997,566.9,8.6,75,Gym,74,2.3,6,Happy
1227,2024-08-16,26,Male,182.1,74,11809,597,10,88,Gym,33,2.3,2,Tired
1650,2024-08-17,37,Female,167.2,58.6,17491,898.9,5.6,85,Running,47,2.76,5,Neutral
1435,2024-08-18,36,Female,160.4,54.9,10868,620.2,6.9,76,Walking,82,2.78,3,Neutral
1398,2024-08-19,53,Male,195.8,45,5195,470.4,6.2,87,Walking,58,2.83,4,Tired
1210,2024-08-20,57,Male,171.7,61.2,9456,519.6,7.7,89,Walking,83,1.95,9,Neutral
1390,2024-08-21,21,Male,178.3,91.3,4821,327.3,7.4,70,Running,79,1.51,3,Neutral
1498,2024-08-22,26,Male,175.2,47.8,18060,900,5.7,71,Yoga,39,3.06,5,Neutral
1539,2024-08-23,58,Male,171.9,81.8,12678,675.5,6.1,82,None,0,1.98,8,Tired
1562,2024-08-24,39,Male,167.7,83.2,6178,457,6.8,92,Yoga,33,1.93,9,Happy
1490,2024-08-25,35,Female,150,106.8,11898,690.7,8.8,68,Running,77,1.87,7,Happy
1441,2024-08-26,29,Female,159.4,85.6,6566,423.3,6,57,Yoga,58,3.31,4,Neutral
1260,2024-08-27,59,Female,173.3,84.3,6420,417.5,4.7,81,Walking,77,2.65,9,Happy
1772,2024-08-28,56,Male,150,75.5,1607,320.6,9,89,Yoga,34,2.74,2,Neutral
1349,2024-08-29,26,Male,170.7,70,6674,500.8,7.7,76,Running,22,2.98,2,Tired
1351,2024-08-30,23,Male,176.6,82.8,3394,335,5.3,101,None,0,2.47,4,Tired
1519,2024-08-31,36,Female,178.3,88.7,12051,675.2,7.5,67,Yoga,61,3.21,2,Neutral
1319,2024-09-01,24,Female,176,72.6,9070,578.6,8.2,68,Yoga,34,1.66,3,Neutral
1137,2024-09-02,33,Male,179.6,89.4,11039,660.7,7.1,67,Yoga,22,1.74,5,Neutral
1549,2024-09-03,22,Male,186.1,113.2,3021,383.9,9,76,Yoga,54,1.7,3,Happy
1622,2024-09-04,33,Female,181,71.1,17110,883.4,7.8,76,None,0,2.8,1,Tired
1991,2024-09-05,18,Female,172,71.5,3048,344.1,7.5,67,Running,43,2.85,3,Neutral
1367,2024-09-06,54,Female,168.7,68.6,1893,311.6,7.3,86,Cycling,50,2.17,6,Happy
1219,2024-09-07,56,Male,171.1,72,14043,798.5,7.2,78,Yoga,23,2.34,3,Neutral
1336,2024-09-08,36,Male,167.2,88.3,12792,784.2,8.3,65,Cycling,22,3.39,9,Tired
1222,2024-09-09,54,Male,181.2,71.3,14613,783.9,6.8,81,None,0,2.01,3,Tired
1647,2024-09-10,34,Female,175.7,72.8,15316,784.3,8.4,71,Running,87,2.71,3,Tired
1767,2024-09-11,43,Female,166.2,66.3,7087,465.6,7.5,76,Gym,79,2.02,3,Neutral
1359,2024-09-12,39,Male,183.2,77.3,3933,389.4,7.2,84,Cycling,30,3.27,5,Tired
1920,2024-09-13,25,Male,167.1,62.5,19665,900,6.5,85,Running,55,2.94,7,Neutral
1328,2024-09-14,50,Female,160.5,51.6,9264,684.9,6.6,84,Gym,21,1.52,5,Happy
1961,2024-09-15,19,Male,169.9,76.7,2380,295.8,7.5,75,Yoga,69,2.32,9,Happy
1462,2024-09-16,47,Female,161.8,99.7,17867,866.9,8.5,65,None,0,1.04,6,Happy
1945,2024-09-17,37,Female,179.4,65.7,10221,625,7.8,72,None,0,3.13,1,Neutral
1962,2024-09-18,35,Male,161.5,54.4,12973,795.9,5.9,75,Running,81,3.93,9,Tired
1560,2024-09-19,27,Female,168.8,98.7,14164,725.8,4.6,90,Walking,33,0.97,3,Tired
1803,2024-09-20,41,Male,179.4,70.7,7101,441.8,8.1,70,Gym,42,1.5,8,Neutral
1381,2024-09-21,21,Female,162.9,84.2,5954,428.8,10,77,Walking,35,2.62,3,Happy
1835,2024-09-22,54,Female,174.1,59.1,6953,445.8,6.6,63,None,0,2.49,8,Happy
1589,2024-09-23,21,Male,160.3,70.1,7280,423.7,6.3,78,None,0,2.21,4,Neutral
1616,2024-09-24,30,Female,172.4,91,1778,194.1,8.2,75,Yoga,75,1.28,1,Tired
1168,2024-09-25,42,Male,175.7,72,4475,390.6,5.7,74,Yoga,64,2.73,6,Tired
1216,2024-09-26,30,Male,169.6,72.1,5723,464.7,9.2,83,Cycling,59,3.12,7,Tired
1377,2024-09-27,35,Female,170.3,47.7,15890,800.5,7.6,68,None,0,4.49,8,Tired
1118,2024-09-28,41,Male,174.4,81.8,7713,505,7,89,Yoga,51,3.42,6,Happy
1189,2024-09-29,19,Male,167.2,58.2,9601,593.3,5.8,67,Cycling,20,1.59,1,Tired
1766,2024-09-30,50,Male,178.9,86.8,18443,882.5,8.3,89,Gym,54,2.49,5,Neutral
1369,2024-10-01,36,Male,183.7,73,19693,900,6.3,59,Walking,55,2.91,9,Tired
1777,2024-10-02,26,Male,160.7,74.4,18984,900,8.1,78,Gym,85,2.02,3,Happy
1148,2024-10-03,45,Male,187.7,81.6,13735,775.6,7.6,81,Walking,48,3.05,5,Tired
1675,2024-10-04,52,Female,167,75.6,19617,900,8.9,71,Running,62,2.99,6,Tired
1651,2024-10-05,56,Male,189.9,95.8,10489,740.8,7.2,78,Gym,48,3.37,5,Neutral
1858,2024-10-06,27,Female,167.1,93.4,14974,747.7,10,71,Running,62,3.06,4,Tired
1487,2024-10-07,18,Female,177.1,51.7,17735,864.8,7.8,79,Walking,38,2.7,2,Tired
1769,2024-10-08,59,Male,177,67.4,14724,873.1,7.2,78,None,0,2.05,5,Neutral
1373,2024-10-09,38,Female,166.1,82.5,12414,729.2,6.4,97,None,0,1.59,10,Neutral
1780,2024-10-10,26,Female,170.7,55.9,11623,668.4,8.3,61,Cycling,38,2.65,1,Neutral
1692,2024-10-11,32,Male,184.4,46.5,16395,831.9,6.5,77,Gym,48,2.22,1,Neutral
1159,2024-10-12,52,Male,166.8,58.6,7469,487.2,5.8,71,Gym,26,2.28,8,Happy
1350,2024-10-13,22,Male,165.8,68.3,11705,657.6,6.3,76,Cycling,77,3.29,4,Tired
1911,2024-10-14,58,Female,158.5,45,4166,291.9,6.7,74,Cycling,79,3.46,1,Tired
1287,2024-10-15,39,Female,185.7,53.3,3209,377,10,72,Yoga,70,1.64,2,Happy
1287,2024-10-16,58,Male,165.2,45,9747,489.3,7.4,70,None,0,2.35,5,Neutral
1891,2024-10-17,40,Male,182,87.2,1299,209.5,6,82,Yoga,40,2.2,7,Tired
1225,2024-10-18,24,Female,164,84,14551,760.5,8.6,71,Walking,28,2.72,5,Neutral
1522,2024-10-19,40,Female,181.7,74.2,1563,369.7,7.3,75,None,0,0.91,10,Neutral
1521,2024-10-20,42,Female,178.1,71.5,13201,723,8.9,77,Gym,53,1.48,6,Happy
1782,2024-10-21,44,Female,167.7,78.2,10214,624.4,9.9,68,Cycling,66,2.42,7,Happy
1272,2024-10-22,58,Male,162.7,55,18574,899.1,4.8,81,Cycling,43,3.05,3,Neutral
1935,2024-10-23,23,Female,163.5,88.8,11096,687.3,3.4,65,None,0,2.55,10,Tired
1401,2024-10-24,51,Female,163.3,71.4,11228,796.7,10,80,Running,65,2.97,5,Neutral
1182,2024-10-25,26,Female,180.7,83.8,10218,633.3,6,79,Yoga,70,2.64,8,Tired
1968,2024-10-26,50,Female,171.6,83.1,19802,900,4.5,74,None,0,3.39,6,Neutral
1664,2024-10-27,23,Male,158.8,78,15613,722.9,6.2,64,None,0,3.54,2,Neutral
1487,2024-10-28,54,Male,167.5,74.7,19947,900,5.5,75,Running,72,1.97,9,Tired
1826,2024-10-29,48,Female,168.7,73.6,15093,754.4,5.8,65,Cycling,83,3.12,2,Happy
1845,2024-10-30,51,Female,150,69.1,17653,868.3,8.3,74,Gym,71,2.86,6,Happy
1123,2024-10-31,58,Male,168,77.2,7619,551.3,6.5,83,Gym,79,4.25,2,Neutral
1984,2024-11-01,46,Male,177.2,73.1,10119,581.1,4.6,75,Running,60,1.94,10,Tired
1625,2024-11-02,31,Female,168.6,62.7,5555,417.5,7,88,Yoga,30,2.42,7,Happy
1789,2024-11-03,53,Female,172.5,79.1,14327,810.6,5.7,78,Walking,23,1.78,1,Tired
1413,2024-11-04,53,Male,174.8,74.2,2042,246.4,6.6,83,None,0,1.82,4,Happy
1979,2024-11-05,32,Male,166.6,88.1,6444,393.3,6.7,82,Gym,32,2.77,8,Tired
1724,2024-11-06,25,Male,177.3,45,5188,430.7,8.3,89,Walking,34,2.64,9,Neutral
1171,2024-11-07,43,Male,184.6,70.5,14060,800.1,6.2,62,None,0,2.88,10,Tired
1287,2024-11-08,53,Male,154.8,59.1,11233,620.4,8,70,Yoga,30,2.86,3,Neutral
1434,2024-11-09,38,Male,166.6,62.2,4088,332.2,4.6,75,Running,42,2.34,9,Happy
1685,2024-11-10,45,Female,193.3,78.4,2646,250.8,8.3,83,Yoga,26,2.33,8,Tired
1112,2024-11-11,21,Male,171.7,48.5,14127,800.8,8.9,77,Cycling,88,1.82,4,Happy
1887,2024-11-12,33,Male,169.7,72,1487,355.4,6.7,75,Yoga,51,2.01,1,Happy
1916,2024-11-13,39,Male,167.4,70.5,16453,900,5.8,85,Running,63,2.46,10,Neutral
1994,2024-11-14,29,Male,182.7,54.3,2747,305.3,5.4,72,Running,22,2.64,5,Tired
1121,2024-11-15,33,Female,160.6,72.4,17911,900,7,71,Yoga,63,3,7,Neutral
1543,2024-11-16,57,Female,179.3,58.6,18551,900,8.8,80,None,0,2.93,5,Tired
1221,2024-11-17,55,Male,167.2,103,17278,900,6.4,99,Running,70,3.59,5,Happy
1630,2024-11-18,59,Female,162.5,88,12931,663,8.7,75,Cycling,80,1.82,5,Happy
1038,2024-11-19,54,Female,167.7,71,1483,253.2,5.3,69,Walking,70,2.34,3,Tired
1496,2024-11-20,46,Female,169.5,63.5,1451,311.8,6.5,69,Yoga,52,1.88,6,Happy
1779,2024-11-21,35,Female,165,77.6,5069,443.4,6.9,71,Running,39,3.39,4,Happy
1232,2024-11-22,27,Female,181.1,81.5,14386,803.9,7.3,88,None,0,2.15,10,Neutral
1942,2024-11-23,59,Female,162.6,73.8,8207,549.1,6.5,71,None,0,3.31,2,Happy
1529,2024-11-24,56,Male,171.4,54.8,5397,379.1,8.9,78,None,0,3.52,4,Happy
1148,2024-11-25,35,Male,175.4,66.9,6671,474,8.9,74,Walking,40,2.79,6,Happy
1396,2024-11-26,18,Male,171.3,71.2,19157,900,6.7,62,Cycling,72,2.71,6,Tired
1660,2024-11-27,56,Male,177.7,74.4,10190,595.4,6.2,72,Yoga,30,2.53,9,Happy
1637,2024-11-28,38,Male,165.7,74.7,8412,526.3,6.1,50,Running,29,2.28,8,Neutral
1903,2024-11-29,18,Female,176.2,81,19449,900,8.6,77,Walking,54,2.19,5,Neutral
1301,2024-11-30,32,Male,176.5,90.1,9589,569.3,6,80,Cycling,45,2.4,10,Neutral
1359,2024-12-01,21,Male,179.7,85.2,15929,798.5,4.8,67,Gym,63,3.78,3,Neutral
1237,2024-12-02,37,Female,151.1,78.9,7332,494.5,5,70,Running,23,1.77,4,Happy
1646,2024-12-03,27,Female,175.1,51.1,16979,863.1,8,62,None,0,2.64,5,Neutral
1662,2024-12-04,40,Male,179,87.8,8913,482.8,5,53,None,0,3,1,Tired
1235,2024-12-05,58,Female,165.9,82.3,10995,769.8,6.4,60,Cycling,60,2.3,9,Tired
1735,2024-12-06,51,Female,164.5,66.2,2946,266,7.2,82,Walking,86,2.79,4,Happy
1202,2024-12-07,50,Female,163,70.4,4415,369.9,4.5,72,None,0,1.45,8,Tired
1255,2024-12-08,51,Female,159.7,71,2394,298.8,7.3,77,Yoga,23,3.43,5,Tired
1597,2024-12-09,56,Male,176.7,63.4,16084,816.6,6.5,95,Walking,32,3.29,5,Happy
1661,2024-12-10,27,Female,192.8,45,3421,332.4,4.1,85,None,0,2.43,2,Happy
1234,2024-12-11,37,Male,164.4,53.3,8345,492.9,7.3,80,Yoga,26,1.88,8,Neutral
1344,2024-12-12,18,Male,165.3,56.4,9030,597.6,7.6,70,Cycling,47,3.06,10,Neutral
1533,2024-12-13,30,Female,170.2,45,11980,678.1,7.3,91,Cycling,78,1.7,7,Happy
1859,2024-12-14,18,Female,154,53.3,2844,349.7,7.8,87,Walking,56,1.8,2,Tired
1796,2024-12-15,22,Female,163,87.1,2804,385.7,7.4,84,Walking,34,2.46,6,Happy
1780,2024-12-16,33,Male,169.4,77.3,10081,589.2,8.1,75,Yoga,49,3.56,9,Neutral
1465,2024-12-17,32,Female,161.1,55.4,19887,900,5.6,66,Running,31,2.95,8,Happy
1769,2024-12-18,45,Female,182,59.7,19277,900,4.9,90,Walking,49,2.05,10,Happy
1540,2024-12-19,48,Female,157.1,88.4,19050,900,5.3,84,None,0,1.32,3,Tired
1212,2024-12-20,40,Female,179,88.1,5344,448.3,5.8,73,Running,55,2.53,7,Happy
1462,2024-12-21,34,Female,184.7,71,12833,690.1,10,72,Running,40,2.68,4,Neutral
1435,2024-12-22,51,Male,173.8,87.6,2259,350.2,5.8,63,Running,51,2.45,4,Happy
1282,2024-12-23,30,Female,168.6,58.5,19604,900,6.2,83,Cycling,82,3.76,7,Tired
1561,2024-12-24,31,Female,172.5,73.4,14859,829.5,6.6,77,Cycling,32,2.41,7,Happy
1606,2024-12-25,28,Female,165.6,47.9,12030,731,6.5,79,Running,56,0.9,1,Tired
1462,2024-12-26,45,Male,150,64.5,3447,278.9,9.7,84,Running,63,2.22,1,Happy
1406,2024-12-27,59,Female,160.2,70.4,4129,331.8,4.4,82,Cycling,40,2.82,6,Tired
1087,2024-12-28,49,Male,169.9,45,19282,900,10,66,Yoga,37,2.77,2,Happy
1043,2024-12-29,52,Male,160.6,78.9,8697,601.9,7.2,75,None,0,2.38,3,Happy
1460,2024-12-30,48,Female,165.9,81.4,4949,339.2,8.4,79,Gym,66,2.26,2,Happy
1277,2024-12-31,34,Female,174.8,85.2,11659,682.6,7,80,Walking,45,1.1,2,Happy
1682,2025-01-01,26,Female,171.5,105,9010,596.7,8.2,59,Running,24,2.56,8,Happy
1420,2025-01-02,27,Male,180.6,76.3,17400,900,5.6,65,Cycling,24,2.26,8,Neutral
1700,2025-01-03,25,Male,172.9,69,8959,622.1,5,82,Running,50,2.67,6,Neutral
1352,2025-01-04,38,Male,173.5,46,7241,393.4,10,81,Running,47,2.84,3,Happy
1695,2025-01-05,30,Male,162.9,75.9,15787,861.9,9.9,91,Running,84,3.37,5,Tired
1514,2025-01-06,22,Male,156.7,78.4,8906,547.2,5.4,59,Running,32,1.83,7,Tired
1702,2025-01-07,23,Male,165.9,49.7,14185,692.1,8.1,84,Yoga,37,1.59,5,Neutral
1629,2025-01-08,47,Female,162.7,66.4,14303,718.1,8.7,79,Walking,43,2.1,7,Neutral
1018,2025-01-09,48,Female,168.3,70.2,2266,368.9,8,64,Walking,48,1.99,10,Neutral
1022,2025-01-10,34,Male,159.3,77.9,1478,290.7,6.7,57,Cycling,47,1.92,7,Tired
1412,2025-01-11,28,Female,178.4,82.8,4977,439.2,10,84,Yoga,64,3.51,4,Neutral
1029,2025-01-12,37,Female,162.7,62,7068,530.7,8,65,Yoga,30,2.6,10,Neutral
1806,2025-01-13,26,Male,166.4,73,12736,641.6,5.6,62,Walking,70,3.88,10,Neutral
1107,2025-01-14,19,Male,169.8,78.6,13740,761.9,6.4,80,Cycling,78,2.5,6,Happy
1366,2025-01-15,54,Female,181.2,67.3,8791,606.6,5.4,75,Yoga,32,1.68,9,Happy
1280,2025-01-16,18,Male,187.6,63.7,1485,239.3,6.8,81,Cycling,66,1.93,4,Neutral
1127,2025-01-17,21,Male,188.3,80.7,13280,799.3,6.8,79,Walking,62,3.22,10,Tired
1228,2025-01-18,53,Female,157.2,67.3,5673,396.3,8.1,108,Running,43,1.71,1,Happy
1110,2025-01-19,42,Male,166.3,52,1337,259.7,8.1,82,None,0,2.89,8,Neutral
1135,2025-01-20,20,Female,164.4,90.6,16092,863.6,7.6,82,None,0,2.25,4,Happy
1361,2025-01-21,26,Female,173.7,53.7,3003,357.8,7.5,66,None,0,1.85,8,Tired
1185,2025-01-22,39,Female,173.1,68.6,2471,284.5,8.6,91,Yoga,88,3.47,9,Neutral
1655,2025-01-23,40,Female,164.2,74.8,19426,900,6.7,70,Cycling,73,2.09,8,Neutral
1583,2025-01-24,29,Female,163.4,76.8,12620,726.2,3.4,66,Running,33,1.92,1,Happy
1128,2025-01-25,27,Male,160,72.5,18903,874.2,10,73,Walking,34,2.44,9,Neutral
1875,2025-01-26,51,Male,150,45,7489,591.4,5.6,79,Gym,29,2.14,5,Happy
1260,2025-01-27,27,Male,157,59.5,8856,506.3,8,70,None,0,4.05,8,Tired
1514,2025-01-28,47,Male,178.7,74.4,10365,710.6,6.5,66,Yoga,32,3.24,6,Happy
1448,2025-01-29,39,Female,184.6,68.4,2605,296.3,9.1,66,Yoga,84,2.09,7,Neutral
1899,2025-01-30,23,Female,183.5,77.7,6664,449.4,5.6,77,Cycling,33,2.17,3,Tired
1103,2025-01-31,19,Male,179.1,85.3,6379,475.1,5.9,81,Walking,63,1.09,9,Tired
1482,2025-02-01,47,Female,159.9,77.6,12585,668.5,6.3,81,None,0,2.6,9,Tired
1223,2025-02-02,19,Male,158.2,59.1,3124,230.7,7.8,59,Walking,54,1.98,10,Happy
1831,2025-02-03,49,Male,151.9,61.9,14421,771.4,7.3,67,Yoga,84,2.56,2,Tired
1873,2025-02-04,59,Male,164.2,94.5,5991,458.4,7.8,84,Yoga,46,1.12,4,Neutral
1865,2025-02-05,33,Female,170.9,67.3,7794,588.6,7.2,71,None,0,2.48,4,Tired
1490,2025-02-06,29,Female,159.9,68.6,18830,893.6,8.4,77,None,0,3.69,1,Tired
1472,2025-02-07,18,Female,174.3,77.6,4306,401.3,8.4,101,Cycling,41,2.54,4,Happy
1009,2025-02-08,25,Female,176.5,88.6,19756,900,9.3,52,Cycling,53,1.96,3,Happy
1404,2025-02-09,30,Male,165.3,56.5,17534,900,7.5,74,Gym,28,2.49,2,Neutral
1895,2025-02-10,32,Female,156.6,62.6,16905,900,7.5,82,Running,69,2.46,6,Neutral
1301,2025-02-11,25,Female,183.8,45.9,19043,900,9.7,65,Cycling,73,4.03,3,Happy
1230,2025-02-12,27,Female,170.4,65.6,10070,611.2,8.8,74,Running,77,2.27,10,Tired
1730,2025-02-13,22,Male,189.4,78.5,8199,582.5,7.8,63,Yoga,81,1.66,9,Happy
1922,2025-02-14,36,Male,170.9,64.5,19703,900,4.9,81,Gym,57,2.52,9,Happy
1065,2025-02-15,55,Female,171.6,96.4,15133,744.3,4.5,68,Gym,46,2.64,8,Happy
1936,2025-02-16,28,Female,160.4,71.7,18899,900,7.9,71,Gym,83,2.89,8,Neutral
1111,2025-02-17,37,Female,165.8,68.5,12579,696,8,84,Walking,22,3.03,2,Neutral
1012,2025-02-18,37,Female,154.4,64.7,17973,900,5.9,81,None,0,3.87,6,Neutral
1392,2025-02-19,38,Male,156.6,49.6,1587,250.9,7.5,85,None,0,2.08,4,Neutral
1499,2025-02-20,35,Female,177.4,68.6,7223,493.1,5.6,93,Yoga,48,2.02,10,Tired
1931,2025-02-21,27,Female,167.2,75.4,15197,870.4,7.9,76,Walking,88,1.2,2,Neutral
1597,2025-02-22,51,Female,165.8,68.2,10387,598.5,7.9,96,Walking,27,2.96,2,Neutral
1233,2025-02-23,43,Male,162.6,73.5,5353,487.8,7.9,77,Gym,38,1.88,10,Tired
1601,2025-02-24,47,Male,166.1,59.9,15839,753.3,7.5,88,Walking,87,3.12,7,Tired
1313,2025-02-25,26,Female,181.3,51.3,3605,324.6,6.6,75,Yoga,88,2.16,1,Happy
1565,2025-02-26,48,Female,171.4,68.4,3538,273.3,6.7,83,Yoga,67,3.71,8,Tired
1011,2025-02-27,59,Female,158.2,73.3,14896,801.7,8.7,71,Walking,59,1.5,5,Tired
1208,2025-02-28,21,Female,180.3,67.5,9757,627.8,7.6,88,None,0,3.22,10,Neutral
1973,2025-03-01,23,Female,187.3,73.1,17198,879.9,7.7,87,Yoga,35,3.13,8,Neutral
1013,2025-03-02,31,Male,174.9,81.6,2756,286.5,7.1,73,None,0,2.87,2,Neutral
1632,2025-03-03,21,Male,178.9,81.6,2360,226.4,8,77,Running,27,1.72,1,Neutral
1417,2025-03-04,43,Male,182.2,82.9,19757,900,8.4,66,Walking,24,2.87,2,Tired
1436,2025-03-05,56,Female,153.4,85.1,2195,286.7,6.1,84,Gym,44,2.59,6,Neutral
1376,2025-03-06,34,Male,188.6,77.5,19515,900,7.9,83,Gym,72,1.22,4,Neutral
1019,2025-03-07,36,Male,181,75.3,9009,638.5,6.7,63,Yoga,68,3.59,8,Happy
1586,2025-03-08,23,Male,174.9,99.1,14792,774.1,7.5,97,Yoga,40,2.26,9,Tired
1911,2025-03-09,46,Female,168.7,81.8,16777,825.6,8.3,79,Gym,70,3.54,9,Tired
1754,2025-03-10,28,Female,156.6,57.3,19751,900,4.8,73,Running,65,2.45,5,Tired
1734,2025-03-11,33,Male,166.7,45,16025,798.1,5.4,87,Gym,28,3.19,6,Happy
1069,2025-03-12,47,Female,174.5,66.4,2333,240,6,70,Walking,83,1.9,7,Tired
1823,2025-03-13,42,Male,159,79.4,13836,718.8,5.9,88,Gym,42,2.65,4,Tired
1210,2025-03-14,57,Male,169.3,84.4,4336,494.2,6.8,63,Cycling,79,2.6,10,Neutral
1100,2025-03-15,28,Male,158.2,51.2,9157,508.8,9.5,73,Running,78,2.27,3,Tired
1697,2025-03-16,24,Male,166.2,80.9,4387,300.9,8.8,74,Running,27,1.89,2,Neutral
1131,2025-03-17,43,Female,156.5,87,5713,442.4,6.1,70,Gym,83,0.5,10,Happy
1622,2025-03-18,39,Female,155.4,79.1,6101,440.2,8.3,68,Cycling,73,1.91,4,Neutral
1380,2025-03-19,42,Female,173.4,76.2,3431,370.2,6.9,70,Walking,34,2.99,9,Happy
1131,2025-03-20,36,Female,164.2,68,2016,252.9,7.5,70,Gym,71,1.52,5,Happy
1019,2025-03-21,48,Male,165.1,63.1,18025,877.6,5.5,70,Walking,70,1.67,1,Happy
1905,2025-03-22,43,Female,163.7,81.8,9507,664,5,89,Cycling,23,1.5,5,Neutral
1535,2025-03-23,59,Male,197.2,78.8,1440,177,8.1,79,Gym,53,2.65,6,Happy
1226,2025-03-24,58,Female,176.1,65.1,18522,900,7,74,Gym,43,1.87,10,Neutral
1153,2025-03-25,53,Female,177.1,108.1,15634,859.9,7.8,83,Walking,40,3.35,6,Neutral
1804,2025-03-26,40,Female,162.2,47.4,6243,490.8,9.4,74,Gym,21,3.01,5,Neutral
1741,2025-03-27,30,Male,175,66.5,3303,317,6.6,67,Cycling,26,2.64,8,Happy
1468,2025-03-28,42,Male,167.7,58.4,15986,777,6.7,59,Gym,75,2.71,5,Neutral
1821,2025-03-29,19,Male,162.2,75.8,13334,808.3,9.7,85,Yoga,87,1.97,10,Neutral
1999,2025-03-30,19,Male,189.3,45,15040,779.3,7,53,Cycling,54,1.97,3,Happy
1870,2025-03-31,33,Female,175.7,89,6950,554.5,5.8,60,Running,45,3,3,Neutral
1404,2025-04-01,26,Male,175.2,85.1,8046,540.2,8.1,80,Walking,37,3.14,4,Happy
1201,2025-04-02,45,Male,160.3,74,7606,480,6.6,75,None,0,2.99,10,Happy
1037,2025-04-03,30,Female,157.3,65.3,4421,396.5,5.8,90,None,0,2.17,8,Happy
1941,2025-04-04,52,Female,169.4,80.7,14434,834.9,7.1,69,Cycling,74,2.23,9,Neutral
1771,2025-04-05,58,Male,164.3,74.9,19462,900,8.2,83,None,0,1.85,7,Neutral
1187,2025-04-06,30,Female,176.1,84.3,7103,447.2,5.3,73,Running,56,3.04,2,Tired
1056,2025-04-07,48,Male,176.8,68.2,3200,238.6,5.2,80,Running,71,1.13,9,Tired
1940,2025-04-08,38,Female,170.7,67.3,9227,547.9,6.9,77,Cycling,38,0.96,6,Tired
1019,2025-04-09,49,Male,178.3,86.2,10009,640.7,5.3,80,Running,34,1.1,6,Happy
1272,2025-04-10,51,Male,171.9,79.5,15221,758.3,5.1,77,Running,71,1,6,Tired
1118,2025-04-11,25,Male,161.3,67.4,15108,838.4,7,78,None,0,3.45,1,Neutral
1582,2025-04-12,58,Male,168,75.5,2946,319.2,8.7,64,Yoga,64,3.05,9,Happy
1515,2025-04-13,19,Male,171.4,72.8,4956,435.5,8.2,76,Gym,40,1.66,6,Happy
1220,2025-04-14,55,Female,179.3,77,13543,624.8,6.8,81,None,0,2.43,7,Neutral
1525,2025-04-15,49,Male,172.2,89,19609,900,8.9,74,None,0,3.53,1,Tired
1514,2025-04-16,57,Male,164.3,64.8,8715,525.5,9.6,74,Yoga,67,2.85,5,Tired
1727,2025-04-17,45,Male,179.7,60.3,4325,466.3,7.7,56,Gym,38,3.98,3,Neutral
1740,2025-04-18,54,Male,173.8,74.1,9699,550.2,6.5,90,Running,73,2.42,9,Neutral
1335,2025-04-19,58,Male,185.5,62,4745,383.5,9.3,61,Gym,21,2.04,2,Tired
1697,2025-04-20,18,Female,170.9,56.3,13308,839.9,9.3,69,Yoga,51,1.74,4,Neutral
1054,2025-04-21,58,Female,159.6,84.9,13069,744.2,7.4,67,Walking,81,2.52,3,Tired
1499,2025-04-22,27,Male,181.8,65.7,14489,822.5,8.8,78,Walking,26,3.16,9,Neutral
1899,2025-04-23,21,Female,164.2,45,18789,900,5.8,78,Gym,87,2.57,3,Tired
1887,2025-04-24,52,Male,173,82.7,14348,832.9,3.9,82,Walking,41,2.25,1,Neutral
1765,2025-04-25,27,Female,171.9,63.4,19420,900,5.5,82,Cycling,48,3.38,8,Happy
1535,2025-04-26,28,Female,170.5,78.7,3677,372.2,7.3,92,Walking,22,2.87,1,Happy
1161,2025-04-27,31,Male,168.3,86.3,2744,305.5,6.9,72,Gym,41,2.42,1,Happy
1669,2025-04-28,55,Female,153.5,72.8,12175,715,8.4,67,Running,72,1.96,7,Neutral
1593,2025-04-29,29,Female,160,45,11550,580.7,4.8,73,Yoga,76,2.32,9,Tired
1914,2025-04-30,34,Male,181.2,45,10423,671.4,4.8,64,Walking,29,2.83,4,Tired
1158,2025-05-01,33,Male,174.3,59.9,2177,244.6,8.1,72,Gym,59,1.95,10,Tired
1187,2025-05-02,52,Female,189.1,69.1,1761,256.5,4.8,59,Yoga,39,1.64,4,Happy
1059,2025-05-03,19,Female,159.6,88,5778,497,6.6,67,Cycling,30,2.16,5,Happy
1914,2025-05-04,28,Female,169.7,74.4,7458,553.2,7,58,Running,27,2.47,5,Tired
1816,2025-05-05,58,Male,181.6,109.3,10735,548.3,6,87,None,0,3.45,2,Neutral
1318,2025-05-06,20,Female,164.3,47.6,19317,900,7.9,76,Yoga,44,1.69,9,Neutral
1877,2025-05-07,46,Female,165.1,71.8,8179,559.2,3.9,94,None,0,2.66,10,Tired
1210,2025-05-08,35,Female,167.1,63.3,15849,747,9.7,86,Yoga,81,2.31,9,Tired
1405,2025-05-09,37,Male,165.5,73.5,5444,488.7,6.5,87,Gym,40,2.34,9,Neutral
1663,2025-05-10,31,Male,175.3,96.3,3964,364.5,6.7,74,Cycling,38,3.58,9,Tired
1108,2025-05-11,51,Male,152.2,97.2,10222,679.5,10,80,Walking,44,2.56,1,Neutral
1075,2025-05-12,48,Male,186.4,70.8,13811,715.2,5,66,Cycling,24,1.86,8,Neutral
1541,2025-05-13,57,Female,160.4,82.9,11067,609.9,5.4,70,Running,31,3.12,8,Happy
1313,2025-05-14,59,Male,150,73.2,8224,580.7,9.1,75,None,0,3.07,4,Happy
1997,2025-05-15,35,Female,169.9,53.9,11472,644.1,4.7,58,Walking,24,1.8,10,Happy
1116,2025-05-16,47,Female,166.2,70.2,16126,783,7.7,70,None,0,1.66,1,Tired
1926,2025-05-17,42,Female,168.2,62.4,4101,392.1,6.1,83,Cycling,23,2.79,1,Neutral
1867,2025-05-18,36,Female,173.1,69.1,4897,316.3,4.6,70,Running,64,2.48,1,Tired
1703,2025-05-19,25,Male,176.4,57.2,4678,459.2,7.8,68,Yoga,66,2.17,3,Tired
1018,2025-05-20,45,Male,186.9,72.3,2843,322.9,7.8,71,Yoga,47,3.24,10,Tired
1431,2025-05-21,25,Male,163.1,74.6,19322,900,7,82,None,0,2.09,3,Neutral
1684,2025-05-22,48,Male,177.7,80.6,16958,900,10,79,None,0,2.8,4,Happy
1739,2025-05-23,20,Male,177.1,74.6,8083,581.5,5.8,73,Yoga,31,3.32,2,Neutral
1349,2025-05-24,20,Female,150,94.5,2466,298.8,8.3,75,None,0,2.26,9,Neutral
1182,2025-05-25,39,Male,161.7,102.9,18119,900,7.5,84,Yoga,47,1.22,10,Tired
1112,2025-05-26,34,Male,157.1,63.9,1339,366.2,8.5,88,None,0,2.22,9,Tired
1182,2025-05-27,53,Male,174.5,84.6,12779,727.3,6.2,70,Walking,87,2.63,10,Happy
1480,2025-05-28,34,Male,173.4,101.7,18760,900,4.9,74,None,0,3.2,7,Neutral
1145,2025-05-29,31,Female,173.6,84.9,18088,900,6,87,Yoga,55,2.14,2,Happy
1830,2025-05-30,26,Female,166.9,80.8,4724,332.2,6.9,80,Walking,81,3.71,3,Tired
1627,2025-05-31,47,Female,168,45,9189,581.9,8,61,Walking,58,1.59,8,Tired
1112,2025-06-01,38,Female,169.7,61.6,11334,619.3,7,66,Cycling,60,2.61,9,Happy
1762,2025-06-02,29,Female,166,63.8,1552,220.9,7.3,66,Yoga,79,2.33,4,Happy
1475,2025-06-03,54,Male,177.8,90.8,4491,385.7,9.6,71,Gym,85,3.44,9,Neutral
1762,2025-06-04,49,Female,159.3,59,1789,281.4,7,79,None,0,1.47,4,Happy
1302,2025-06-05,28,Female,162.2,68.7,2173,206.3,6.2,94,Yoga,59,2.8,2,Happy
1970,2025-06-06,37,Female,171.2,82.6,1552,279.3,7.7,74,Gym,38,2.33,7,Neutral
1824,2025-06-07,52,Male,166.3,58.4,5211,395.9,4.4,82,Yoga,74,3.57,9,Tired
1117,2025-06-08,28,Male,158.9,74.2,9823,662.8,4.4,86,Walking,65,1.92,2,Neutral
1812,2025-06-09,25,Female,175.3,72.2,17653,900,6.8,90,Yoga,23,2.79,8,Tired
1160,2025-06-10,21,Male,164.3,83.2,1860,231.6,5.6,86,Yoga,81,1.91,6,Tired
1400,2025-06-11,44,Male,161.6,79.9,1290,317.2,6.1,68,Yoga,44,2.63,9,Happy
1197,2025-06-12,57,Female,168.3,79.4,10649,652.8,8.4,60,Yoga,82,2.24,5,Happy
1259,2025-06-13,55,Male,161.1,73,15344,802.8,7.8,69,Cycling,89,2.23,1,Happy
1659,2025-06-14,47,Male,169.7,45,6870,449.2,6.9,77,None,0,1.11,5,Happy
1751,2025-06-15,44,Male,166.4,72.1,1629,207.8,7.1,68,Cycling,23,2.79,10,Happy
1046,2025-06-16,38,Female,164.9,70.8,8007,459.4,6.4,59,Walking,21,1.74,7,Tired
1986,2025-06-17,37,Female,164.9,81.5,17186,796.1,8.3,63,Walking,86,1.72,7,Neutral
1398,2025-06-18,21,Female,180,63.7,6943,478.8,8.2,105,Gym,49,1.41,4,Happy
1709,2025-06-19,28,Male,173.7,70.6,17858,811.3,8.5,73,Walking,23,1.76,10,Tired
1558,2025-06-20,30,Female,152.9,71.1,5080,359.9,8.4,93,Cycling,67,2.85,6,Happy
1077,2025-06-21,26,Male,178.8,59.3,13972,791.7,7.1,73,Walking,62,2.82,6,Neutral
1123,2025-06-22,21,Male,175.2,52.7,2760,385.1,6,83,Gym,64,2.96,10,Tired
1074,2025-06-23,29,Male,174.6,75.7,12274,633.5,6.7,74,Gym,32,1.78,10,Neutral
1870,2025-06-24,26,Female,178.9,85.1,5708,458.8,7.2,75,Cycling,66,2.65,1,Happy
1136,2025-06-25,30,Female,170.2,60.6,13166,711.2,6,83,Walking,47,2.07,5,Tired
1601,2025-06-26,43,Female,176.2,66.7,4398,350.1,9.4,71,None,0,3.17,7,Neutral
1399,2025-06-27,55,Female,165.4,82.4,15930,844.9,9.5,63,Gym,47,2.8,5,Happy
1836,2025-06-28,59,Male,178.5,83.9,11515,627.9,6.8,67,Walking,46,2.04,8,Happy
1504,2025-06-29,30,Female,172.2,73.5,15705,824,8.5,67,Walking,49,3.23,1,Tired
1499,2025-06-30,56,Male,156.2,76.2,4561,386,7.8,76,None,0,2.86,9,Happy
1572,2025-07-01,45,Female,180.4,78,11607,722.3,6.3,56,Cycling,28,1.53,2,Neutral
1137,2025-07-02,36,Female,168.7,80.7,14018,829.6,7.6,78,Cycling,25,1.33,8,Happy
1049,2025-07-03,41,Female,167.3,53.9,10816,602.7,5.8,88,Walking,48,1.56,5,Neutral
1770,2025-07-04,36,Male,165.6,98.8,18892,900,5.7,70,Yoga,89,3.65,10,Neutral
1972,2025-07-05,30,Male,166.3,74.1,7831,553.5,7.7,68,Yoga,85,1.79,7,Neutral
1618,2025-07-06,30,Male,172.3,80.9,9195,558.8,7.7,95,Running,72,3.81,7,Neutral
1624,2025-07-07,45,Male,160.1,58.6,4447,413.6,10,90,Running,89,1.75,1,Tired
1861,2025-07-08,19,Male,154.3,67.2,14680,832.3,6.8,79,Running,24,1.68,8,Neutral
1253,2025-07-09,27,Female,159.4,75.7,6584,514.3,6.2,68,Cycling,39,3.12,3,Tired
1629,2025-07-10,39,Male,173.8,45,4791,396,8.4,81,Walking,31,3.15,4,Tired
1709,2025-07-11,30,Male,168.4,56.5,10352,555.9,7,65,None,0,2.89,3,Tired
1848,2025-07-12,26,Male,181.1,59.1,18217,900,6,62,None,0,2.97,2,Happy
1876,2025-07-13,50,Male,169.4,50.8,15698,802.6,6.1,80,Gym,68,1.94,7,Neutral
1562,2025-07-14,31,Female,178.4,71.6,11190,686.5,6.7,70,Walking,83,3.08,10,Happy
1756,2025-07-15,37,Male,163.1,68.9,6335,529.7,8.6,55,Walking,69,2.67,5,Neutral
1914,2025-07-16,32,Female,165.6,91.4,7260,568.1,7.6,81,Running,58,2.24,7,Tired
1425,2025-07-17,49,Female,170.1,53.2,16605,900,5.7,90,Walking,59,2.57,1,Happy
1546,2025-07-18,50,Female,168.5,73.5,19559,900,9.8,82,None,0,3.24,10,Happy
1301,2025-07-19,34,Male,167.6,56.8,10573,693.1,5.6,70,Running,22,2.77,2,Tired
1921,2025-07-20,41,Female,161.3,45,3788,372.8,5.9,54,Walking,49,0.99,6,Tired
1580,2025-07-21,47,Male,154.1,78.8,12013,639.3,8.8,76,Gym,48,3.12,6,Tired
1348,2025-07-22,30,Male,176.3,80.1,13369,777.9,9.2,68,Yoga,89,3.07,3,Happy
1831,2025-07-23,33,Male,175.2,78.3,7721,497.8,7.5,66,Yoga,75,2.23,10,Tired
1932,2025-07-24,19,Male,163.9,50.3,8312,435,5.1,56,Cycling,85,2.58,1,Happy
1979,2025-07-25,34,Male,173.8,71.3,15912,787.5,7.1,94,Gym,82,2.58,3,Neutral
1048,2025-07-26,49,Female,168.3,79,5616,421.4,4.9,64,None,0,1.11,4,Tired
1916,2025-07-27,25,Female,181.1,84.3,1995,274.6,10,57,Walking,72,2.22,1,Happy
1073,2025-07-28,20,Male,156.9,79.4,1356,201,7.4,92,Gym,65,2.25,7,Tired
1703,2025-07-29,29,Female,168.7,84.5,2693,345.3,8.2,75,Walking,28,2.39,3,Tired
1260,2025-07-30,37,Male,167.9,86,3590,369.6,6.4,74,Gym,26,2.13,8,Happy
1355,2025-07-31,33,Female,171.6,71.6,10534,549.6,9.7,78,Gym,82,2.96,7,Happy
1581,2025-08-01,31,Female,185.4,77.5,8921,688.5,6.2,79,Yoga,66,1.93,6,Happy
1601,2025-08-02,33,Female,168.8,85,2691,246.9,5.7,77,Gym,63,3.14,8,Tired
1259,2025-08-03,50,Female,177.4,75.9,10274,588.1,7.5,60,Cycling,68,2.93,9,Neutral
1637,2025-08-04,47,Female,168.5,88,19441,900,8.3,59,Walking,81,3.45,2,Neutral
1742,2025-08-05,29,Male,180.7,83.1,3904,333.4,10,68,Running,78,3.71,10,Tired
1294,2025-08-06,32,Male,177.5,60.5,12387,768.2,9.4,70,Gym,32,3.72,9,Tired
1930,2025-08-07,35,Female,166.7,50.4,12609,695.6,8.8,71,Running,49,1.67,10,Happy
1640,2025-08-08,45,Male,165.9,70.3,7937,471.4,6,77,Yoga,62,2.74,5,Neutral
1791,2025-08-09,40,Female,174.9,52.3,19764,900,5.9,72,Running,70,2,1,Neutral
1312,2025-08-10,31,Male,163.4,71.2,9208,423.3,5.7,68,Cycling,27,4.8,1,Neutral
1611,2025-08-11,47,Female,171.9,69.9,16783,898,6.8,79,Cycling,56,2.93,7,Happy
1837,2025-08-12,50,Female,166.4,89.5,9515,645.1,4.1,82,Yoga,83,3.49,6,Neutral
1808,2025-08-13,32,Female,173.7,77.6,3070,207.5,9,67,None,0,2.8,10,Happy
1181,2025-08-14,24,Male,168.4,84.7,18314,900,5.5,61,Cycling,27,0.66,9,Tired
1685,2025-08-15,32,Male,163.1,62.7,13746,667.5,5.3,77,Walking,81,1.95,1,Happy
1827,2025-08-16,59,Female,181.1,92.9,14771,791.5,6.4,71,None,0,2.02,10,Tired
1363,2025-08-17,55,Female,172.4,83.4,13844,865.9,5,83,Cycling,33,2.23,10,Neutral
1187,2025-08-18,28,Male,169.5,76.4,18828,900,8,65,None,0,2.75,10,Tired
1568,2025-08-19,46,Male,174.2,45,13228,718.2,5.6,63,Gym,76,2.85,10,Tired
1542,2025-08-20,48,Male,153.3,87.7,18905,815,7.8,69,Cycling,40,0.66,7,Tired
1595,2025-08-21,42,Male,190.9,96.6,4098,308.6,8.4,80,None,0,2.33,8,Happy
1663,2025-08-22,41,Male,170.2,70.2,19571,900,6.2,71,Walking,23,2.16,10,Happy
1984,2025-08-23,36,Female,150.4,70.5,19952,900,5.9,74,Yoga,62,3.47,4,Happy
1547,2025-08-24,19,Male,182,62.2,11985,696.6,5.8,70,Cycling,30,2.91,1,Tired
1724,2025-08-25,39,Female,162.5,45.5,9283,609.7,5.4,85,Walking,38,2.37,3,Tired
1925,2025-08-26,37,Female,180.4,61.6,14555,736.9,6.4,80,Gym,84,2.66,2,Tired
1407,2025-08-27,50,Male,171.2,94.9,5940,439.6,7.1,60,Running,21,1.32,3,Neutral
1875,2025-08-28,25,Male,154.3,86.2,5762,405.7,4.9,84,Running,68,2.96,6,Happy
1617,2025-08-29,42,Female,172.6,58.4,2753,263.2,6,81,Yoga,88,2.22,10,Neutral
1413,2025-08-30,26,Male,171.9,61.3,6054,398.6,7.2,86,Yoga,53,1.93,3,Neutral
1341,2025-08-31,51,Female,181.5,102,14276,798.1,7.1,70,Running,23,3.42,10,Neutral
1219,2025-09-01,40,Male,175.2,54.7,6781,343,3,66,Running,58,2.69,4,Tired
1902,2025-09-02,22,Male,157.6,59.3,17471,806.1,8,74,Yoga,68,2.03,1,Happy
1162,2025-09-03,42,Male,180,63.6,19025,900,8.9,77,Running,22,2.08,6,Neutral
1950,2025-09-04,25,Female,165.9,49.6,3962,325.3,6.1,87,Cycling,45,2.76,2,Happy
1219,2025-09-05,33,Male,187.2,61.9,6413,530,4.4,81,None,0,2.7,4,Happy
1269,2025-09-06,32,Female,166.5,62.2,8420,533.6,5.9,76,Walking,84,2.52,5,Tired
1631,2025-09-07,18,Male,167.9,56.5,9742,561.6,5.8,74,None,0,1.66,5,Neutral
1905,2025-09-08,39,Female,161.8,89.9,11638,698.4,8.8,75,Yoga,77,1.76,4,Tired
1847,2025-09-09,20,Male,165,52.5,7910,520.4,5.4,71,Walking,54,1.98,3,Happy
1399,2025-09-10,55,Female,162.4,67.9,11482,650.3,6.5,82,Gym,35,2.36,4,Neutral
1181,2025-09-11,31,Female,181.8,56.8,13029,719,9.5,60,Gym,52,2.47,3,Happy
1990,2025-09-12,53,Female,156.7,66.9,9815,612.3,7.2,75,Cycling,50,2.39,3,Happy
1617,2025-09-13,35,Female,178,56.1,4757,355.9,7.3,85,Gym,41,2.42,4,Tired
1728,2025-09-14,58,Female,178.3,71.1,5796,407.7,6.8,64,Yoga,80,3.82,9,Neutral
1204,2025-09-15,35,Female,183.8,74.8,4292,322.8,8.5,94,Cycling,83,3.09,9,Tired
1581,2025-09-16,20,Male,170.4,91,4832,332.9,7.6,64,None,0,3.33,8,Tired
1555,2025-09-17,27,Female,159.7,61.2,3611,436.9,9.8,70,Cycling,54,2.82,4,Happy
1840,2025-09-18,56,Female,168.3,94.3,9353,528.8,9.9,85,Yoga,58,2.55,2,Neutral
1812,2025-09-19,18,Female,175.9,57.9,11274,700.9,7.5,90,Running,22,2.79,9,Neutral
1227,2025-09-20,44,Male,170.8,66.4,9228,551.3,6.9,79,Walking,32,2.66,6,Neutral
1695,2025-09-21,44,Male,173.7,96.5,12068,709.7,7.2,78,Yoga,33,3.07,8,Tired
1618,2025-09-22,28,Male,183.7,113.5,4346,373.7,6.2,93,Running,60,1.82,4,Tired
1595,2025-09-23,22,Female,175.8,95.3,5054,312.6,7.2,61,Running,27,3.01,8,Tired
1849,2025-09-24,24,Male,172,66.6,16992,881.1,4.8,58,Gym,38,2.62,6,Happy
1249,2025-09-25,36,Male,151.6,77.7,5200,438.3,5.9,56,None,0,1.24,6,Tired
1874,2025-09-26,46,Female,162.2,80.2,15491,771.9,8.2,66,Cycling,69,2.56,6,Neutral
1440,2025-09-27,32,Female,166,75.2,9527,697.2,7.8,68,Cycling,80,1.59,9,Happy
1532,2025-09-28,52,Male,150.2,54.9,15245,850.4,6.8,79,Gym,55,2.13,1,Neutral
1195,2025-09-29,54,Female,158.9,73.5,11535,702.4,7.6,85,Gym,86,2.39,1,Tired
1689,2025-09-30,29,Female,167.3,62.4,18944,900,9.3,84,Cycling,64,1.45,5,Neutral
1928,2025-10-01,47,Female,168.9,55.5,8522,424.2,6.4,84,Yoga,26,2.46,1,Happy
1986,2025-10-02,37,Female,175.1,65.3,14173,802.2,4.8,65,Yoga,41,2.55,10,Tired
1518,2025-10-03,54,Male,167.9,74.7,5164,520.4,7.9,79,Yoga,28,3.03,9,Happy
1069,2025-10-04,20,Female,172.5,85,13438,775.5,7.8,68,Yoga,79,2.18,4,Tired
1638,2025-10-05,26,Male,165.8,66.2,5852,420.9,8.1,81,Gym,61,2.69,2,Happy
1398,2025-10-06,58,Male,170.4,68.8,7713,452.8,5.2,75,Walking,78,2.43,3,Happy
1977,2025-10-07,56,Male,174.5,82.1,4183,306.7,4.7,84,Walking,59,2.21,9,Neutral
1671,2025-10-08,43,Male,184.7,71.1,9032,494.7,7.4,99,Cycling,48,1.33,8,Tired
1759,2025-10-09,19,Female,164.9,75.7,15275,791,7.3,75,Walking,74,2.42,3,Tired
1202,2025-10-10,40,Female,171.4,71.2,19793,900,6.5,64,Yoga,83,3.02,8,Tired
1147,2025-10-11,40,Female,178.7,73,5298,404.3,9.2,59,Gym,61,1.85,4,Happy
1471,2025-10-12,38,Male,155.6,53.8,19918,900,7,66,Yoga,48,2.35,6,Neutral
1654,2025-10-13,33,Male,190,71.8,6599,378,8.8,86,Running,40,2.45,4,Neutral
1943,2025-10-14,26,Male,181.8,91.4,1003,201.9,8.3,80,Gym,82,3.27,5,Tired
1198,2025-10-15,30,Female,152.9,72.5,14440,748.6,5.4,77,Running,82,2.52,10,Tired
1916,2025-10-16,45,Male,173.7,57.5,12289,661.2,5.7,79,Running,57,2.7,9,Happy
1425,2025-10-17,44,Female,164.4,92.1,12040,682.5,5.1,82,Cycling,85,2.49,2,Happy
1665,2025-10-18,34,Female,166,80.8,14264,776.8,7.6,59,Running,31,2.16,9,Happy
1491,2025-10-19,55,Female,173.5,81.5,17410,875.2,7.1,85,Walking,52,1.71,3,Neutral
1887,2025-10-20,53,Female,180.5,81.1,6161,412.8,9,79,Walking,20,2.3,5,Happy
1895,2025-10-21,18,Male,165.3,53.1,1964,277.5,7.9,61,Running,87,2.78,7,Happy
1141,2025-10-22,35,Female,165.5,79.7,16942,900,5.1,78,Cycling,47,2.59,2,Happy
1312,2025-10-23,26,Male,173.7,90.8,17455,825.4,6.3,62,Running,81,3.54,4,Tired
1164,2025-10-24,30,Female,175.7,62.8,6601,520.6,3.8,80,Gym,78,3.16,1,Happy
1313,2025-10-25,57,Male,159.9,45,15184,725.7,7.4,76,Gym,68,3.37,3,Tired
1020,2025-10-26,32,Male,187.2,75.5,3947,376,10,65,Gym,64,1.08,6,Neutral
1081,2025-10-27,21,Female,163.6,70.5,11507,712.8,7.2,79,Gym,25,3.61,2,Neutral
1580,2025-10-28,50,Female,179.6,46.8,13089,657.4,7.3,83,Running,39,2.69,8,Tired
1130,2025-10-29,41,Female,174.5,79.1,7238,507.1,7,69,Yoga,35,2.79,7,Tired
1598,2025-10-30,53,Male,176.1,78,14156,713.9,7.5,83,Yoga,31,3.13,3,Happy
1729,2025-10-31,58,Female,163.8,48,3411,395,6.8,72,None,0,2.51,1,Happy
1932,2025-11-01,27,Female,152.8,98.3,16674,787,7.9,84,Gym,39,1.75,10,Neutral
1983,2025-11-02,53,Male,169.8,81.3,9308,527.7,5.8,74,None,0,3.51,4,Neutral
1304,2025-11-03,37,Female,169.8,45,11403,662.7,5.9,87,None,0,1.96,4,Neutral
1914,2025-11-04,58,Male,160.4,82.3,3924,392.5,5.1,66,Cycling,21,1.81,5,Neutral
1370,2025-11-05,28,Female,179.2,81.8,3837,358.1,7,66,Cycling,53,2.34,3,Happy
1856,2025-11-06,29,Male,169.5,91.2,1576,287.8,5.3,67,Running,45,2.23,2,Happy
1852,2025-11-07,35,Male,161.9,60.6,15641,798.2,9.2,76,Yoga,52,2.5,2,Neutral
1383,2025-11-08,47,Female,175.9,82.5,9963,544,6.4,73,Running,61,2.43,8,Happy
1907,2025-11-09,54,Male,176.1,66.5,9391,648.9,4,78,Walking,84,3.44,7,Happy
1444,2025-11-10,37,Female,162.8,61.7,19139,900,5.3,63,Gym,27,2.82,1,Tired
1424,2025-11-11,42,Female,182.3,57,9371,550.5,7.2,68,Walking,84,1.9,9,Tired
1160,2025-11-12,29,Male,192.4,45,19789,900,8,88,Walking,29,2,3,Neutral
1177,2025-11-13,38,Female,159.1,78.1,7883,576.5,7.5,79,None,0,2.23,3,Neutral
1628,2025-11-14,42,Male,168.2,65.9,16658,900,5.8,81,Cycling,70,2.23,1,Neutral
1707,2025-11-15,28,Male,173.4,45,7139,474.7,6.1,72,Yoga,76,2.14,4,Neutral
1894,2025-11-16,26,Male,192.8,71.1,15184,774.3,6,78,None,0,1.73,10,Neutral
1489,2025-11-17,42,Male,162.7,87.4,13965,745.6,7.8,70,None,0,2.7,2,Happy
1326,2025-11-18,52,Male,160.6,50.4,11493,649.2,7.2,56,Gym,50,2.18,3,Tired
1597,2025-11-19,49,Male,160.5,59.3,2119,323.2,6.3,85,Running,82,1.83,1,Tired
1288,2025-11-20,31,Male,182.2,76.6,3214,271.7,6,77,Gym,87,2.84,3,Tired
1592,2025-11-21,18,Male,162.9,45,9000,530.8,6.2,68,Running,75,3.09,4,Happy
1663,2025-11-22,34,Female,161.5,62,9065,553.4,7,75,Running,31,2.33,6,Happy
1572,2025-11-23,42,Female,172.3,75.2,11103,657,9,70,Yoga,50,3.75,3,Happy
1572,2025-11-24,25,Male,173.1,61.6,2085,326.7,7.3,90,Walking,42,4.05,6,Tired
1353,2025-11-25,22,Female,180.7,50.5,17557,900,6.5,82,Running,52,2.85,2,Tired
1027,2025-11-26,22,Female,170.9,51.2,14564,870.2,6.4,64,Yoga,27,2.17,8,Tired
1953,2025-11-27,58,Female,172.5,45.8,4532,331.7,9.6,62,Walking,81,2.69,5,Tired
1042,2025-11-28,52,Female,168.9,60.5,18622,900,8.2,78,None,0,1.64,1,Tired
1680,2025-11-29,36,Female,157,85.8,5834,385.7,8.5,76,None,0,1.89,6,Happy
1422,2025-11-30,40,Female,168,105.4,13008,700.6,8.1,80,Walking,71,1.32,3,Happy
1597,2025-12-01,26,Male,170.6,70.5,13962,777.8,6.9,74,Gym,45,2.06,4,Tired
1176,2025-12-02,47,Female,165.6,81.5,15461,877.3,8.8,69,Gym,31,1.64,10,Happy
1528,2025-12-03,33,Female,154.4,55.9,15588,803.8,4.8,80,Gym,46,2.94,8,Tired
1609,2025-12-04,50,Female,158.7,45,9012,580.1,9.3,81,Cycling,87,1.98,8,Tired
1965,2025-12-05,19,Female,169.6,97.8,19357,900,8.1,88,Walking,49,2.69,8,Tired
1493,2025-12-06,31,Male,179.3,61.1,19628,870.3,7.7,82,Cycling,23,3.02,5,Happy
1197,2025-12-07,18,Male,186.8,80.8,10849,632,5.9,67,Gym,73,3.32,1,Neutral
1609,2025-12-08,43,Male,168.2,72.4,9604,522.1,8.4,78,Yoga,53,2.25,9,Neutral
1576,2025-12-09,42,Male,162.8,84.9,14767,854.3,8.7,72,Gym,87,2.72,9,Neutral
1841,2025-12-10,33,Female,166.3,84.3,16111,900,5.9,66,Running,75,2.74,8,Neutral
1852,2025-12-11,32,Male,159.5,74.2,8221,487,6,57,Yoga,37,3.39,3,Neutral
1516,2025-12-12,43,Male,177.9,75.8,8814,503.1,5.4,97,Yoga,66,3.05,6,Happy
1513,2025-12-13,33,Male,191.4,88.2,12602,672.6,7.8,69,Walking,79,3.41,7,Tired
